ISO-10303-21;
HEADER;
FILE_DESCRIPTION((''),'2;1');
FILE_NAME('SON_ASM','2020-06-01T09:40:19',('a0412086'),(''),
'CREO PARAMETRIC BY PTC INC, 2019292','CREO PARAMETRIC BY PTC INC, 2019292','');
FILE_SCHEMA(('AUTOMOTIVE_DESIGN { 1 0 10303 214 1 1 1 1 }'));
ENDSEC;
DATA;
#31=DIRECTION('',(0.E0,0.E0,-1.E0));
#32=VECTOR('',#31,3.E-1);
#33=CARTESIAN_POINT('',(-1.5E0,0.E0,-8.25E-1));
#34=LINE('',#33,#32);
#35=DRAUGHTING_PRE_DEFINED_CURVE_FONT('continuous');
#36=CURVE_STYLE('',#35,POSITIVE_LENGTH_MEASURE(2.E-2),#28);
#37=PRESENTATION_STYLE_ASSIGNMENT((#36));
#38=STYLED_ITEM('',(#37),#34);
#39=DIRECTION('',(1.E0,0.E0,0.E0));
#40=VECTOR('',#39,2.51E-1);
#41=CARTESIAN_POINT('',(-1.5E0,0.E0,-8.25E-1));
#42=LINE('',#41,#40);
#43=CURVE_STYLE('',#35,POSITIVE_LENGTH_MEASURE(2.E-2),#28);
#44=PRESENTATION_STYLE_ASSIGNMENT((#43));
#45=STYLED_ITEM('',(#44),#42);
#46=CARTESIAN_POINT('',(-1.249E0,0.E0,-9.74E-1));
#47=DIRECTION('',(0.E0,1.E0,0.E0));
#48=DIRECTION('',(0.E0,0.E0,1.E0));
#49=AXIS2_PLACEMENT_3D('',#46,#47,#48);
#51=CURVE_STYLE('',#35,POSITIVE_LENGTH_MEASURE(2.E-2),#28);
#52=PRESENTATION_STYLE_ASSIGNMENT((#51));
#53=STYLED_ITEM('',(#52),#50);
#54=DIRECTION('',(0.E0,0.E0,-1.E0));
#55=VECTOR('',#54,2.E-3);
#56=CARTESIAN_POINT('',(-1.1E0,0.E0,-9.74E-1));
#57=LINE('',#56,#55);
#58=CURVE_STYLE('',#35,POSITIVE_LENGTH_MEASURE(2.E-2),#28);
#59=PRESENTATION_STYLE_ASSIGNMENT((#58));
#60=STYLED_ITEM('',(#59),#57);
#61=CARTESIAN_POINT('',(-1.249E0,0.E0,-9.76E-1));
#62=DIRECTION('',(0.E0,1.E0,0.E0));
#63=DIRECTION('',(1.E0,0.E0,0.E0));
#64=AXIS2_PLACEMENT_3D('',#61,#62,#63);
#66=CURVE_STYLE('',#35,POSITIVE_LENGTH_MEASURE(2.E-2),#28);
#67=PRESENTATION_STYLE_ASSIGNMENT((#66));
#68=STYLED_ITEM('',(#67),#65);
#69=DIRECTION('',(-1.E0,0.E0,0.E0));
#70=VECTOR('',#69,2.51E-1);
#71=CARTESIAN_POINT('',(-1.249E0,0.E0,-1.125E0));
#72=LINE('',#71,#70);
#73=CURVE_STYLE('',#35,POSITIVE_LENGTH_MEASURE(2.E-2),#28);
#74=PRESENTATION_STYLE_ASSIGNMENT((#73));
#75=STYLED_ITEM('',(#74),#72);
#76=DIRECTION('',(0.E0,1.E0,0.E0));
#77=VECTOR('',#76,2.E-1);
#78=CARTESIAN_POINT('',(-1.5E0,0.E0,-1.125E0));
#79=LINE('',#78,#77);
#80=CURVE_STYLE('',#35,POSITIVE_LENGTH_MEASURE(2.E-2),#28);
#81=PRESENTATION_STYLE_ASSIGNMENT((#80));
#82=STYLED_ITEM('',(#81),#79);
#83=DIRECTION('',(0.E0,1.E0,0.E0));
#84=VECTOR('',#83,2.E-1);
#85=CARTESIAN_POINT('',(-1.249E0,0.E0,-1.125E0));
#86=LINE('',#85,#84);
#87=CURVE_STYLE('',#35,POSITIVE_LENGTH_MEASURE(2.E-2),#28);
#88=PRESENTATION_STYLE_ASSIGNMENT((#87));
#89=STYLED_ITEM('',(#88),#86);
#90=DIRECTION('',(0.E0,1.E0,0.E0));
#91=VECTOR('',#90,2.E-1);
#92=CARTESIAN_POINT('',(-1.1E0,0.E0,-9.76E-1));
#93=LINE('',#92,#91);
#94=CURVE_STYLE('',#35,POSITIVE_LENGTH_MEASURE(2.E-2),#28);
#95=PRESENTATION_STYLE_ASSIGNMENT((#94));
#96=STYLED_ITEM('',(#95),#93);
#97=DIRECTION('',(0.E0,1.E0,0.E0));
#98=VECTOR('',#97,2.E-1);
#99=CARTESIAN_POINT('',(-1.1E0,0.E0,-9.74E-1));
#100=LINE('',#99,#98);
#101=CURVE_STYLE('',#35,POSITIVE_LENGTH_MEASURE(2.E-2),#28);
#102=PRESENTATION_STYLE_ASSIGNMENT((#101));
#103=STYLED_ITEM('',(#102),#100);
#104=DIRECTION('',(0.E0,1.E0,0.E0));
#105=VECTOR('',#104,2.E-1);
#106=CARTESIAN_POINT('',(-1.249E0,0.E0,-8.25E-1));
#107=LINE('',#106,#105);
#108=CURVE_STYLE('',#35,POSITIVE_LENGTH_MEASURE(2.E-2),#28);
#109=PRESENTATION_STYLE_ASSIGNMENT((#108));
#110=STYLED_ITEM('',(#109),#107);
#111=DIRECTION('',(0.E0,1.E0,0.E0));
#112=VECTOR('',#111,2.E-1);
#113=CARTESIAN_POINT('',(-1.5E0,0.E0,-8.25E-1));
#114=LINE('',#113,#112);
#115=CURVE_STYLE('',#35,POSITIVE_LENGTH_MEASURE(2.E-2),#28);
#116=PRESENTATION_STYLE_ASSIGNMENT((#115));
#117=STYLED_ITEM('',(#116),#114);
#118=DIRECTION('',(0.E0,0.E0,-1.E0));
#119=VECTOR('',#118,3.E-1);
#120=CARTESIAN_POINT('',(-1.5E0,2.E-1,-8.25E-1));
#121=LINE('',#120,#119);
#122=CURVE_STYLE('',#35,POSITIVE_LENGTH_MEASURE(2.E-2),#28);
#123=PRESENTATION_STYLE_ASSIGNMENT((#122));
#124=STYLED_ITEM('',(#123),#121);
#125=DIRECTION('',(-1.E0,0.E0,0.E0));
#126=VECTOR('',#125,2.51E-1);
#127=CARTESIAN_POINT('',(-1.249E0,2.E-1,-1.125E0));
#128=LINE('',#127,#126);
#129=CURVE_STYLE('',#35,POSITIVE_LENGTH_MEASURE(2.E-2),#28);
#130=PRESENTATION_STYLE_ASSIGNMENT((#129));
#131=STYLED_ITEM('',(#130),#128);
#132=CARTESIAN_POINT('',(-1.249E0,2.E-1,-9.76E-1));
#133=DIRECTION('',(0.E0,1.E0,0.E0));
#134=DIRECTION('',(1.E0,0.E0,0.E0));
#135=AXIS2_PLACEMENT_3D('',#132,#133,#134);
#137=CURVE_STYLE('',#35,POSITIVE_LENGTH_MEASURE(2.E-2),#28);
#138=PRESENTATION_STYLE_ASSIGNMENT((#137));
#139=STYLED_ITEM('',(#138),#136);
#140=DIRECTION('',(0.E0,0.E0,-1.E0));
#141=VECTOR('',#140,2.E-3);
#142=CARTESIAN_POINT('',(-1.1E0,2.E-1,-9.74E-1));
#143=LINE('',#142,#141);
#144=CURVE_STYLE('',#35,POSITIVE_LENGTH_MEASURE(2.E-2),#28);
#145=PRESENTATION_STYLE_ASSIGNMENT((#144));
#146=STYLED_ITEM('',(#145),#143);
#147=CARTESIAN_POINT('',(-1.249E0,2.E-1,-9.74E-1));
#148=DIRECTION('',(0.E0,1.E0,0.E0));
#149=DIRECTION('',(0.E0,0.E0,1.E0));
#150=AXIS2_PLACEMENT_3D('',#147,#148,#149);
#152=CURVE_STYLE('',#35,POSITIVE_LENGTH_MEASURE(2.E-2),#28);
#153=PRESENTATION_STYLE_ASSIGNMENT((#152));
#154=STYLED_ITEM('',(#153),#151);
#155=DIRECTION('',(1.E0,0.E0,0.E0));
#156=VECTOR('',#155,2.51E-1);
#157=CARTESIAN_POINT('',(-1.5E0,2.E-1,-8.25E-1));
#158=LINE('',#157,#156);
#159=CURVE_STYLE('',#35,POSITIVE_LENGTH_MEASURE(2.E-2),#28);
#160=PRESENTATION_STYLE_ASSIGNMENT((#159));
#161=STYLED_ITEM('',(#160),#158);
#162=CARTESIAN_POINT('',(-1.249E0,0.E0,-8.25E-1));
#163=CARTESIAN_POINT('',(-1.1E0,0.E0,-9.74E-1));
#164=VERTEX_POINT('',#162);
#165=VERTEX_POINT('',#163);
#166=CARTESIAN_POINT('',(-1.1E0,0.E0,-9.76E-1));
#167=VERTEX_POINT('',#166);
#168=CARTESIAN_POINT('',(-1.249E0,0.E0,-1.125E0));
#169=VERTEX_POINT('',#168);
#170=CARTESIAN_POINT('',(-1.249E0,2.E-1,-8.25E-1));
#171=CARTESIAN_POINT('',(-1.1E0,2.E-1,-9.74E-1));
#172=VERTEX_POINT('',#170);
#173=VERTEX_POINT('',#171);
#174=CARTESIAN_POINT('',(-1.1E0,2.E-1,-9.76E-1));
#175=VERTEX_POINT('',#174);
#176=CARTESIAN_POINT('',(-1.249E0,2.E-1,-1.125E0));
#177=VERTEX_POINT('',#176);
#178=CARTESIAN_POINT('',(-1.5E0,0.E0,-8.25E-1));
#179=CARTESIAN_POINT('',(-1.5E0,0.E0,-1.125E0));
#180=VERTEX_POINT('',#178);
#181=VERTEX_POINT('',#179);
#182=CARTESIAN_POINT('',(-1.5E0,2.E-1,-8.25E-1));
#183=CARTESIAN_POINT('',(-1.5E0,2.E-1,-1.125E0));
#184=VERTEX_POINT('',#182);
#185=VERTEX_POINT('',#183);
#186=CARTESIAN_POINT('',(0.E0,0.E0,0.E0));
#187=DIRECTION('',(0.E0,1.E0,0.E0));
#188=DIRECTION('',(1.E0,0.E0,0.E0));
#189=AXIS2_PLACEMENT_3D('',#186,#187,#188);
#190=PLANE('',#189);
#192=ORIENTED_EDGE('',*,*,#191,.F.);
#194=ORIENTED_EDGE('',*,*,#193,.T.);
#196=ORIENTED_EDGE('',*,*,#195,.T.);
#198=ORIENTED_EDGE('',*,*,#197,.T.);
#200=ORIENTED_EDGE('',*,*,#199,.T.);
#202=ORIENTED_EDGE('',*,*,#201,.T.);
#203=EDGE_LOOP('',(#192,#194,#196,#198,#200,#202));
#204=FACE_OUTER_BOUND('',#203,.F.);
#206=CARTESIAN_POINT('',(-1.5E0,0.E0,1.5E0));
#207=DIRECTION('',(1.E0,0.E0,0.E0));
#208=DIRECTION('',(0.E0,0.E0,-1.E0));
#209=AXIS2_PLACEMENT_3D('',#206,#207,#208);
#210=PLANE('',#209);
#211=ORIENTED_EDGE('',*,*,#191,.T.);
#213=ORIENTED_EDGE('',*,*,#212,.T.);
#215=ORIENTED_EDGE('',*,*,#214,.F.);
#217=ORIENTED_EDGE('',*,*,#216,.F.);
#218=EDGE_LOOP('',(#211,#213,#215,#217));
#219=FACE_OUTER_BOUND('',#218,.F.);
#221=FILL_AREA_STYLE_COLOUR('',#29);
#222=FILL_AREA_STYLE('',(#221));
#223=SURFACE_STYLE_FILL_AREA(#222);
#224=SURFACE_SIDE_STYLE('',(#223));
#225=SURFACE_STYLE_USAGE(.POSITIVE.,#224);
#226=FILL_AREA_STYLE_COLOUR('',#28);
#227=FILL_AREA_STYLE('',(#226));
#228=SURFACE_STYLE_FILL_AREA(#227);
#229=SURFACE_SIDE_STYLE('',(#228));
#230=SURFACE_STYLE_USAGE(.NEGATIVE.,#229);
#231=PRESENTATION_STYLE_ASSIGNMENT((#225,#230));
#232=OVER_RIDING_STYLED_ITEM('',(#231),#220,#30);
#233=CARTESIAN_POINT('',(-1.249E0,0.E0,-1.125E0));
#234=DIRECTION('',(0.E0,0.E0,-1.E0));
#235=DIRECTION('',(-1.E0,0.E0,0.E0));
#236=AXIS2_PLACEMENT_3D('',#233,#234,#235);
#237=PLANE('',#236);
#238=ORIENTED_EDGE('',*,*,#212,.F.);
#239=ORIENTED_EDGE('',*,*,#201,.F.);
#241=ORIENTED_EDGE('',*,*,#240,.T.);
#243=ORIENTED_EDGE('',*,*,#242,.T.);
#244=EDGE_LOOP('',(#238,#239,#241,#243));
#245=FACE_OUTER_BOUND('',#244,.F.);
#247=CARTESIAN_POINT('',(-1.249E0,0.E0,-9.76E-1));
#248=DIRECTION('',(0.E0,1.E0,0.E0));
#249=DIRECTION('',(1.E0,0.E0,0.E0));
#250=AXIS2_PLACEMENT_3D('',#247,#248,#249);
#251=CYLINDRICAL_SURFACE('',#250,1.49E-1);
#252=ORIENTED_EDGE('',*,*,#199,.F.);
#254=ORIENTED_EDGE('',*,*,#253,.T.);
#256=ORIENTED_EDGE('',*,*,#255,.T.);
#257=ORIENTED_EDGE('',*,*,#240,.F.);
#258=EDGE_LOOP('',(#252,#254,#256,#257));
#259=FACE_OUTER_BOUND('',#258,.F.);
#261=CARTESIAN_POINT('',(-1.1E0,0.E0,-9.74E-1));
#262=DIRECTION('',(1.E0,0.E0,0.E0));
#263=DIRECTION('',(0.E0,0.E0,-1.E0));
#264=AXIS2_PLACEMENT_3D('',#261,#262,#263);
#265=PLANE('',#264);
#266=ORIENTED_EDGE('',*,*,#197,.F.);
#268=ORIENTED_EDGE('',*,*,#267,.T.);
#270=ORIENTED_EDGE('',*,*,#269,.T.);
#271=ORIENTED_EDGE('',*,*,#253,.F.);
#272=EDGE_LOOP('',(#266,#268,#270,#271));
#273=FACE_OUTER_BOUND('',#272,.F.);
#275=CARTESIAN_POINT('',(-1.249E0,0.E0,-9.74E-1));
#276=DIRECTION('',(0.E0,1.E0,0.E0));
#277=DIRECTION('',(1.E0,0.E0,0.E0));
#278=AXIS2_PLACEMENT_3D('',#275,#276,#277);
#279=CYLINDRICAL_SURFACE('',#278,1.49E-1);
#280=ORIENTED_EDGE('',*,*,#195,.F.);
#282=ORIENTED_EDGE('',*,*,#281,.T.);
#284=ORIENTED_EDGE('',*,*,#283,.T.);
#285=ORIENTED_EDGE('',*,*,#267,.F.);
#286=EDGE_LOOP('',(#280,#282,#284,#285));
#287=FACE_OUTER_BOUND('',#286,.F.);
#289=CARTESIAN_POINT('',(-1.6E0,0.E0,-8.25E-1));
#290=DIRECTION('',(0.E0,0.E0,1.E0));
#291=DIRECTION('',(1.E0,0.E0,0.E0));
#292=AXIS2_PLACEMENT_3D('',#289,#290,#291);
#293=PLANE('',#292);
#294=ORIENTED_EDGE('',*,*,#216,.T.);
#296=ORIENTED_EDGE('',*,*,#295,.T.);
#297=ORIENTED_EDGE('',*,*,#281,.F.);
#298=ORIENTED_EDGE('',*,*,#193,.F.);
#299=EDGE_LOOP('',(#294,#296,#297,#298));
#300=FACE_OUTER_BOUND('',#299,.F.);
#302=CARTESIAN_POINT('',(0.E0,2.E-1,0.E0));
#303=DIRECTION('',(0.E0,1.E0,0.E0));
#304=DIRECTION('',(1.E0,0.E0,0.E0));
#305=AXIS2_PLACEMENT_3D('',#302,#303,#304);
#306=PLANE('',#305);
#307=ORIENTED_EDGE('',*,*,#214,.T.);
#308=ORIENTED_EDGE('',*,*,#242,.F.);
#309=ORIENTED_EDGE('',*,*,#255,.F.);
#310=ORIENTED_EDGE('',*,*,#269,.F.);
#311=ORIENTED_EDGE('',*,*,#283,.F.);
#312=ORIENTED_EDGE('',*,*,#295,.F.);
#313=EDGE_LOOP('',(#307,#308,#309,#310,#311,#312));
#314=FACE_OUTER_BOUND('',#313,.F.);
#316=CLOSED_SHELL('',(#205,#220,#246,#260,#274,#288,#301,#315));
#317=MANIFOLD_SOLID_BREP('',#316);
#318=FILL_AREA_STYLE_COLOUR('',#28);
#319=FILL_AREA_STYLE('',(#318));
#320=SURFACE_STYLE_FILL_AREA(#319);
#321=SURFACE_SIDE_STYLE('',(#320));
#322=SURFACE_STYLE_USAGE(.BOTH.,#321);
#323=PRESENTATION_STYLE_ASSIGNMENT((#322));
#30=STYLED_ITEM('',(#323),#317);
#325=DIRECTION('',(0.E0,0.E0,-1.E0));
#326=VECTOR('',#325,3.E-1);
#327=CARTESIAN_POINT('',(-1.5E0,0.E0,-1.75E-1));
#328=LINE('',#327,#326);
#329=CURVE_STYLE('',#35,POSITIVE_LENGTH_MEASURE(2.E-2),#28);
#330=PRESENTATION_STYLE_ASSIGNMENT((#329));
#331=STYLED_ITEM('',(#330),#328);
#332=DIRECTION('',(1.E0,0.E0,0.E0));
#333=VECTOR('',#332,2.51E-1);
#334=CARTESIAN_POINT('',(-1.5E0,0.E0,-1.75E-1));
#335=LINE('',#334,#333);
#336=CURVE_STYLE('',#35,POSITIVE_LENGTH_MEASURE(2.E-2),#28);
#337=PRESENTATION_STYLE_ASSIGNMENT((#336));
#338=STYLED_ITEM('',(#337),#335);
#339=CARTESIAN_POINT('',(-1.249E0,0.E0,-3.24E-1));
#340=DIRECTION('',(0.E0,1.E0,0.E0));
#341=DIRECTION('',(0.E0,0.E0,1.E0));
#342=AXIS2_PLACEMENT_3D('',#339,#340,#341);
#344=CURVE_STYLE('',#35,POSITIVE_LENGTH_MEASURE(2.E-2),#28);
#345=PRESENTATION_STYLE_ASSIGNMENT((#344));
#346=STYLED_ITEM('',(#345),#343);
#347=DIRECTION('',(0.E0,0.E0,-1.E0));
#348=VECTOR('',#347,2.E-3);
#349=CARTESIAN_POINT('',(-1.1E0,0.E0,-3.24E-1));
#350=LINE('',#349,#348);
#351=CURVE_STYLE('',#35,POSITIVE_LENGTH_MEASURE(2.E-2),#28);
#352=PRESENTATION_STYLE_ASSIGNMENT((#351));
#353=STYLED_ITEM('',(#352),#350);
#354=CARTESIAN_POINT('',(-1.249E0,0.E0,-3.26E-1));
#355=DIRECTION('',(0.E0,1.E0,0.E0));
#356=DIRECTION('',(1.E0,0.E0,0.E0));
#357=AXIS2_PLACEMENT_3D('',#354,#355,#356);
#359=CURVE_STYLE('',#35,POSITIVE_LENGTH_MEASURE(2.E-2),#28);
#360=PRESENTATION_STYLE_ASSIGNMENT((#359));
#361=STYLED_ITEM('',(#360),#358);
#362=DIRECTION('',(-1.E0,0.E0,0.E0));
#363=VECTOR('',#362,2.51E-1);
#364=CARTESIAN_POINT('',(-1.249E0,0.E0,-4.75E-1));
#365=LINE('',#364,#363);
#366=CURVE_STYLE('',#35,POSITIVE_LENGTH_MEASURE(2.E-2),#28);
#367=PRESENTATION_STYLE_ASSIGNMENT((#366));
#368=STYLED_ITEM('',(#367),#365);
#369=DIRECTION('',(0.E0,1.E0,0.E0));
#370=VECTOR('',#369,2.E-1);
#371=CARTESIAN_POINT('',(-1.5E0,0.E0,-4.75E-1));
#372=LINE('',#371,#370);
#373=CURVE_STYLE('',#35,POSITIVE_LENGTH_MEASURE(2.E-2),#28);
#374=PRESENTATION_STYLE_ASSIGNMENT((#373));
#375=STYLED_ITEM('',(#374),#372);
#376=DIRECTION('',(0.E0,1.E0,0.E0));
#377=VECTOR('',#376,2.E-1);
#378=CARTESIAN_POINT('',(-1.249E0,0.E0,-4.75E-1));
#379=LINE('',#378,#377);
#380=CURVE_STYLE('',#35,POSITIVE_LENGTH_MEASURE(2.E-2),#28);
#381=PRESENTATION_STYLE_ASSIGNMENT((#380));
#382=STYLED_ITEM('',(#381),#379);
#383=DIRECTION('',(0.E0,1.E0,0.E0));
#384=VECTOR('',#383,2.E-1);
#385=CARTESIAN_POINT('',(-1.1E0,0.E0,-3.26E-1));
#386=LINE('',#385,#384);
#387=CURVE_STYLE('',#35,POSITIVE_LENGTH_MEASURE(2.E-2),#28);
#388=PRESENTATION_STYLE_ASSIGNMENT((#387));
#389=STYLED_ITEM('',(#388),#386);
#390=DIRECTION('',(0.E0,1.E0,0.E0));
#391=VECTOR('',#390,2.E-1);
#392=CARTESIAN_POINT('',(-1.1E0,0.E0,-3.24E-1));
#393=LINE('',#392,#391);
#394=CURVE_STYLE('',#35,POSITIVE_LENGTH_MEASURE(2.E-2),#28);
#395=PRESENTATION_STYLE_ASSIGNMENT((#394));
#396=STYLED_ITEM('',(#395),#393);
#397=DIRECTION('',(0.E0,1.E0,0.E0));
#398=VECTOR('',#397,2.E-1);
#399=CARTESIAN_POINT('',(-1.249E0,0.E0,-1.75E-1));
#400=LINE('',#399,#398);
#401=CURVE_STYLE('',#35,POSITIVE_LENGTH_MEASURE(2.E-2),#28);
#402=PRESENTATION_STYLE_ASSIGNMENT((#401));
#403=STYLED_ITEM('',(#402),#400);
#404=DIRECTION('',(0.E0,1.E0,0.E0));
#405=VECTOR('',#404,2.E-1);
#406=CARTESIAN_POINT('',(-1.5E0,0.E0,-1.75E-1));
#407=LINE('',#406,#405);
#408=CURVE_STYLE('',#35,POSITIVE_LENGTH_MEASURE(2.E-2),#28);
#409=PRESENTATION_STYLE_ASSIGNMENT((#408));
#410=STYLED_ITEM('',(#409),#407);
#411=DIRECTION('',(0.E0,0.E0,-1.E0));
#412=VECTOR('',#411,3.E-1);
#413=CARTESIAN_POINT('',(-1.5E0,2.E-1,-1.75E-1));
#414=LINE('',#413,#412);
#415=CURVE_STYLE('',#35,POSITIVE_LENGTH_MEASURE(2.E-2),#28);
#416=PRESENTATION_STYLE_ASSIGNMENT((#415));
#417=STYLED_ITEM('',(#416),#414);
#418=DIRECTION('',(-1.E0,0.E0,0.E0));
#419=VECTOR('',#418,2.51E-1);
#420=CARTESIAN_POINT('',(-1.249E0,2.E-1,-4.75E-1));
#421=LINE('',#420,#419);
#422=CURVE_STYLE('',#35,POSITIVE_LENGTH_MEASURE(2.E-2),#28);
#423=PRESENTATION_STYLE_ASSIGNMENT((#422));
#424=STYLED_ITEM('',(#423),#421);
#425=CARTESIAN_POINT('',(-1.249E0,2.E-1,-3.26E-1));
#426=DIRECTION('',(0.E0,1.E0,0.E0));
#427=DIRECTION('',(1.E0,0.E0,0.E0));
#428=AXIS2_PLACEMENT_3D('',#425,#426,#427);
#430=CURVE_STYLE('',#35,POSITIVE_LENGTH_MEASURE(2.E-2),#28);
#431=PRESENTATION_STYLE_ASSIGNMENT((#430));
#432=STYLED_ITEM('',(#431),#429);
#433=DIRECTION('',(0.E0,0.E0,-1.E0));
#434=VECTOR('',#433,2.E-3);
#435=CARTESIAN_POINT('',(-1.1E0,2.E-1,-3.24E-1));
#436=LINE('',#435,#434);
#437=CURVE_STYLE('',#35,POSITIVE_LENGTH_MEASURE(2.E-2),#28);
#438=PRESENTATION_STYLE_ASSIGNMENT((#437));
#439=STYLED_ITEM('',(#438),#436);
#440=CARTESIAN_POINT('',(-1.249E0,2.E-1,-3.24E-1));
#441=DIRECTION('',(0.E0,1.E0,0.E0));
#442=DIRECTION('',(0.E0,0.E0,1.E0));
#443=AXIS2_PLACEMENT_3D('',#440,#441,#442);
#445=CURVE_STYLE('',#35,POSITIVE_LENGTH_MEASURE(2.E-2),#28);
#446=PRESENTATION_STYLE_ASSIGNMENT((#445));
#447=STYLED_ITEM('',(#446),#444);
#448=DIRECTION('',(1.E0,0.E0,0.E0));
#449=VECTOR('',#448,2.51E-1);
#450=CARTESIAN_POINT('',(-1.5E0,2.E-1,-1.75E-1));
#451=LINE('',#450,#449);
#452=CURVE_STYLE('',#35,POSITIVE_LENGTH_MEASURE(2.E-2),#28);
#453=PRESENTATION_STYLE_ASSIGNMENT((#452));
#454=STYLED_ITEM('',(#453),#451);
#455=CARTESIAN_POINT('',(-1.249E0,0.E0,-1.75E-1));
#456=CARTESIAN_POINT('',(-1.1E0,0.E0,-3.24E-1));
#457=VERTEX_POINT('',#455);
#458=VERTEX_POINT('',#456);
#459=CARTESIAN_POINT('',(-1.1E0,0.E0,-3.26E-1));
#460=VERTEX_POINT('',#459);
#461=CARTESIAN_POINT('',(-1.249E0,0.E0,-4.75E-1));
#462=VERTEX_POINT('',#461);
#463=CARTESIAN_POINT('',(-1.249E0,2.E-1,-1.75E-1));
#464=CARTESIAN_POINT('',(-1.1E0,2.E-1,-3.24E-1));
#465=VERTEX_POINT('',#463);
#466=VERTEX_POINT('',#464);
#467=CARTESIAN_POINT('',(-1.1E0,2.E-1,-3.26E-1));
#468=VERTEX_POINT('',#467);
#469=CARTESIAN_POINT('',(-1.249E0,2.E-1,-4.75E-1));
#470=VERTEX_POINT('',#469);
#471=CARTESIAN_POINT('',(-1.5E0,0.E0,-1.75E-1));
#472=CARTESIAN_POINT('',(-1.5E0,0.E0,-4.75E-1));
#473=VERTEX_POINT('',#471);
#474=VERTEX_POINT('',#472);
#475=CARTESIAN_POINT('',(-1.5E0,2.E-1,-1.75E-1));
#476=CARTESIAN_POINT('',(-1.5E0,2.E-1,-4.75E-1));
#477=VERTEX_POINT('',#475);
#478=VERTEX_POINT('',#476);
#479=CARTESIAN_POINT('',(0.E0,0.E0,0.E0));
#480=DIRECTION('',(0.E0,1.E0,0.E0));
#481=DIRECTION('',(1.E0,0.E0,0.E0));
#482=AXIS2_PLACEMENT_3D('',#479,#480,#481);
#483=PLANE('',#482);
#485=ORIENTED_EDGE('',*,*,#484,.F.);
#487=ORIENTED_EDGE('',*,*,#486,.T.);
#489=ORIENTED_EDGE('',*,*,#488,.T.);
#491=ORIENTED_EDGE('',*,*,#490,.T.);
#493=ORIENTED_EDGE('',*,*,#492,.T.);
#495=ORIENTED_EDGE('',*,*,#494,.T.);
#496=EDGE_LOOP('',(#485,#487,#489,#491,#493,#495));
#497=FACE_OUTER_BOUND('',#496,.F.);
#499=CARTESIAN_POINT('',(-1.5E0,0.E0,1.5E0));
#500=DIRECTION('',(1.E0,0.E0,0.E0));
#501=DIRECTION('',(0.E0,0.E0,-1.E0));
#502=AXIS2_PLACEMENT_3D('',#499,#500,#501);
#503=PLANE('',#502);
#504=ORIENTED_EDGE('',*,*,#484,.T.);
#506=ORIENTED_EDGE('',*,*,#505,.T.);
#508=ORIENTED_EDGE('',*,*,#507,.F.);
#510=ORIENTED_EDGE('',*,*,#509,.F.);
#511=EDGE_LOOP('',(#504,#506,#508,#510));
#512=FACE_OUTER_BOUND('',#511,.F.);
#514=FILL_AREA_STYLE_COLOUR('',#29);
#515=FILL_AREA_STYLE('',(#514));
#516=SURFACE_STYLE_FILL_AREA(#515);
#517=SURFACE_SIDE_STYLE('',(#516));
#518=SURFACE_STYLE_USAGE(.POSITIVE.,#517);
#519=PRESENTATION_STYLE_ASSIGNMENT((#518));
#520=OVER_RIDING_STYLED_ITEM('',(#519),#513,#324);
#521=CARTESIAN_POINT('',(-1.249E0,0.E0,-4.75E-1));
#522=DIRECTION('',(0.E0,0.E0,-1.E0));
#523=DIRECTION('',(-1.E0,0.E0,0.E0));
#524=AXIS2_PLACEMENT_3D('',#521,#522,#523);
#525=PLANE('',#524);
#526=ORIENTED_EDGE('',*,*,#505,.F.);
#527=ORIENTED_EDGE('',*,*,#494,.F.);
#529=ORIENTED_EDGE('',*,*,#528,.T.);
#531=ORIENTED_EDGE('',*,*,#530,.T.);
#532=EDGE_LOOP('',(#526,#527,#529,#531));
#533=FACE_OUTER_BOUND('',#532,.F.);
#535=CARTESIAN_POINT('',(-1.249E0,0.E0,-3.26E-1));
#536=DIRECTION('',(0.E0,1.E0,0.E0));
#537=DIRECTION('',(1.E0,0.E0,0.E0));
#538=AXIS2_PLACEMENT_3D('',#535,#536,#537);
#539=CYLINDRICAL_SURFACE('',#538,1.49E-1);
#540=ORIENTED_EDGE('',*,*,#492,.F.);
#542=ORIENTED_EDGE('',*,*,#541,.T.);
#544=ORIENTED_EDGE('',*,*,#543,.T.);
#545=ORIENTED_EDGE('',*,*,#528,.F.);
#546=EDGE_LOOP('',(#540,#542,#544,#545));
#547=FACE_OUTER_BOUND('',#546,.F.);
#549=CARTESIAN_POINT('',(-1.1E0,0.E0,-3.24E-1));
#550=DIRECTION('',(1.E0,0.E0,0.E0));
#551=DIRECTION('',(0.E0,0.E0,-1.E0));
#552=AXIS2_PLACEMENT_3D('',#549,#550,#551);
#553=PLANE('',#552);
#554=ORIENTED_EDGE('',*,*,#490,.F.);
#556=ORIENTED_EDGE('',*,*,#555,.T.);
#558=ORIENTED_EDGE('',*,*,#557,.T.);
#559=ORIENTED_EDGE('',*,*,#541,.F.);
#560=EDGE_LOOP('',(#554,#556,#558,#559));
#561=FACE_OUTER_BOUND('',#560,.F.);
#563=CARTESIAN_POINT('',(-1.249E0,0.E0,-3.24E-1));
#564=DIRECTION('',(0.E0,1.E0,0.E0));
#565=DIRECTION('',(1.E0,0.E0,0.E0));
#566=AXIS2_PLACEMENT_3D('',#563,#564,#565);
#567=CYLINDRICAL_SURFACE('',#566,1.49E-1);
#568=ORIENTED_EDGE('',*,*,#488,.F.);
#570=ORIENTED_EDGE('',*,*,#569,.T.);
#572=ORIENTED_EDGE('',*,*,#571,.T.);
#573=ORIENTED_EDGE('',*,*,#555,.F.);
#574=EDGE_LOOP('',(#568,#570,#572,#573));
#575=FACE_OUTER_BOUND('',#574,.F.);
#577=CARTESIAN_POINT('',(-1.6E0,0.E0,-1.75E-1));
#578=DIRECTION('',(0.E0,0.E0,1.E0));
#579=DIRECTION('',(1.E0,0.E0,0.E0));
#580=AXIS2_PLACEMENT_3D('',#577,#578,#579);
#581=PLANE('',#580);
#582=ORIENTED_EDGE('',*,*,#509,.T.);
#584=ORIENTED_EDGE('',*,*,#583,.T.);
#585=ORIENTED_EDGE('',*,*,#569,.F.);
#586=ORIENTED_EDGE('',*,*,#486,.F.);
#587=EDGE_LOOP('',(#582,#584,#585,#586));
#588=FACE_OUTER_BOUND('',#587,.F.);
#590=CARTESIAN_POINT('',(0.E0,2.E-1,0.E0));
#591=DIRECTION('',(0.E0,1.E0,0.E0));
#592=DIRECTION('',(1.E0,0.E0,0.E0));
#593=AXIS2_PLACEMENT_3D('',#590,#591,#592);
#594=PLANE('',#593);
#595=ORIENTED_EDGE('',*,*,#507,.T.);
#596=ORIENTED_EDGE('',*,*,#530,.F.);
#597=ORIENTED_EDGE('',*,*,#543,.F.);
#598=ORIENTED_EDGE('',*,*,#557,.F.);
#599=ORIENTED_EDGE('',*,*,#571,.F.);
#600=ORIENTED_EDGE('',*,*,#583,.F.);
#601=EDGE_LOOP('',(#595,#596,#597,#598,#599,#600));
#602=FACE_OUTER_BOUND('',#601,.F.);
#604=CLOSED_SHELL('',(#498,#513,#534,#548,#562,#576,#589,#603));
#605=MANIFOLD_SOLID_BREP('',#604);
#606=FILL_AREA_STYLE_COLOUR('',#28);
#607=FILL_AREA_STYLE('',(#606));
#608=SURFACE_STYLE_FILL_AREA(#607);
#609=SURFACE_SIDE_STYLE('',(#608));
#610=SURFACE_STYLE_USAGE(.POSITIVE.,#609);
#611=PRESENTATION_STYLE_ASSIGNMENT((#610));
#324=STYLED_ITEM('',(#611),#605);
#613=DIRECTION('',(0.E0,0.E0,-1.E0));
#614=VECTOR('',#613,3.E-1);
#615=CARTESIAN_POINT('',(-1.5E0,0.E0,4.75E-1));
#616=LINE('',#615,#614);
#617=CURVE_STYLE('',#35,POSITIVE_LENGTH_MEASURE(2.E-2),#28);
#618=PRESENTATION_STYLE_ASSIGNMENT((#617));
#619=STYLED_ITEM('',(#618),#616);
#620=DIRECTION('',(1.E0,0.E0,0.E0));
#621=VECTOR('',#620,2.51E-1);
#622=CARTESIAN_POINT('',(-1.5E0,0.E0,4.75E-1));
#623=LINE('',#622,#621);
#624=CURVE_STYLE('',#35,POSITIVE_LENGTH_MEASURE(2.E-2),#28);
#625=PRESENTATION_STYLE_ASSIGNMENT((#624));
#626=STYLED_ITEM('',(#625),#623);
#627=CARTESIAN_POINT('',(-1.249E0,0.E0,3.26E-1));
#628=DIRECTION('',(0.E0,1.E0,0.E0));
#629=DIRECTION('',(0.E0,0.E0,1.E0));
#630=AXIS2_PLACEMENT_3D('',#627,#628,#629);
#632=CURVE_STYLE('',#35,POSITIVE_LENGTH_MEASURE(2.E-2),#28);
#633=PRESENTATION_STYLE_ASSIGNMENT((#632));
#634=STYLED_ITEM('',(#633),#631);
#635=DIRECTION('',(0.E0,0.E0,-1.E0));
#636=VECTOR('',#635,2.E-3);
#637=CARTESIAN_POINT('',(-1.1E0,0.E0,3.26E-1));
#638=LINE('',#637,#636);
#639=CURVE_STYLE('',#35,POSITIVE_LENGTH_MEASURE(2.E-2),#28);
#640=PRESENTATION_STYLE_ASSIGNMENT((#639));
#641=STYLED_ITEM('',(#640),#638);
#642=CARTESIAN_POINT('',(-1.249E0,0.E0,3.24E-1));
#643=DIRECTION('',(0.E0,1.E0,0.E0));
#644=DIRECTION('',(1.E0,0.E0,0.E0));
#645=AXIS2_PLACEMENT_3D('',#642,#643,#644);
#647=CURVE_STYLE('',#35,POSITIVE_LENGTH_MEASURE(2.E-2),#28);
#648=PRESENTATION_STYLE_ASSIGNMENT((#647));
#649=STYLED_ITEM('',(#648),#646);
#650=DIRECTION('',(-1.E0,0.E0,0.E0));
#651=VECTOR('',#650,2.51E-1);
#652=CARTESIAN_POINT('',(-1.249E0,0.E0,1.75E-1));
#653=LINE('',#652,#651);
#654=CURVE_STYLE('',#35,POSITIVE_LENGTH_MEASURE(2.E-2),#28);
#655=PRESENTATION_STYLE_ASSIGNMENT((#654));
#656=STYLED_ITEM('',(#655),#653);
#657=DIRECTION('',(0.E0,1.E0,0.E0));
#658=VECTOR('',#657,2.E-1);
#659=CARTESIAN_POINT('',(-1.5E0,0.E0,1.75E-1));
#660=LINE('',#659,#658);
#661=CURVE_STYLE('',#35,POSITIVE_LENGTH_MEASURE(2.E-2),#28);
#662=PRESENTATION_STYLE_ASSIGNMENT((#661));
#663=STYLED_ITEM('',(#662),#660);
#664=DIRECTION('',(0.E0,1.E0,0.E0));
#665=VECTOR('',#664,2.E-1);
#666=CARTESIAN_POINT('',(-1.249E0,0.E0,1.75E-1));
#667=LINE('',#666,#665);
#668=CURVE_STYLE('',#35,POSITIVE_LENGTH_MEASURE(2.E-2),#28);
#669=PRESENTATION_STYLE_ASSIGNMENT((#668));
#670=STYLED_ITEM('',(#669),#667);
#671=DIRECTION('',(0.E0,1.E0,0.E0));
#672=VECTOR('',#671,2.E-1);
#673=CARTESIAN_POINT('',(-1.1E0,0.E0,3.24E-1));
#674=LINE('',#673,#672);
#675=CURVE_STYLE('',#35,POSITIVE_LENGTH_MEASURE(2.E-2),#28);
#676=PRESENTATION_STYLE_ASSIGNMENT((#675));
#677=STYLED_ITEM('',(#676),#674);
#678=DIRECTION('',(0.E0,1.E0,0.E0));
#679=VECTOR('',#678,2.E-1);
#680=CARTESIAN_POINT('',(-1.1E0,0.E0,3.26E-1));
#681=LINE('',#680,#679);
#682=CURVE_STYLE('',#35,POSITIVE_LENGTH_MEASURE(2.E-2),#28);
#683=PRESENTATION_STYLE_ASSIGNMENT((#682));
#684=STYLED_ITEM('',(#683),#681);
#685=DIRECTION('',(0.E0,1.E0,0.E0));
#686=VECTOR('',#685,2.E-1);
#687=CARTESIAN_POINT('',(-1.249E0,0.E0,4.75E-1));
#688=LINE('',#687,#686);
#689=CURVE_STYLE('',#35,POSITIVE_LENGTH_MEASURE(2.E-2),#28);
#690=PRESENTATION_STYLE_ASSIGNMENT((#689));
#691=STYLED_ITEM('',(#690),#688);
#692=DIRECTION('',(0.E0,1.E0,0.E0));
#693=VECTOR('',#692,2.E-1);
#694=CARTESIAN_POINT('',(-1.5E0,0.E0,4.75E-1));
#695=LINE('',#694,#693);
#696=CURVE_STYLE('',#35,POSITIVE_LENGTH_MEASURE(2.E-2),#28);
#697=PRESENTATION_STYLE_ASSIGNMENT((#696));
#698=STYLED_ITEM('',(#697),#695);
#699=DIRECTION('',(0.E0,0.E0,-1.E0));
#700=VECTOR('',#699,3.E-1);
#701=CARTESIAN_POINT('',(-1.5E0,2.E-1,4.75E-1));
#702=LINE('',#701,#700);
#703=CURVE_STYLE('',#35,POSITIVE_LENGTH_MEASURE(2.E-2),#28);
#704=PRESENTATION_STYLE_ASSIGNMENT((#703));
#705=STYLED_ITEM('',(#704),#702);
#706=DIRECTION('',(-1.E0,0.E0,0.E0));
#707=VECTOR('',#706,2.51E-1);
#708=CARTESIAN_POINT('',(-1.249E0,2.E-1,1.75E-1));
#709=LINE('',#708,#707);
#710=CURVE_STYLE('',#35,POSITIVE_LENGTH_MEASURE(2.E-2),#28);
#711=PRESENTATION_STYLE_ASSIGNMENT((#710));
#712=STYLED_ITEM('',(#711),#709);
#713=CARTESIAN_POINT('',(-1.249E0,2.E-1,3.24E-1));
#714=DIRECTION('',(0.E0,1.E0,0.E0));
#715=DIRECTION('',(1.E0,0.E0,0.E0));
#716=AXIS2_PLACEMENT_3D('',#713,#714,#715);
#718=CURVE_STYLE('',#35,POSITIVE_LENGTH_MEASURE(2.E-2),#28);
#719=PRESENTATION_STYLE_ASSIGNMENT((#718));
#720=STYLED_ITEM('',(#719),#717);
#721=DIRECTION('',(0.E0,0.E0,-1.E0));
#722=VECTOR('',#721,2.E-3);
#723=CARTESIAN_POINT('',(-1.1E0,2.E-1,3.26E-1));
#724=LINE('',#723,#722);
#725=CURVE_STYLE('',#35,POSITIVE_LENGTH_MEASURE(2.E-2),#28);
#726=PRESENTATION_STYLE_ASSIGNMENT((#725));
#727=STYLED_ITEM('',(#726),#724);
#728=CARTESIAN_POINT('',(-1.249E0,2.E-1,3.26E-1));
#729=DIRECTION('',(0.E0,1.E0,0.E0));
#730=DIRECTION('',(0.E0,0.E0,1.E0));
#731=AXIS2_PLACEMENT_3D('',#728,#729,#730);
#733=CURVE_STYLE('',#35,POSITIVE_LENGTH_MEASURE(2.E-2),#28);
#734=PRESENTATION_STYLE_ASSIGNMENT((#733));
#735=STYLED_ITEM('',(#734),#732);
#736=DIRECTION('',(1.E0,0.E0,0.E0));
#737=VECTOR('',#736,2.51E-1);
#738=CARTESIAN_POINT('',(-1.5E0,2.E-1,4.75E-1));
#739=LINE('',#738,#737);
#740=CURVE_STYLE('',#35,POSITIVE_LENGTH_MEASURE(2.E-2),#28);
#741=PRESENTATION_STYLE_ASSIGNMENT((#740));
#742=STYLED_ITEM('',(#741),#739);
#743=CARTESIAN_POINT('',(-1.249E0,0.E0,4.75E-1));
#744=CARTESIAN_POINT('',(-1.1E0,0.E0,3.26E-1));
#745=VERTEX_POINT('',#743);
#746=VERTEX_POINT('',#744);
#747=CARTESIAN_POINT('',(-1.1E0,0.E0,3.24E-1));
#748=VERTEX_POINT('',#747);
#749=CARTESIAN_POINT('',(-1.249E0,0.E0,1.75E-1));
#750=VERTEX_POINT('',#749);
#751=CARTESIAN_POINT('',(-1.249E0,2.E-1,4.75E-1));
#752=CARTESIAN_POINT('',(-1.1E0,2.E-1,3.26E-1));
#753=VERTEX_POINT('',#751);
#754=VERTEX_POINT('',#752);
#755=CARTESIAN_POINT('',(-1.1E0,2.E-1,3.24E-1));
#756=VERTEX_POINT('',#755);
#757=CARTESIAN_POINT('',(-1.249E0,2.E-1,1.75E-1));
#758=VERTEX_POINT('',#757);
#759=CARTESIAN_POINT('',(-1.5E0,0.E0,4.75E-1));
#760=CARTESIAN_POINT('',(-1.5E0,0.E0,1.75E-1));
#761=VERTEX_POINT('',#759);
#762=VERTEX_POINT('',#760);
#763=CARTESIAN_POINT('',(-1.5E0,2.E-1,4.75E-1));
#764=CARTESIAN_POINT('',(-1.5E0,2.E-1,1.75E-1));
#765=VERTEX_POINT('',#763);
#766=VERTEX_POINT('',#764);
#767=CARTESIAN_POINT('',(0.E0,0.E0,0.E0));
#768=DIRECTION('',(0.E0,1.E0,0.E0));
#769=DIRECTION('',(1.E0,0.E0,0.E0));
#770=AXIS2_PLACEMENT_3D('',#767,#768,#769);
#771=PLANE('',#770);
#773=ORIENTED_EDGE('',*,*,#772,.F.);
#775=ORIENTED_EDGE('',*,*,#774,.T.);
#777=ORIENTED_EDGE('',*,*,#776,.T.);
#779=ORIENTED_EDGE('',*,*,#778,.T.);
#781=ORIENTED_EDGE('',*,*,#780,.T.);
#783=ORIENTED_EDGE('',*,*,#782,.T.);
#784=EDGE_LOOP('',(#773,#775,#777,#779,#781,#783));
#785=FACE_OUTER_BOUND('',#784,.F.);
#787=CARTESIAN_POINT('',(-1.5E0,0.E0,1.5E0));
#788=DIRECTION('',(1.E0,0.E0,0.E0));
#789=DIRECTION('',(0.E0,0.E0,-1.E0));
#790=AXIS2_PLACEMENT_3D('',#787,#788,#789);
#791=PLANE('',#790);
#792=ORIENTED_EDGE('',*,*,#772,.T.);
#794=ORIENTED_EDGE('',*,*,#793,.T.);
#796=ORIENTED_EDGE('',*,*,#795,.F.);
#798=ORIENTED_EDGE('',*,*,#797,.F.);
#799=EDGE_LOOP('',(#792,#794,#796,#798));
#800=FACE_OUTER_BOUND('',#799,.F.);
#802=FILL_AREA_STYLE_COLOUR('',#29);
#803=FILL_AREA_STYLE('',(#802));
#804=SURFACE_STYLE_FILL_AREA(#803);
#805=SURFACE_SIDE_STYLE('',(#804));
#806=SURFACE_STYLE_USAGE(.POSITIVE.,#805);
#807=PRESENTATION_STYLE_ASSIGNMENT((#806));
#808=OVER_RIDING_STYLED_ITEM('',(#807),#801,#612);
#809=CARTESIAN_POINT('',(-1.249E0,0.E0,1.75E-1));
#810=DIRECTION('',(0.E0,0.E0,-1.E0));
#811=DIRECTION('',(-1.E0,0.E0,0.E0));
#812=AXIS2_PLACEMENT_3D('',#809,#810,#811);
#813=PLANE('',#812);
#814=ORIENTED_EDGE('',*,*,#793,.F.);
#815=ORIENTED_EDGE('',*,*,#782,.F.);
#817=ORIENTED_EDGE('',*,*,#816,.T.);
#819=ORIENTED_EDGE('',*,*,#818,.T.);
#820=EDGE_LOOP('',(#814,#815,#817,#819));
#821=FACE_OUTER_BOUND('',#820,.F.);
#823=CARTESIAN_POINT('',(-1.249E0,0.E0,3.24E-1));
#824=DIRECTION('',(0.E0,1.E0,0.E0));
#825=DIRECTION('',(1.E0,0.E0,0.E0));
#826=AXIS2_PLACEMENT_3D('',#823,#824,#825);
#827=CYLINDRICAL_SURFACE('',#826,1.49E-1);
#828=ORIENTED_EDGE('',*,*,#780,.F.);
#830=ORIENTED_EDGE('',*,*,#829,.T.);
#832=ORIENTED_EDGE('',*,*,#831,.T.);
#833=ORIENTED_EDGE('',*,*,#816,.F.);
#834=EDGE_LOOP('',(#828,#830,#832,#833));
#835=FACE_OUTER_BOUND('',#834,.F.);
#837=CARTESIAN_POINT('',(-1.1E0,0.E0,3.26E-1));
#838=DIRECTION('',(1.E0,0.E0,0.E0));
#839=DIRECTION('',(0.E0,0.E0,-1.E0));
#840=AXIS2_PLACEMENT_3D('',#837,#838,#839);
#841=PLANE('',#840);
#842=ORIENTED_EDGE('',*,*,#778,.F.);
#844=ORIENTED_EDGE('',*,*,#843,.T.);
#846=ORIENTED_EDGE('',*,*,#845,.T.);
#847=ORIENTED_EDGE('',*,*,#829,.F.);
#848=EDGE_LOOP('',(#842,#844,#846,#847));
#849=FACE_OUTER_BOUND('',#848,.F.);
#851=CARTESIAN_POINT('',(-1.249E0,0.E0,3.26E-1));
#852=DIRECTION('',(0.E0,1.E0,0.E0));
#853=DIRECTION('',(1.E0,0.E0,0.E0));
#854=AXIS2_PLACEMENT_3D('',#851,#852,#853);
#855=CYLINDRICAL_SURFACE('',#854,1.49E-1);
#856=ORIENTED_EDGE('',*,*,#776,.F.);
#858=ORIENTED_EDGE('',*,*,#857,.T.);
#860=ORIENTED_EDGE('',*,*,#859,.T.);
#861=ORIENTED_EDGE('',*,*,#843,.F.);
#862=EDGE_LOOP('',(#856,#858,#860,#861));
#863=FACE_OUTER_BOUND('',#862,.F.);
#865=CARTESIAN_POINT('',(-1.6E0,0.E0,4.75E-1));
#866=DIRECTION('',(0.E0,0.E0,1.E0));
#867=DIRECTION('',(1.E0,0.E0,0.E0));
#868=AXIS2_PLACEMENT_3D('',#865,#866,#867);
#869=PLANE('',#868);
#870=ORIENTED_EDGE('',*,*,#797,.T.);
#872=ORIENTED_EDGE('',*,*,#871,.T.);
#873=ORIENTED_EDGE('',*,*,#857,.F.);
#874=ORIENTED_EDGE('',*,*,#774,.F.);
#875=EDGE_LOOP('',(#870,#872,#873,#874));
#876=FACE_OUTER_BOUND('',#875,.F.);
#878=CARTESIAN_POINT('',(0.E0,2.E-1,0.E0));
#879=DIRECTION('',(0.E0,1.E0,0.E0));
#880=DIRECTION('',(1.E0,0.E0,0.E0));
#881=AXIS2_PLACEMENT_3D('',#878,#879,#880);
#882=PLANE('',#881);
#883=ORIENTED_EDGE('',*,*,#795,.T.);
#884=ORIENTED_EDGE('',*,*,#818,.F.);
#885=ORIENTED_EDGE('',*,*,#831,.F.);
#886=ORIENTED_EDGE('',*,*,#845,.F.);
#887=ORIENTED_EDGE('',*,*,#859,.F.);
#888=ORIENTED_EDGE('',*,*,#871,.F.);
#889=EDGE_LOOP('',(#883,#884,#885,#886,#887,#888));
#890=FACE_OUTER_BOUND('',#889,.F.);
#892=CLOSED_SHELL('',(#786,#801,#822,#836,#850,#864,#877,#891));
#893=MANIFOLD_SOLID_BREP('',#892);
#894=FILL_AREA_STYLE_COLOUR('',#28);
#895=FILL_AREA_STYLE('',(#894));
#896=SURFACE_STYLE_FILL_AREA(#895);
#897=SURFACE_SIDE_STYLE('',(#896));
#898=SURFACE_STYLE_USAGE(.POSITIVE.,#897);
#899=PRESENTATION_STYLE_ASSIGNMENT((#898));
#612=STYLED_ITEM('',(#899),#893);
#901=DIRECTION('',(0.E0,0.E0,-1.E0));
#902=VECTOR('',#901,3.E-1);
#903=CARTESIAN_POINT('',(-1.5E0,0.E0,1.125E0));
#904=LINE('',#903,#902);
#905=CURVE_STYLE('',#35,POSITIVE_LENGTH_MEASURE(2.E-2),#28);
#906=PRESENTATION_STYLE_ASSIGNMENT((#905));
#907=STYLED_ITEM('',(#906),#904);
#908=DIRECTION('',(1.E0,0.E0,0.E0));
#909=VECTOR('',#908,2.51E-1);
#910=CARTESIAN_POINT('',(-1.5E0,0.E0,1.125E0));
#911=LINE('',#910,#909);
#912=CURVE_STYLE('',#35,POSITIVE_LENGTH_MEASURE(2.E-2),#28);
#913=PRESENTATION_STYLE_ASSIGNMENT((#912));
#914=STYLED_ITEM('',(#913),#911);
#915=CARTESIAN_POINT('',(-1.249E0,0.E0,9.76E-1));
#916=DIRECTION('',(0.E0,1.E0,0.E0));
#917=DIRECTION('',(0.E0,0.E0,1.E0));
#918=AXIS2_PLACEMENT_3D('',#915,#916,#917);
#920=CURVE_STYLE('',#35,POSITIVE_LENGTH_MEASURE(2.E-2),#28);
#921=PRESENTATION_STYLE_ASSIGNMENT((#920));
#922=STYLED_ITEM('',(#921),#919);
#923=DIRECTION('',(0.E0,0.E0,-1.E0));
#924=VECTOR('',#923,2.E-3);
#925=CARTESIAN_POINT('',(-1.1E0,0.E0,9.76E-1));
#926=LINE('',#925,#924);
#927=CURVE_STYLE('',#35,POSITIVE_LENGTH_MEASURE(2.E-2),#28);
#928=PRESENTATION_STYLE_ASSIGNMENT((#927));
#929=STYLED_ITEM('',(#928),#926);
#930=CARTESIAN_POINT('',(-1.249E0,0.E0,9.74E-1));
#931=DIRECTION('',(0.E0,1.E0,0.E0));
#932=DIRECTION('',(1.E0,0.E0,0.E0));
#933=AXIS2_PLACEMENT_3D('',#930,#931,#932);
#935=CURVE_STYLE('',#35,POSITIVE_LENGTH_MEASURE(2.E-2),#28);
#936=PRESENTATION_STYLE_ASSIGNMENT((#935));
#937=STYLED_ITEM('',(#936),#934);
#938=DIRECTION('',(-1.E0,0.E0,0.E0));
#939=VECTOR('',#938,2.51E-1);
#940=CARTESIAN_POINT('',(-1.249E0,0.E0,8.25E-1));
#941=LINE('',#940,#939);
#942=CURVE_STYLE('',#35,POSITIVE_LENGTH_MEASURE(2.E-2),#28);
#943=PRESENTATION_STYLE_ASSIGNMENT((#942));
#944=STYLED_ITEM('',(#943),#941);
#945=DIRECTION('',(0.E0,1.E0,0.E0));
#946=VECTOR('',#945,2.E-1);
#947=CARTESIAN_POINT('',(-1.5E0,0.E0,8.25E-1));
#948=LINE('',#947,#946);
#949=CURVE_STYLE('',#35,POSITIVE_LENGTH_MEASURE(2.E-2),#28);
#950=PRESENTATION_STYLE_ASSIGNMENT((#949));
#951=STYLED_ITEM('',(#950),#948);
#952=DIRECTION('',(0.E0,1.E0,0.E0));
#953=VECTOR('',#952,2.E-1);
#954=CARTESIAN_POINT('',(-1.249E0,0.E0,8.25E-1));
#955=LINE('',#954,#953);
#956=CURVE_STYLE('',#35,POSITIVE_LENGTH_MEASURE(2.E-2),#28);
#957=PRESENTATION_STYLE_ASSIGNMENT((#956));
#958=STYLED_ITEM('',(#957),#955);
#959=DIRECTION('',(0.E0,1.E0,0.E0));
#960=VECTOR('',#959,2.E-1);
#961=CARTESIAN_POINT('',(-1.1E0,0.E0,9.74E-1));
#962=LINE('',#961,#960);
#963=CURVE_STYLE('',#35,POSITIVE_LENGTH_MEASURE(2.E-2),#28);
#964=PRESENTATION_STYLE_ASSIGNMENT((#963));
#965=STYLED_ITEM('',(#964),#962);
#966=DIRECTION('',(0.E0,1.E0,0.E0));
#967=VECTOR('',#966,2.E-1);
#968=CARTESIAN_POINT('',(-1.1E0,0.E0,9.76E-1));
#969=LINE('',#968,#967);
#970=CURVE_STYLE('',#35,POSITIVE_LENGTH_MEASURE(2.E-2),#28);
#971=PRESENTATION_STYLE_ASSIGNMENT((#970));
#972=STYLED_ITEM('',(#971),#969);
#973=DIRECTION('',(0.E0,1.E0,0.E0));
#974=VECTOR('',#973,2.E-1);
#975=CARTESIAN_POINT('',(-1.249E0,0.E0,1.125E0));
#976=LINE('',#975,#974);
#977=CURVE_STYLE('',#35,POSITIVE_LENGTH_MEASURE(2.E-2),#28);
#978=PRESENTATION_STYLE_ASSIGNMENT((#977));
#979=STYLED_ITEM('',(#978),#976);
#980=DIRECTION('',(0.E0,1.E0,0.E0));
#981=VECTOR('',#980,2.E-1);
#982=CARTESIAN_POINT('',(-1.5E0,0.E0,1.125E0));
#983=LINE('',#982,#981);
#984=CURVE_STYLE('',#35,POSITIVE_LENGTH_MEASURE(2.E-2),#28);
#985=PRESENTATION_STYLE_ASSIGNMENT((#984));
#986=STYLED_ITEM('',(#985),#983);
#987=DIRECTION('',(0.E0,0.E0,-1.E0));
#988=VECTOR('',#987,3.E-1);
#989=CARTESIAN_POINT('',(-1.5E0,2.E-1,1.125E0));
#990=LINE('',#989,#988);
#991=CURVE_STYLE('',#35,POSITIVE_LENGTH_MEASURE(2.E-2),#28);
#992=PRESENTATION_STYLE_ASSIGNMENT((#991));
#993=STYLED_ITEM('',(#992),#990);
#994=DIRECTION('',(-1.E0,0.E0,0.E0));
#995=VECTOR('',#994,2.51E-1);
#996=CARTESIAN_POINT('',(-1.249E0,2.E-1,8.25E-1));
#997=LINE('',#996,#995);
#998=CURVE_STYLE('',#35,POSITIVE_LENGTH_MEASURE(2.E-2),#28);
#999=PRESENTATION_STYLE_ASSIGNMENT((#998));
#1000=STYLED_ITEM('',(#999),#997);
#1001=CARTESIAN_POINT('',(-1.249E0,2.E-1,9.74E-1));
#1002=DIRECTION('',(0.E0,1.E0,0.E0));
#1003=DIRECTION('',(1.E0,0.E0,0.E0));
#1004=AXIS2_PLACEMENT_3D('',#1001,#1002,#1003);
#1006=CURVE_STYLE('',#35,POSITIVE_LENGTH_MEASURE(2.E-2),#28);
#1007=PRESENTATION_STYLE_ASSIGNMENT((#1006));
#1008=STYLED_ITEM('',(#1007),#1005);
#1009=DIRECTION('',(0.E0,0.E0,-1.E0));
#1010=VECTOR('',#1009,2.E-3);
#1011=CARTESIAN_POINT('',(-1.1E0,2.E-1,9.76E-1));
#1012=LINE('',#1011,#1010);
#1013=CURVE_STYLE('',#35,POSITIVE_LENGTH_MEASURE(2.E-2),#28);
#1014=PRESENTATION_STYLE_ASSIGNMENT((#1013));
#1015=STYLED_ITEM('',(#1014),#1012);
#1016=CARTESIAN_POINT('',(-1.249E0,2.E-1,9.76E-1));
#1017=DIRECTION('',(0.E0,1.E0,0.E0));
#1018=DIRECTION('',(0.E0,0.E0,1.E0));
#1019=AXIS2_PLACEMENT_3D('',#1016,#1017,#1018);
#1021=CURVE_STYLE('',#35,POSITIVE_LENGTH_MEASURE(2.E-2),#28);
#1022=PRESENTATION_STYLE_ASSIGNMENT((#1021));
#1023=STYLED_ITEM('',(#1022),#1020);
#1024=DIRECTION('',(1.E0,0.E0,0.E0));
#1025=VECTOR('',#1024,2.51E-1);
#1026=CARTESIAN_POINT('',(-1.5E0,2.E-1,1.125E0));
#1027=LINE('',#1026,#1025);
#1028=CURVE_STYLE('',#35,POSITIVE_LENGTH_MEASURE(2.E-2),#28);
#1029=PRESENTATION_STYLE_ASSIGNMENT((#1028));
#1030=STYLED_ITEM('',(#1029),#1027);
#1031=CARTESIAN_POINT('',(-1.249E0,0.E0,1.125E0));
#1032=CARTESIAN_POINT('',(-1.1E0,0.E0,9.76E-1));
#1033=VERTEX_POINT('',#1031);
#1034=VERTEX_POINT('',#1032);
#1035=CARTESIAN_POINT('',(-1.1E0,0.E0,9.74E-1));
#1036=VERTEX_POINT('',#1035);
#1037=CARTESIAN_POINT('',(-1.249E0,0.E0,8.25E-1));
#1038=VERTEX_POINT('',#1037);
#1039=CARTESIAN_POINT('',(-1.249E0,2.E-1,1.125E0));
#1040=CARTESIAN_POINT('',(-1.1E0,2.E-1,9.76E-1));
#1041=VERTEX_POINT('',#1039);
#1042=VERTEX_POINT('',#1040);
#1043=CARTESIAN_POINT('',(-1.1E0,2.E-1,9.74E-1));
#1044=VERTEX_POINT('',#1043);
#1045=CARTESIAN_POINT('',(-1.249E0,2.E-1,8.25E-1));
#1046=VERTEX_POINT('',#1045);
#1047=CARTESIAN_POINT('',(-1.5E0,0.E0,1.125E0));
#1048=CARTESIAN_POINT('',(-1.5E0,0.E0,8.25E-1));
#1049=VERTEX_POINT('',#1047);
#1050=VERTEX_POINT('',#1048);
#1051=CARTESIAN_POINT('',(-1.5E0,2.E-1,1.125E0));
#1052=CARTESIAN_POINT('',(-1.5E0,2.E-1,8.25E-1));
#1053=VERTEX_POINT('',#1051);
#1054=VERTEX_POINT('',#1052);
#1055=CARTESIAN_POINT('',(0.E0,0.E0,0.E0));
#1056=DIRECTION('',(0.E0,1.E0,0.E0));
#1057=DIRECTION('',(1.E0,0.E0,0.E0));
#1058=AXIS2_PLACEMENT_3D('',#1055,#1056,#1057);
#1059=PLANE('',#1058);
#1061=ORIENTED_EDGE('',*,*,#1060,.F.);
#1063=ORIENTED_EDGE('',*,*,#1062,.T.);
#1065=ORIENTED_EDGE('',*,*,#1064,.T.);
#1067=ORIENTED_EDGE('',*,*,#1066,.T.);
#1069=ORIENTED_EDGE('',*,*,#1068,.T.);
#1071=ORIENTED_EDGE('',*,*,#1070,.T.);
#1072=EDGE_LOOP('',(#1061,#1063,#1065,#1067,#1069,#1071));
#1073=FACE_OUTER_BOUND('',#1072,.F.);
#1075=CARTESIAN_POINT('',(-1.5E0,0.E0,1.5E0));
#1076=DIRECTION('',(1.E0,0.E0,0.E0));
#1077=DIRECTION('',(0.E0,0.E0,-1.E0));
#1078=AXIS2_PLACEMENT_3D('',#1075,#1076,#1077);
#1079=PLANE('',#1078);
#1080=ORIENTED_EDGE('',*,*,#1060,.T.);
#1082=ORIENTED_EDGE('',*,*,#1081,.T.);
#1084=ORIENTED_EDGE('',*,*,#1083,.F.);
#1086=ORIENTED_EDGE('',*,*,#1085,.F.);
#1087=EDGE_LOOP('',(#1080,#1082,#1084,#1086));
#1088=FACE_OUTER_BOUND('',#1087,.F.);
#1090=FILL_AREA_STYLE_COLOUR('',#29);
#1091=FILL_AREA_STYLE('',(#1090));
#1092=SURFACE_STYLE_FILL_AREA(#1091);
#1093=SURFACE_SIDE_STYLE('',(#1092));
#1094=SURFACE_STYLE_USAGE(.POSITIVE.,#1093);
#1095=PRESENTATION_STYLE_ASSIGNMENT((#1094));
#1096=OVER_RIDING_STYLED_ITEM('',(#1095),#1089,#900);
#1097=CARTESIAN_POINT('',(-1.249E0,0.E0,8.25E-1));
#1098=DIRECTION('',(0.E0,0.E0,-1.E0));
#1099=DIRECTION('',(-1.E0,0.E0,0.E0));
#1100=AXIS2_PLACEMENT_3D('',#1097,#1098,#1099);
#1101=PLANE('',#1100);
#1102=ORIENTED_EDGE('',*,*,#1081,.F.);
#1103=ORIENTED_EDGE('',*,*,#1070,.F.);
#1105=ORIENTED_EDGE('',*,*,#1104,.T.);
#1107=ORIENTED_EDGE('',*,*,#1106,.T.);
#1108=EDGE_LOOP('',(#1102,#1103,#1105,#1107));
#1109=FACE_OUTER_BOUND('',#1108,.F.);
#1111=CARTESIAN_POINT('',(-1.249E0,0.E0,9.74E-1));
#1112=DIRECTION('',(0.E0,1.E0,0.E0));
#1113=DIRECTION('',(1.E0,0.E0,0.E0));
#1114=AXIS2_PLACEMENT_3D('',#1111,#1112,#1113);
#1115=CYLINDRICAL_SURFACE('',#1114,1.49E-1);
#1116=ORIENTED_EDGE('',*,*,#1068,.F.);
#1118=ORIENTED_EDGE('',*,*,#1117,.T.);
#1120=ORIENTED_EDGE('',*,*,#1119,.T.);
#1121=ORIENTED_EDGE('',*,*,#1104,.F.);
#1122=EDGE_LOOP('',(#1116,#1118,#1120,#1121));
#1123=FACE_OUTER_BOUND('',#1122,.F.);
#1125=CARTESIAN_POINT('',(-1.1E0,0.E0,9.76E-1));
#1126=DIRECTION('',(1.E0,0.E0,0.E0));
#1127=DIRECTION('',(0.E0,0.E0,-1.E0));
#1128=AXIS2_PLACEMENT_3D('',#1125,#1126,#1127);
#1129=PLANE('',#1128);
#1130=ORIENTED_EDGE('',*,*,#1066,.F.);
#1132=ORIENTED_EDGE('',*,*,#1131,.T.);
#1134=ORIENTED_EDGE('',*,*,#1133,.T.);
#1135=ORIENTED_EDGE('',*,*,#1117,.F.);
#1136=EDGE_LOOP('',(#1130,#1132,#1134,#1135));
#1137=FACE_OUTER_BOUND('',#1136,.F.);
#1139=CARTESIAN_POINT('',(-1.249E0,0.E0,9.76E-1));
#1140=DIRECTION('',(0.E0,1.E0,0.E0));
#1141=DIRECTION('',(1.E0,0.E0,0.E0));
#1142=AXIS2_PLACEMENT_3D('',#1139,#1140,#1141);
#1143=CYLINDRICAL_SURFACE('',#1142,1.49E-1);
#1144=ORIENTED_EDGE('',*,*,#1064,.F.);
#1146=ORIENTED_EDGE('',*,*,#1145,.T.);
#1148=ORIENTED_EDGE('',*,*,#1147,.T.);
#1149=ORIENTED_EDGE('',*,*,#1131,.F.);
#1150=EDGE_LOOP('',(#1144,#1146,#1148,#1149));
#1151=FACE_OUTER_BOUND('',#1150,.F.);
#1153=CARTESIAN_POINT('',(-1.6E0,0.E0,1.125E0));
#1154=DIRECTION('',(0.E0,0.E0,1.E0));
#1155=DIRECTION('',(1.E0,0.E0,0.E0));
#1156=AXIS2_PLACEMENT_3D('',#1153,#1154,#1155);
#1157=PLANE('',#1156);
#1158=ORIENTED_EDGE('',*,*,#1085,.T.);
#1160=ORIENTED_EDGE('',*,*,#1159,.T.);
#1161=ORIENTED_EDGE('',*,*,#1145,.F.);
#1162=ORIENTED_EDGE('',*,*,#1062,.F.);
#1163=EDGE_LOOP('',(#1158,#1160,#1161,#1162));
#1164=FACE_OUTER_BOUND('',#1163,.F.);
#1166=CARTESIAN_POINT('',(0.E0,2.E-1,0.E0));
#1167=DIRECTION('',(0.E0,1.E0,0.E0));
#1168=DIRECTION('',(1.E0,0.E0,0.E0));
#1169=AXIS2_PLACEMENT_3D('',#1166,#1167,#1168);
#1170=PLANE('',#1169);
#1171=ORIENTED_EDGE('',*,*,#1083,.T.);
#1172=ORIENTED_EDGE('',*,*,#1106,.F.);
#1173=ORIENTED_EDGE('',*,*,#1119,.F.);
#1174=ORIENTED_EDGE('',*,*,#1133,.F.);
#1175=ORIENTED_EDGE('',*,*,#1147,.F.);
#1176=ORIENTED_EDGE('',*,*,#1159,.F.);
#1177=EDGE_LOOP('',(#1171,#1172,#1173,#1174,#1175,#1176));
#1178=FACE_OUTER_BOUND('',#1177,.F.);
#1180=CLOSED_SHELL('',(#1074,#1089,#1110,#1124,#1138,#1152,#1165,#1179));
#1181=MANIFOLD_SOLID_BREP('',#1180);
#1182=FILL_AREA_STYLE_COLOUR('',#28);
#1183=FILL_AREA_STYLE('',(#1182));
#1184=SURFACE_STYLE_FILL_AREA(#1183);
#1185=SURFACE_SIDE_STYLE('',(#1184));
#1186=SURFACE_STYLE_USAGE(.POSITIVE.,#1185);
#1187=PRESENTATION_STYLE_ASSIGNMENT((#1186));
#900=STYLED_ITEM('',(#1187),#1181);
#1189=DIRECTION('',(0.E0,0.E0,-1.E0));
#1190=VECTOR('',#1189,3.5E-1);
#1191=CARTESIAN_POINT('',(1.3E0,0.E0,1.75E-1));
#1192=LINE('',#1191,#1190);
#1193=CURVE_STYLE('',#35,POSITIVE_LENGTH_MEASURE(2.E-2),#28);
#1194=PRESENTATION_STYLE_ASSIGNMENT((#1193));
#1195=STYLED_ITEM('',(#1194),#1192);
#1196=DIRECTION('',(-1.E0,0.E0,0.E0));
#1197=VECTOR('',#1196,2.E-1);
#1198=CARTESIAN_POINT('',(1.5E0,0.E0,-1.75E-1));
#1199=LINE('',#1198,#1197);
#1200=CURVE_STYLE('',#35,POSITIVE_LENGTH_MEASURE(2.E-2),#28);
#1201=PRESENTATION_STYLE_ASSIGNMENT((#1200));
#1202=STYLED_ITEM('',(#1201),#1199);
#1203=DIRECTION('',(0.E0,0.E0,-1.E0));
#1204=VECTOR('',#1203,3.E-1);
#1205=CARTESIAN_POINT('',(1.5E0,0.E0,-1.75E-1));
#1206=LINE('',#1205,#1204);
#1207=CURVE_STYLE('',#35,POSITIVE_LENGTH_MEASURE(2.E-2),#28);
#1208=PRESENTATION_STYLE_ASSIGNMENT((#1207));
#1209=STYLED_ITEM('',(#1208),#1206);
#1210=DIRECTION('',(1.E0,0.E0,0.E0));
#1211=VECTOR('',#1210,2.E-1);
#1212=CARTESIAN_POINT('',(1.3E0,0.E0,-4.75E-1));
#1213=LINE('',#1212,#1211);
#1214=CURVE_STYLE('',#35,POSITIVE_LENGTH_MEASURE(2.E-2),#28);
#1215=PRESENTATION_STYLE_ASSIGNMENT((#1214));
#1216=STYLED_ITEM('',(#1215),#1213);
#1217=DIRECTION('',(0.E0,0.E0,-1.E0));
#1218=VECTOR('',#1217,3.5E-1);
#1219=CARTESIAN_POINT('',(1.3E0,0.E0,-4.75E-1));
#1220=LINE('',#1219,#1218);
#1221=CURVE_STYLE('',#35,POSITIVE_LENGTH_MEASURE(2.E-2),#28);
#1222=PRESENTATION_STYLE_ASSIGNMENT((#1221));
#1223=STYLED_ITEM('',(#1222),#1220);
#1224=DIRECTION('',(-1.E0,0.E0,0.E0));
#1225=VECTOR('',#1224,2.E-1);
#1226=CARTESIAN_POINT('',(1.5E0,0.E0,-8.25E-1));
#1227=LINE('',#1226,#1225);
#1228=CURVE_STYLE('',#35,POSITIVE_LENGTH_MEASURE(2.E-2),#28);
#1229=PRESENTATION_STYLE_ASSIGNMENT((#1228));
#1230=STYLED_ITEM('',(#1229),#1227);
#1231=DIRECTION('',(0.E0,0.E0,-1.E0));
#1232=VECTOR('',#1231,3.E-1);
#1233=CARTESIAN_POINT('',(1.5E0,0.E0,-8.25E-1));
#1234=LINE('',#1233,#1232);
#1235=CURVE_STYLE('',#35,POSITIVE_LENGTH_MEASURE(2.E-2),#28);
#1236=PRESENTATION_STYLE_ASSIGNMENT((#1235));
#1237=STYLED_ITEM('',(#1236),#1234);
#1238=DIRECTION('',(1.E0,0.E0,0.E0));
#1239=VECTOR('',#1238,2.51E-1);
#1240=CARTESIAN_POINT('',(1.249E0,0.E0,-1.125E0));
#1241=LINE('',#1240,#1239);
#1242=CURVE_STYLE('',#35,POSITIVE_LENGTH_MEASURE(2.E-2),#28);
#1243=PRESENTATION_STYLE_ASSIGNMENT((#1242));
#1244=STYLED_ITEM('',(#1243),#1241);
#1245=CARTESIAN_POINT('',(1.249E0,0.E0,-9.76E-1));
#1246=DIRECTION('',(0.E0,-1.E0,0.E0));
#1247=DIRECTION('',(-1.E0,0.E0,0.E0));
#1248=AXIS2_PLACEMENT_3D('',#1245,#1246,#1247);
#1250=CURVE_STYLE('',#35,POSITIVE_LENGTH_MEASURE(2.E-2),#28);
#1251=PRESENTATION_STYLE_ASSIGNMENT((#1250));
#1252=STYLED_ITEM('',(#1251),#1249);
#1253=CARTESIAN_POINT('',(1.249E0,0.E0,3.26E-1));
#1254=DIRECTION('',(0.E0,-1.E0,0.E0));
#1255=DIRECTION('',(0.E0,0.E0,1.E0));
#1256=AXIS2_PLACEMENT_3D('',#1253,#1254,#1255);
#1258=CURVE_STYLE('',#35,POSITIVE_LENGTH_MEASURE(2.E-2),#28);
#1259=PRESENTATION_STYLE_ASSIGNMENT((#1258));
#1260=STYLED_ITEM('',(#1259),#1257);
#1261=DIRECTION('',(-1.E0,0.E0,0.E0));
#1262=VECTOR('',#1261,2.51E-1);
#1263=CARTESIAN_POINT('',(1.5E0,0.E0,4.75E-1));
#1264=LINE('',#1263,#1262);
#1265=CURVE_STYLE('',#35,POSITIVE_LENGTH_MEASURE(2.E-2),#28);
#1266=PRESENTATION_STYLE_ASSIGNMENT((#1265));
#1267=STYLED_ITEM('',(#1266),#1264);
#1268=DIRECTION('',(0.E0,0.E0,-1.E0));
#1269=VECTOR('',#1268,3.E-1);
#1270=CARTESIAN_POINT('',(1.5E0,0.E0,4.75E-1));
#1271=LINE('',#1270,#1269);
#1272=CURVE_STYLE('',#35,POSITIVE_LENGTH_MEASURE(2.E-2),#28);
#1273=PRESENTATION_STYLE_ASSIGNMENT((#1272));
#1274=STYLED_ITEM('',(#1273),#1271);
#1275=DIRECTION('',(1.E0,0.E0,0.E0));
#1276=VECTOR('',#1275,2.E-1);
#1277=CARTESIAN_POINT('',(1.3E0,0.E0,1.75E-1));
#1278=LINE('',#1277,#1276);
#1279=CURVE_STYLE('',#35,POSITIVE_LENGTH_MEASURE(2.E-2),#28);
#1280=PRESENTATION_STYLE_ASSIGNMENT((#1279));
#1281=STYLED_ITEM('',(#1280),#1278);
#1282=DIRECTION('',(0.E0,1.E0,0.E0));
#1283=VECTOR('',#1282,2.E-1);
#1284=CARTESIAN_POINT('',(1.3E0,0.E0,-8.25E-1));
#1285=LINE('',#1284,#1283);
#1286=CURVE_STYLE('',#35,POSITIVE_LENGTH_MEASURE(2.E-2),#28);
#1287=PRESENTATION_STYLE_ASSIGNMENT((#1286));
#1288=STYLED_ITEM('',(#1287),#1285);
#1289=DIRECTION('',(0.E0,1.E0,0.E0));
#1290=VECTOR('',#1289,2.E-1);
#1291=CARTESIAN_POINT('',(1.5E0,0.E0,-8.25E-1));
#1292=LINE('',#1291,#1290);
#1293=CURVE_STYLE('',#35,POSITIVE_LENGTH_MEASURE(2.E-2),#28);
#1294=PRESENTATION_STYLE_ASSIGNMENT((#1293));
#1295=STYLED_ITEM('',(#1294),#1292);
#1296=DIRECTION('',(0.E0,0.E0,-1.E0));
#1297=VECTOR('',#1296,1.302E0);
#1298=CARTESIAN_POINT('',(1.1E0,2.E-1,3.26E-1));
#1299=LINE('',#1298,#1297);
#1300=CURVE_STYLE('',#35,POSITIVE_LENGTH_MEASURE(2.E-2),#28);
#1301=PRESENTATION_STYLE_ASSIGNMENT((#1300));
#1302=STYLED_ITEM('',(#1301),#1299);
#1303=CARTESIAN_POINT('',(1.249E0,2.E-1,-9.76E-1));
#1304=DIRECTION('',(0.E0,-1.E0,0.E0));
#1305=DIRECTION('',(-1.E0,0.E0,0.E0));
#1306=AXIS2_PLACEMENT_3D('',#1303,#1304,#1305);
#1308=CURVE_STYLE('',#35,POSITIVE_LENGTH_MEASURE(2.E-2),#28);
#1309=PRESENTATION_STYLE_ASSIGNMENT((#1308));
#1310=STYLED_ITEM('',(#1309),#1307);
#1311=DIRECTION('',(1.E0,0.E0,0.E0));
#1312=VECTOR('',#1311,2.51E-1);
#1313=CARTESIAN_POINT('',(1.249E0,2.E-1,-1.125E0));
#1314=LINE('',#1313,#1312);
#1315=CURVE_STYLE('',#35,POSITIVE_LENGTH_MEASURE(2.E-2),#28);
#1316=PRESENTATION_STYLE_ASSIGNMENT((#1315));
#1317=STYLED_ITEM('',(#1316),#1314);
#1318=DIRECTION('',(0.E0,0.E0,-1.E0));
#1319=VECTOR('',#1318,3.E-1);
#1320=CARTESIAN_POINT('',(1.5E0,2.E-1,-8.25E-1));
#1321=LINE('',#1320,#1319);
#1322=CURVE_STYLE('',#35,POSITIVE_LENGTH_MEASURE(2.E-2),#28);
#1323=PRESENTATION_STYLE_ASSIGNMENT((#1322));
#1324=STYLED_ITEM('',(#1323),#1321);
#1325=DIRECTION('',(-1.E0,0.E0,0.E0));
#1326=VECTOR('',#1325,2.E-1);
#1327=CARTESIAN_POINT('',(1.5E0,2.E-1,-8.25E-1));
#1328=LINE('',#1327,#1326);
#1329=CURVE_STYLE('',#35,POSITIVE_LENGTH_MEASURE(2.E-2),#28);
#1330=PRESENTATION_STYLE_ASSIGNMENT((#1329));
#1331=STYLED_ITEM('',(#1330),#1328);
#1332=DIRECTION('',(0.E0,0.E0,-1.E0));
#1333=VECTOR('',#1332,3.5E-1);
#1334=CARTESIAN_POINT('',(1.3E0,2.E-1,-4.75E-1));
#1335=LINE('',#1334,#1333);
#1336=CURVE_STYLE('',#35,POSITIVE_LENGTH_MEASURE(2.E-2),#28);
#1337=PRESENTATION_STYLE_ASSIGNMENT((#1336));
#1338=STYLED_ITEM('',(#1337),#1335);
#1339=DIRECTION('',(1.E0,0.E0,0.E0));
#1340=VECTOR('',#1339,2.E-1);
#1341=CARTESIAN_POINT('',(1.3E0,2.E-1,-4.75E-1));
#1342=LINE('',#1341,#1340);
#1343=CURVE_STYLE('',#35,POSITIVE_LENGTH_MEASURE(2.E-2),#28);
#1344=PRESENTATION_STYLE_ASSIGNMENT((#1343));
#1345=STYLED_ITEM('',(#1344),#1342);
#1346=DIRECTION('',(0.E0,0.E0,-1.E0));
#1347=VECTOR('',#1346,3.E-1);
#1348=CARTESIAN_POINT('',(1.5E0,2.E-1,-1.75E-1));
#1349=LINE('',#1348,#1347);
#1350=CURVE_STYLE('',#35,POSITIVE_LENGTH_MEASURE(2.E-2),#28);
#1351=PRESENTATION_STYLE_ASSIGNMENT((#1350));
#1352=STYLED_ITEM('',(#1351),#1349);
#1353=DIRECTION('',(-1.E0,0.E0,0.E0));
#1354=VECTOR('',#1353,2.E-1);
#1355=CARTESIAN_POINT('',(1.5E0,2.E-1,-1.75E-1));
#1356=LINE('',#1355,#1354);
#1357=CURVE_STYLE('',#35,POSITIVE_LENGTH_MEASURE(2.E-2),#28);
#1358=PRESENTATION_STYLE_ASSIGNMENT((#1357));
#1359=STYLED_ITEM('',(#1358),#1356);
#1360=DIRECTION('',(0.E0,0.E0,-1.E0));
#1361=VECTOR('',#1360,3.5E-1);
#1362=CARTESIAN_POINT('',(1.3E0,2.E-1,1.75E-1));
#1363=LINE('',#1362,#1361);
#1364=CURVE_STYLE('',#35,POSITIVE_LENGTH_MEASURE(2.E-2),#28);
#1365=PRESENTATION_STYLE_ASSIGNMENT((#1364));
#1366=STYLED_ITEM('',(#1365),#1363);
#1367=DIRECTION('',(1.E0,0.E0,0.E0));
#1368=VECTOR('',#1367,2.E-1);
#1369=CARTESIAN_POINT('',(1.3E0,2.E-1,1.75E-1));
#1370=LINE('',#1369,#1368);
#1371=CURVE_STYLE('',#35,POSITIVE_LENGTH_MEASURE(2.E-2),#28);
#1372=PRESENTATION_STYLE_ASSIGNMENT((#1371));
#1373=STYLED_ITEM('',(#1372),#1370);
#1374=DIRECTION('',(0.E0,0.E0,-1.E0));
#1375=VECTOR('',#1374,3.E-1);
#1376=CARTESIAN_POINT('',(1.5E0,2.E-1,4.75E-1));
#1377=LINE('',#1376,#1375);
#1378=CURVE_STYLE('',#35,POSITIVE_LENGTH_MEASURE(2.E-2),#28);
#1379=PRESENTATION_STYLE_ASSIGNMENT((#1378));
#1380=STYLED_ITEM('',(#1379),#1377);
#1381=DIRECTION('',(-1.E0,0.E0,0.E0));
#1382=VECTOR('',#1381,2.51E-1);
#1383=CARTESIAN_POINT('',(1.5E0,2.E-1,4.75E-1));
#1384=LINE('',#1383,#1382);
#1385=CURVE_STYLE('',#35,POSITIVE_LENGTH_MEASURE(2.E-2),#28);
#1386=PRESENTATION_STYLE_ASSIGNMENT((#1385));
#1387=STYLED_ITEM('',(#1386),#1384);
#1388=CARTESIAN_POINT('',(1.249E0,2.E-1,3.26E-1));
#1389=DIRECTION('',(0.E0,-1.E0,0.E0));
#1390=DIRECTION('',(0.E0,0.E0,1.E0));
#1391=AXIS2_PLACEMENT_3D('',#1388,#1389,#1390);
#1393=CURVE_STYLE('',#35,POSITIVE_LENGTH_MEASURE(2.E-2),#28);
#1394=PRESENTATION_STYLE_ASSIGNMENT((#1393));
#1395=STYLED_ITEM('',(#1394),#1392);
#1396=DIRECTION('',(0.E0,0.E0,-1.E0));
#1397=VECTOR('',#1396,1.302E0);
#1398=CARTESIAN_POINT('',(1.1E0,0.E0,3.26E-1));
#1399=LINE('',#1398,#1397);
#1400=CURVE_STYLE('',#35,POSITIVE_LENGTH_MEASURE(2.E-2),#28);
#1401=PRESENTATION_STYLE_ASSIGNMENT((#1400));
#1402=STYLED_ITEM('',(#1401),#1399);
#1403=DIRECTION('',(0.E0,1.E0,0.E0));
#1404=VECTOR('',#1403,2.E-1);
#1405=CARTESIAN_POINT('',(1.1E0,0.E0,3.26E-1));
#1406=LINE('',#1405,#1404);
#1407=CURVE_STYLE('',#35,POSITIVE_LENGTH_MEASURE(2.E-2),#28);
#1408=PRESENTATION_STYLE_ASSIGNMENT((#1407));
#1409=STYLED_ITEM('',(#1408),#1406);
#1410=DIRECTION('',(0.E0,1.E0,0.E0));
#1411=VECTOR('',#1410,2.E-1);
#1412=CARTESIAN_POINT('',(1.1E0,0.E0,-9.76E-1));
#1413=LINE('',#1412,#1411);
#1414=CURVE_STYLE('',#35,POSITIVE_LENGTH_MEASURE(2.E-2),#28);
#1415=PRESENTATION_STYLE_ASSIGNMENT((#1414));
#1416=STYLED_ITEM('',(#1415),#1413);
#1417=DIRECTION('',(0.E0,1.E0,0.E0));
#1418=VECTOR('',#1417,2.E-1);
#1419=CARTESIAN_POINT('',(1.5E0,0.E0,-1.125E0));
#1420=LINE('',#1419,#1418);
#1421=CURVE_STYLE('',#35,POSITIVE_LENGTH_MEASURE(2.E-2),#28);
#1422=PRESENTATION_STYLE_ASSIGNMENT((#1421));
#1423=STYLED_ITEM('',(#1422),#1420);
#1424=DIRECTION('',(0.E0,1.E0,0.E0));
#1425=VECTOR('',#1424,2.E-1);
#1426=CARTESIAN_POINT('',(1.249E0,0.E0,-1.125E0));
#1427=LINE('',#1426,#1425);
#1428=CURVE_STYLE('',#35,POSITIVE_LENGTH_MEASURE(2.E-2),#28);
#1429=PRESENTATION_STYLE_ASSIGNMENT((#1428));
#1430=STYLED_ITEM('',(#1429),#1427);
#1431=DIRECTION('',(0.E0,1.E0,0.E0));
#1432=VECTOR('',#1431,2.E-1);
#1433=CARTESIAN_POINT('',(1.249E0,0.E0,4.75E-1));
#1434=LINE('',#1433,#1432);
#1435=CURVE_STYLE('',#35,POSITIVE_LENGTH_MEASURE(2.E-2),#28);
#1436=PRESENTATION_STYLE_ASSIGNMENT((#1435));
#1437=STYLED_ITEM('',(#1436),#1434);
#1438=DIRECTION('',(0.E0,1.E0,0.E0));
#1439=VECTOR('',#1438,2.E-1);
#1440=CARTESIAN_POINT('',(1.5E0,0.E0,4.75E-1));
#1441=LINE('',#1440,#1439);
#1442=CURVE_STYLE('',#35,POSITIVE_LENGTH_MEASURE(2.E-2),#28);
#1443=PRESENTATION_STYLE_ASSIGNMENT((#1442));
#1444=STYLED_ITEM('',(#1443),#1441);
#1445=DIRECTION('',(0.E0,1.E0,0.E0));
#1446=VECTOR('',#1445,2.E-1);
#1447=CARTESIAN_POINT('',(1.3E0,0.E0,-4.75E-1));
#1448=LINE('',#1447,#1446);
#1449=CURVE_STYLE('',#35,POSITIVE_LENGTH_MEASURE(2.E-2),#28);
#1450=PRESENTATION_STYLE_ASSIGNMENT((#1449));
#1451=STYLED_ITEM('',(#1450),#1448);
#1452=DIRECTION('',(0.E0,1.E0,0.E0));
#1453=VECTOR('',#1452,2.E-1);
#1454=CARTESIAN_POINT('',(1.5E0,0.E0,-4.75E-1));
#1455=LINE('',#1454,#1453);
#1456=CURVE_STYLE('',#35,POSITIVE_LENGTH_MEASURE(2.E-2),#28);
#1457=PRESENTATION_STYLE_ASSIGNMENT((#1456));
#1458=STYLED_ITEM('',(#1457),#1455);
#1459=DIRECTION('',(0.E0,1.E0,0.E0));
#1460=VECTOR('',#1459,2.E-1);
#1461=CARTESIAN_POINT('',(1.3E0,0.E0,-1.75E-1));
#1462=LINE('',#1461,#1460);
#1463=CURVE_STYLE('',#35,POSITIVE_LENGTH_MEASURE(2.E-2),#28);
#1464=PRESENTATION_STYLE_ASSIGNMENT((#1463));
#1465=STYLED_ITEM('',(#1464),#1462);
#1466=DIRECTION('',(0.E0,1.E0,0.E0));
#1467=VECTOR('',#1466,2.E-1);
#1468=CARTESIAN_POINT('',(1.5E0,0.E0,-1.75E-1));
#1469=LINE('',#1468,#1467);
#1470=CURVE_STYLE('',#35,POSITIVE_LENGTH_MEASURE(2.E-2),#28);
#1471=PRESENTATION_STYLE_ASSIGNMENT((#1470));
#1472=STYLED_ITEM('',(#1471),#1469);
#1473=DIRECTION('',(0.E0,1.E0,0.E0));
#1474=VECTOR('',#1473,2.E-1);
#1475=CARTESIAN_POINT('',(1.3E0,0.E0,1.75E-1));
#1476=LINE('',#1475,#1474);
#1477=CURVE_STYLE('',#35,POSITIVE_LENGTH_MEASURE(2.E-2),#28);
#1478=PRESENTATION_STYLE_ASSIGNMENT((#1477));
#1479=STYLED_ITEM('',(#1478),#1476);
#1480=DIRECTION('',(0.E0,1.E0,0.E0));
#1481=VECTOR('',#1480,2.E-1);
#1482=CARTESIAN_POINT('',(1.5E0,0.E0,1.75E-1));
#1483=LINE('',#1482,#1481);
#1484=CURVE_STYLE('',#35,POSITIVE_LENGTH_MEASURE(2.E-2),#28);
#1485=PRESENTATION_STYLE_ASSIGNMENT((#1484));
#1486=STYLED_ITEM('',(#1485),#1483);
#1487=CARTESIAN_POINT('',(1.1E0,0.E0,-9.76E-1));
#1488=CARTESIAN_POINT('',(1.249E0,0.E0,-1.125E0));
#1489=VERTEX_POINT('',#1487);
#1490=VERTEX_POINT('',#1488);
#1491=CARTESIAN_POINT('',(1.1E0,2.E-1,-9.76E-1));
#1492=CARTESIAN_POINT('',(1.249E0,2.E-1,-1.125E0));
#1493=VERTEX_POINT('',#1491);
#1494=VERTEX_POINT('',#1492);
#1495=CARTESIAN_POINT('',(1.249E0,0.E0,4.75E-1));
#1496=CARTESIAN_POINT('',(1.1E0,0.E0,3.26E-1));
#1497=VERTEX_POINT('',#1495);
#1498=VERTEX_POINT('',#1496);
#1499=CARTESIAN_POINT('',(1.249E0,2.E-1,4.75E-1));
#1500=CARTESIAN_POINT('',(1.1E0,2.E-1,3.26E-1));
#1501=VERTEX_POINT('',#1499);
#1502=VERTEX_POINT('',#1500);
#1503=CARTESIAN_POINT('',(1.5E0,0.E0,-8.25E-1));
#1504=CARTESIAN_POINT('',(1.5E0,0.E0,-1.125E0));
#1505=VERTEX_POINT('',#1503);
#1506=VERTEX_POINT('',#1504);
#1507=CARTESIAN_POINT('',(1.5E0,2.E-1,-8.25E-1));
#1508=CARTESIAN_POINT('',(1.5E0,2.E-1,-1.125E0));
#1509=VERTEX_POINT('',#1507);
#1510=VERTEX_POINT('',#1508);
#1511=CARTESIAN_POINT('',(1.5E0,0.E0,-1.75E-1));
#1512=CARTESIAN_POINT('',(1.5E0,0.E0,-4.75E-1));
#1513=VERTEX_POINT('',#1511);
#1514=VERTEX_POINT('',#1512);
#1515=CARTESIAN_POINT('',(1.5E0,2.E-1,-1.75E-1));
#1516=CARTESIAN_POINT('',(1.5E0,2.E-1,-4.75E-1));
#1517=VERTEX_POINT('',#1515);
#1518=VERTEX_POINT('',#1516);
#1519=CARTESIAN_POINT('',(1.5E0,0.E0,4.75E-1));
#1520=CARTESIAN_POINT('',(1.5E0,0.E0,1.75E-1));
#1521=VERTEX_POINT('',#1519);
#1522=VERTEX_POINT('',#1520);
#1523=CARTESIAN_POINT('',(1.5E0,2.E-1,4.75E-1));
#1524=CARTESIAN_POINT('',(1.5E0,2.E-1,1.75E-1));
#1525=VERTEX_POINT('',#1523);
#1526=VERTEX_POINT('',#1524);
#1527=CARTESIAN_POINT('',(1.3E0,0.E0,-8.25E-1));
#1528=CARTESIAN_POINT('',(1.3E0,2.E-1,-8.25E-1));
#1529=VERTEX_POINT('',#1527);
#1530=VERTEX_POINT('',#1528);
#1531=CARTESIAN_POINT('',(1.3E0,0.E0,-1.75E-1));
#1532=CARTESIAN_POINT('',(1.3E0,2.E-1,-1.75E-1));
#1533=VERTEX_POINT('',#1531);
#1534=VERTEX_POINT('',#1532);
#1535=CARTESIAN_POINT('',(1.3E0,0.E0,-4.75E-1));
#1536=CARTESIAN_POINT('',(1.3E0,2.E-1,-4.75E-1));
#1537=VERTEX_POINT('',#1535);
#1538=VERTEX_POINT('',#1536);
#1539=CARTESIAN_POINT('',(1.3E0,0.E0,1.75E-1));
#1540=CARTESIAN_POINT('',(1.3E0,2.E-1,1.75E-1));
#1541=VERTEX_POINT('',#1539);
#1542=VERTEX_POINT('',#1540);
#1543=CARTESIAN_POINT('',(1.5E0,0.E0,-1.5E0));
#1544=DIRECTION('',(-1.E0,0.E0,0.E0));
#1545=DIRECTION('',(0.E0,0.E0,1.E0));
#1546=AXIS2_PLACEMENT_3D('',#1543,#1544,#1545);
#1547=PLANE('',#1546);
#1549=ORIENTED_EDGE('',*,*,#1548,.F.);
#1551=ORIENTED_EDGE('',*,*,#1550,.T.);
#1553=ORIENTED_EDGE('',*,*,#1552,.T.);
#1555=ORIENTED_EDGE('',*,*,#1554,.F.);
#1556=EDGE_LOOP('',(#1549,#1551,#1553,#1555));
#1557=FACE_OUTER_BOUND('',#1556,.F.);
#1559=FILL_AREA_STYLE_COLOUR('',#29);
#1560=FILL_AREA_STYLE('',(#1559));
#1561=SURFACE_STYLE_FILL_AREA(#1560);
#1562=SURFACE_SIDE_STYLE('',(#1561));
#1563=SURFACE_STYLE_USAGE(.POSITIVE.,#1562);
#1564=PRESENTATION_STYLE_ASSIGNMENT((#1563));
#1565=OVER_RIDING_STYLED_ITEM('',(#1564),#1558,#1188);
#1566=CARTESIAN_POINT('',(1.5E0,0.E0,-1.5E0));
#1567=DIRECTION('',(-1.E0,0.E0,0.E0));
#1568=DIRECTION('',(0.E0,0.E0,1.E0));
#1569=AXIS2_PLACEMENT_3D('',#1566,#1567,#1568);
#1570=PLANE('',#1569);
#1572=ORIENTED_EDGE('',*,*,#1571,.F.);
#1574=ORIENTED_EDGE('',*,*,#1573,.T.);
#1576=ORIENTED_EDGE('',*,*,#1575,.T.);
#1578=ORIENTED_EDGE('',*,*,#1577,.F.);
#1579=EDGE_LOOP('',(#1572,#1574,#1576,#1578));
#1580=FACE_OUTER_BOUND('',#1579,.F.);
#1582=FILL_AREA_STYLE_COLOUR('',#29);
#1583=FILL_AREA_STYLE('',(#1582));
#1584=SURFACE_STYLE_FILL_AREA(#1583);
#1585=SURFACE_SIDE_STYLE('',(#1584));
#1586=SURFACE_STYLE_USAGE(.POSITIVE.,#1585);
#1587=PRESENTATION_STYLE_ASSIGNMENT((#1586));
#1588=OVER_RIDING_STYLED_ITEM('',(#1587),#1581,#1188);
#1589=CARTESIAN_POINT('',(1.5E0,0.E0,-1.5E0));
#1590=DIRECTION('',(-1.E0,0.E0,0.E0));
#1591=DIRECTION('',(0.E0,0.E0,1.E0));
#1592=AXIS2_PLACEMENT_3D('',#1589,#1590,#1591);
#1593=PLANE('',#1592);
#1595=ORIENTED_EDGE('',*,*,#1594,.F.);
#1597=ORIENTED_EDGE('',*,*,#1596,.T.);
#1599=ORIENTED_EDGE('',*,*,#1598,.T.);
#1601=ORIENTED_EDGE('',*,*,#1600,.F.);
#1602=EDGE_LOOP('',(#1595,#1597,#1599,#1601));
#1603=FACE_OUTER_BOUND('',#1602,.F.);
#1605=FILL_AREA_STYLE_COLOUR('',#29);
#1606=FILL_AREA_STYLE('',(#1605));
#1607=SURFACE_STYLE_FILL_AREA(#1606);
#1608=SURFACE_SIDE_STYLE('',(#1607));
#1609=SURFACE_STYLE_USAGE(.POSITIVE.,#1608);
#1610=PRESENTATION_STYLE_ASSIGNMENT((#1609));
#1611=OVER_RIDING_STYLED_ITEM('',(#1610),#1604,#1188);
#1612=CARTESIAN_POINT('',(0.E0,0.E0,0.E0));
#1613=DIRECTION('',(0.E0,-1.E0,0.E0));
#1614=DIRECTION('',(-1.E0,0.E0,0.E0));
#1615=AXIS2_PLACEMENT_3D('',#1612,#1613,#1614);
#1616=PLANE('',#1615);
#1618=ORIENTED_EDGE('',*,*,#1617,.T.);
#1620=ORIENTED_EDGE('',*,*,#1619,.F.);
#1621=ORIENTED_EDGE('',*,*,#1571,.T.);
#1623=ORIENTED_EDGE('',*,*,#1622,.F.);
#1625=ORIENTED_EDGE('',*,*,#1624,.T.);
#1627=ORIENTED_EDGE('',*,*,#1626,.F.);
#1628=ORIENTED_EDGE('',*,*,#1548,.T.);
#1630=ORIENTED_EDGE('',*,*,#1629,.F.);
#1632=ORIENTED_EDGE('',*,*,#1631,.F.);
#1634=ORIENTED_EDGE('',*,*,#1633,.F.);
#1636=ORIENTED_EDGE('',*,*,#1635,.F.);
#1638=ORIENTED_EDGE('',*,*,#1637,.F.);
#1639=ORIENTED_EDGE('',*,*,#1594,.T.);
#1641=ORIENTED_EDGE('',*,*,#1640,.F.);
#1642=EDGE_LOOP('',(#1618,#1620,#1621,#1623,#1625,#1627,#1628,#1630,#1632,#1634,
#1636,#1638,#1639,#1641));
#1643=FACE_OUTER_BOUND('',#1642,.F.);
#1645=CARTESIAN_POINT('',(1.3E0,0.E0,3.26E-1));
#1646=DIRECTION('',(1.E0,0.E0,0.E0));
#1647=DIRECTION('',(0.E0,0.E0,-1.E0));
#1648=AXIS2_PLACEMENT_3D('',#1645,#1646,#1647);
#1649=PLANE('',#1648);
#1651=ORIENTED_EDGE('',*,*,#1650,.F.);
#1652=ORIENTED_EDGE('',*,*,#1624,.F.);
#1654=ORIENTED_EDGE('',*,*,#1653,.T.);
#1656=ORIENTED_EDGE('',*,*,#1655,.T.);
#1657=EDGE_LOOP('',(#1651,#1652,#1654,#1656));
#1658=FACE_OUTER_BOUND('',#1657,.F.);
#1660=CARTESIAN_POINT('',(1.3E0,0.E0,3.26E-1));
#1661=DIRECTION('',(1.E0,0.E0,0.E0));
#1662=DIRECTION('',(0.E0,0.E0,-1.E0));
#1663=AXIS2_PLACEMENT_3D('',#1660,#1661,#1662);
#1664=PLANE('',#1663);
#1666=ORIENTED_EDGE('',*,*,#1665,.F.);
#1667=ORIENTED_EDGE('',*,*,#1617,.F.);
#1669=ORIENTED_EDGE('',*,*,#1668,.T.);
#1671=ORIENTED_EDGE('',*,*,#1670,.T.);
#1672=EDGE_LOOP('',(#1666,#1667,#1669,#1671));
#1673=FACE_OUTER_BOUND('',#1672,.F.);
#1675=CARTESIAN_POINT('',(1.6E0,0.E0,-8.25E-1));
#1676=DIRECTION('',(0.E0,0.E0,-1.E0));
#1677=DIRECTION('',(-1.E0,0.E0,0.E0));
#1678=AXIS2_PLACEMENT_3D('',#1675,#1676,#1677);
#1679=PLANE('',#1678);
#1680=ORIENTED_EDGE('',*,*,#1650,.T.);
#1682=ORIENTED_EDGE('',*,*,#1681,.F.);
#1683=ORIENTED_EDGE('',*,*,#1550,.F.);
#1684=ORIENTED_EDGE('',*,*,#1626,.T.);
#1685=EDGE_LOOP('',(#1680,#1682,#1683,#1684));
#1686=FACE_OUTER_BOUND('',#1685,.F.);
#1688=CARTESIAN_POINT('',(0.E0,2.E-1,0.E0));
#1689=DIRECTION('',(0.E0,-1.E0,0.E0));
#1690=DIRECTION('',(-1.E0,0.E0,0.E0));
#1691=AXIS2_PLACEMENT_3D('',#1688,#1689,#1690);
#1692=PLANE('',#1691);
#1694=ORIENTED_EDGE('',*,*,#1693,.T.);
#1696=ORIENTED_EDGE('',*,*,#1695,.T.);
#1698=ORIENTED_EDGE('',*,*,#1697,.T.);
#1699=ORIENTED_EDGE('',*,*,#1552,.F.);
#1700=ORIENTED_EDGE('',*,*,#1681,.T.);
#1701=ORIENTED_EDGE('',*,*,#1655,.F.);
#1703=ORIENTED_EDGE('',*,*,#1702,.T.);
#1704=ORIENTED_EDGE('',*,*,#1575,.F.);
#1706=ORIENTED_EDGE('',*,*,#1705,.T.);
#1707=ORIENTED_EDGE('',*,*,#1670,.F.);
#1709=ORIENTED_EDGE('',*,*,#1708,.T.);
#1710=ORIENTED_EDGE('',*,*,#1598,.F.);
#1712=ORIENTED_EDGE('',*,*,#1711,.T.);
#1714=ORIENTED_EDGE('',*,*,#1713,.T.);
#1715=EDGE_LOOP('',(#1694,#1696,#1698,#1699,#1700,#1701,#1703,#1704,#1706,#1707,
#1709,#1710,#1712,#1714));
#1716=FACE_OUTER_BOUND('',#1715,.F.);
#1718=CARTESIAN_POINT('',(1.1E0,0.E0,-9.74E-1));
#1719=DIRECTION('',(1.E0,0.E0,0.E0));
#1720=DIRECTION('',(0.E0,0.E0,-1.E0));
#1721=AXIS2_PLACEMENT_3D('',#1718,#1719,#1720);
#1722=PLANE('',#1721);
#1723=ORIENTED_EDGE('',*,*,#1633,.T.);
#1725=ORIENTED_EDGE('',*,*,#1724,.T.);
#1726=ORIENTED_EDGE('',*,*,#1693,.F.);
#1728=ORIENTED_EDGE('',*,*,#1727,.F.);
#1729=EDGE_LOOP('',(#1723,#1725,#1726,#1728));
#1730=FACE_OUTER_BOUND('',#1729,.F.);
#1732=CARTESIAN_POINT('',(1.249E0,0.E0,-9.76E-1));
#1733=DIRECTION('',(0.E0,-1.E0,0.E0));
#1734=DIRECTION('',(-1.E0,0.E0,0.E0));
#1735=AXIS2_PLACEMENT_3D('',#1732,#1733,#1734);
#1736=CYLINDRICAL_SURFACE('',#1735,1.49E-1);
#1737=ORIENTED_EDGE('',*,*,#1631,.T.);
#1739=ORIENTED_EDGE('',*,*,#1738,.T.);
#1740=ORIENTED_EDGE('',*,*,#1695,.F.);
#1741=ORIENTED_EDGE('',*,*,#1724,.F.);
#1742=EDGE_LOOP('',(#1737,#1739,#1740,#1741));
#1743=FACE_OUTER_BOUND('',#1742,.F.);
#1745=CARTESIAN_POINT('',(1.249E0,0.E0,-1.125E0));
#1746=DIRECTION('',(0.E0,0.E0,1.E0));
#1747=DIRECTION('',(1.E0,0.E0,0.E0));
#1748=AXIS2_PLACEMENT_3D('',#1745,#1746,#1747);
#1749=PLANE('',#1748);
#1750=ORIENTED_EDGE('',*,*,#1554,.T.);
#1751=ORIENTED_EDGE('',*,*,#1697,.F.);
#1752=ORIENTED_EDGE('',*,*,#1738,.F.);
#1753=ORIENTED_EDGE('',*,*,#1629,.T.);
#1754=EDGE_LOOP('',(#1750,#1751,#1752,#1753));
#1755=FACE_OUTER_BOUND('',#1754,.F.);
#1757=CARTESIAN_POINT('',(1.249E0,0.E0,3.26E-1));
#1758=DIRECTION('',(0.E0,-1.E0,0.E0));
#1759=DIRECTION('',(-1.E0,0.E0,0.E0));
#1760=AXIS2_PLACEMENT_3D('',#1757,#1758,#1759);
#1761=CYLINDRICAL_SURFACE('',#1760,1.49E-1);
#1762=ORIENTED_EDGE('',*,*,#1635,.T.);
#1763=ORIENTED_EDGE('',*,*,#1727,.T.);
#1764=ORIENTED_EDGE('',*,*,#1713,.F.);
#1766=ORIENTED_EDGE('',*,*,#1765,.F.);
#1767=EDGE_LOOP('',(#1762,#1763,#1764,#1766));
#1768=FACE_OUTER_BOUND('',#1767,.F.);
#1770=CARTESIAN_POINT('',(1.6E0,0.E0,4.75E-1));
#1771=DIRECTION('',(0.E0,0.E0,-1.E0));
#1772=DIRECTION('',(-1.E0,0.E0,0.E0));
#1773=AXIS2_PLACEMENT_3D('',#1770,#1771,#1772);
#1774=PLANE('',#1773);
#1775=ORIENTED_EDGE('',*,*,#1596,.F.);
#1776=ORIENTED_EDGE('',*,*,#1637,.T.);
#1777=ORIENTED_EDGE('',*,*,#1765,.T.);
#1778=ORIENTED_EDGE('',*,*,#1711,.F.);
#1779=EDGE_LOOP('',(#1775,#1776,#1777,#1778));
#1780=FACE_OUTER_BOUND('',#1779,.F.);
#1782=CARTESIAN_POINT('',(1.249E0,0.E0,-4.75E-1));
#1783=DIRECTION('',(0.E0,0.E0,1.E0));
#1784=DIRECTION('',(1.E0,0.E0,0.E0));
#1785=AXIS2_PLACEMENT_3D('',#1782,#1783,#1784);
#1786=PLANE('',#1785);
#1787=ORIENTED_EDGE('',*,*,#1653,.F.);
#1788=ORIENTED_EDGE('',*,*,#1622,.T.);
#1789=ORIENTED_EDGE('',*,*,#1577,.T.);
#1790=ORIENTED_EDGE('',*,*,#1702,.F.);
#1791=EDGE_LOOP('',(#1787,#1788,#1789,#1790));
#1792=FACE_OUTER_BOUND('',#1791,.F.);
#1794=CARTESIAN_POINT('',(1.6E0,0.E0,-1.75E-1));
#1795=DIRECTION('',(0.E0,0.E0,-1.E0));
#1796=DIRECTION('',(-1.E0,0.E0,0.E0));
#1797=AXIS2_PLACEMENT_3D('',#1794,#1795,#1796);
#1798=PLANE('',#1797);
#1799=ORIENTED_EDGE('',*,*,#1665,.T.);
#1800=ORIENTED_EDGE('',*,*,#1705,.F.);
#1801=ORIENTED_EDGE('',*,*,#1573,.F.);
#1802=ORIENTED_EDGE('',*,*,#1619,.T.);
#1803=EDGE_LOOP('',(#1799,#1800,#1801,#1802));
#1804=FACE_OUTER_BOUND('',#1803,.F.);
#1806=CARTESIAN_POINT('',(1.249E0,0.E0,1.75E-1));
#1807=DIRECTION('',(0.E0,0.E0,1.E0));
#1808=DIRECTION('',(1.E0,0.E0,0.E0));
#1809=AXIS2_PLACEMENT_3D('',#1806,#1807,#1808);
#1810=PLANE('',#1809);
#1811=ORIENTED_EDGE('',*,*,#1668,.F.);
#1812=ORIENTED_EDGE('',*,*,#1640,.T.);
#1813=ORIENTED_EDGE('',*,*,#1600,.T.);
#1814=ORIENTED_EDGE('',*,*,#1708,.F.);
#1815=EDGE_LOOP('',(#1811,#1812,#1813,#1814));
#1816=FACE_OUTER_BOUND('',#1815,.F.);
#1818=CLOSED_SHELL('',(#1558,#1581,#1604,#1644,#1659,#1674,#1687,#1717,#1731,
#1744,#1756,#1769,#1781,#1793,#1805,#1817));
#1819=MANIFOLD_SOLID_BREP('',#1818);
#1820=FILL_AREA_STYLE_COLOUR('',#28);
#1821=FILL_AREA_STYLE('',(#1820));
#1822=SURFACE_STYLE_FILL_AREA(#1821);
#1823=SURFACE_SIDE_STYLE('',(#1822));
#1824=SURFACE_STYLE_USAGE(.POSITIVE.,#1823);
#1825=PRESENTATION_STYLE_ASSIGNMENT((#1824));
#1188=STYLED_ITEM('',(#1825),#1819);
#1827=DIRECTION('',(0.E0,0.E0,-1.E0));
#1828=VECTOR('',#1827,3.E-1);
#1829=CARTESIAN_POINT('',(1.5E0,0.E0,1.125E0));
#1830=LINE('',#1829,#1828);
#1831=CURVE_STYLE('',#35,POSITIVE_LENGTH_MEASURE(2.E-2),#28);
#1832=PRESENTATION_STYLE_ASSIGNMENT((#1831));
#1833=STYLED_ITEM('',(#1832),#1830);
#1834=DIRECTION('',(1.E0,0.E0,0.E0));
#1835=VECTOR('',#1834,2.51E-1);
#1836=CARTESIAN_POINT('',(1.249E0,0.E0,8.25E-1));
#1837=LINE('',#1836,#1835);
#1838=CURVE_STYLE('',#35,POSITIVE_LENGTH_MEASURE(2.E-2),#28);
#1839=PRESENTATION_STYLE_ASSIGNMENT((#1838));
#1840=STYLED_ITEM('',(#1839),#1837);
#1841=CARTESIAN_POINT('',(1.249E0,0.E0,9.74E-1));
#1842=DIRECTION('',(0.E0,-1.E0,0.E0));
#1843=DIRECTION('',(-1.E0,0.E0,0.E0));
#1844=AXIS2_PLACEMENT_3D('',#1841,#1842,#1843);
#1846=CURVE_STYLE('',#35,POSITIVE_LENGTH_MEASURE(2.E-2),#28);
#1847=PRESENTATION_STYLE_ASSIGNMENT((#1846));
#1848=STYLED_ITEM('',(#1847),#1845);
#1849=DIRECTION('',(0.E0,0.E0,-1.E0));
#1850=VECTOR('',#1849,2.E-3);
#1851=CARTESIAN_POINT('',(1.1E0,0.E0,9.76E-1));
#1852=LINE('',#1851,#1850);
#1853=CURVE_STYLE('',#35,POSITIVE_LENGTH_MEASURE(2.E-2),#28);
#1854=PRESENTATION_STYLE_ASSIGNMENT((#1853));
#1855=STYLED_ITEM('',(#1854),#1852);
#1856=CARTESIAN_POINT('',(1.249E0,0.E0,9.76E-1));
#1857=DIRECTION('',(0.E0,-1.E0,0.E0));
#1858=DIRECTION('',(0.E0,0.E0,1.E0));
#1859=AXIS2_PLACEMENT_3D('',#1856,#1857,#1858);
#1861=CURVE_STYLE('',#35,POSITIVE_LENGTH_MEASURE(2.E-2),#28);
#1862=PRESENTATION_STYLE_ASSIGNMENT((#1861));
#1863=STYLED_ITEM('',(#1862),#1860);
#1864=DIRECTION('',(-1.E0,0.E0,0.E0));
#1865=VECTOR('',#1864,2.51E-1);
#1866=CARTESIAN_POINT('',(1.5E0,0.E0,1.125E0));
#1867=LINE('',#1866,#1865);
#1868=CURVE_STYLE('',#35,POSITIVE_LENGTH_MEASURE(2.E-2),#28);
#1869=PRESENTATION_STYLE_ASSIGNMENT((#1868));
#1870=STYLED_ITEM('',(#1869),#1867);
#1871=DIRECTION('',(0.E0,1.E0,0.E0));
#1872=VECTOR('',#1871,2.E-1);
#1873=CARTESIAN_POINT('',(1.5E0,0.E0,1.125E0));
#1874=LINE('',#1873,#1872);
#1875=CURVE_STYLE('',#35,POSITIVE_LENGTH_MEASURE(2.E-2),#28);
#1876=PRESENTATION_STYLE_ASSIGNMENT((#1875));
#1877=STYLED_ITEM('',(#1876),#1874);
#1878=DIRECTION('',(0.E0,1.E0,0.E0));
#1879=VECTOR('',#1878,2.E-1);
#1880=CARTESIAN_POINT('',(1.249E0,0.E0,1.125E0));
#1881=LINE('',#1880,#1879);
#1882=CURVE_STYLE('',#35,POSITIVE_LENGTH_MEASURE(2.E-2),#28);
#1883=PRESENTATION_STYLE_ASSIGNMENT((#1882));
#1884=STYLED_ITEM('',(#1883),#1881);
#1885=DIRECTION('',(0.E0,1.E0,0.E0));
#1886=VECTOR('',#1885,2.E-1);
#1887=CARTESIAN_POINT('',(1.1E0,0.E0,9.76E-1));
#1888=LINE('',#1887,#1886);
#1889=CURVE_STYLE('',#35,POSITIVE_LENGTH_MEASURE(2.E-2),#28);
#1890=PRESENTATION_STYLE_ASSIGNMENT((#1889));
#1891=STYLED_ITEM('',(#1890),#1888);
#1892=DIRECTION('',(0.E0,1.E0,0.E0));
#1893=VECTOR('',#1892,2.E-1);
#1894=CARTESIAN_POINT('',(1.1E0,0.E0,9.74E-1));
#1895=LINE('',#1894,#1893);
#1896=CURVE_STYLE('',#35,POSITIVE_LENGTH_MEASURE(2.E-2),#28);
#1897=PRESENTATION_STYLE_ASSIGNMENT((#1896));
#1898=STYLED_ITEM('',(#1897),#1895);
#1899=DIRECTION('',(0.E0,1.E0,0.E0));
#1900=VECTOR('',#1899,2.E-1);
#1901=CARTESIAN_POINT('',(1.5E0,0.E0,8.25E-1));
#1902=LINE('',#1901,#1900);
#1903=CURVE_STYLE('',#35,POSITIVE_LENGTH_MEASURE(2.E-2),#28);
#1904=PRESENTATION_STYLE_ASSIGNMENT((#1903));
#1905=STYLED_ITEM('',(#1904),#1902);
#1906=DIRECTION('',(0.E0,1.E0,0.E0));
#1907=VECTOR('',#1906,2.E-1);
#1908=CARTESIAN_POINT('',(1.249E0,0.E0,8.25E-1));
#1909=LINE('',#1908,#1907);
#1910=CURVE_STYLE('',#35,POSITIVE_LENGTH_MEASURE(2.E-2),#28);
#1911=PRESENTATION_STYLE_ASSIGNMENT((#1910));
#1912=STYLED_ITEM('',(#1911),#1909);
#1913=DIRECTION('',(0.E0,0.E0,-1.E0));
#1914=VECTOR('',#1913,3.E-1);
#1915=CARTESIAN_POINT('',(1.5E0,2.E-1,1.125E0));
#1916=LINE('',#1915,#1914);
#1917=CURVE_STYLE('',#35,POSITIVE_LENGTH_MEASURE(2.E-2),#28);
#1918=PRESENTATION_STYLE_ASSIGNMENT((#1917));
#1919=STYLED_ITEM('',(#1918),#1916);
#1920=DIRECTION('',(-1.E0,0.E0,0.E0));
#1921=VECTOR('',#1920,2.51E-1);
#1922=CARTESIAN_POINT('',(1.5E0,2.E-1,1.125E0));
#1923=LINE('',#1922,#1921);
#1924=CURVE_STYLE('',#35,POSITIVE_LENGTH_MEASURE(2.E-2),#28);
#1925=PRESENTATION_STYLE_ASSIGNMENT((#1924));
#1926=STYLED_ITEM('',(#1925),#1923);
#1927=CARTESIAN_POINT('',(1.249E0,2.E-1,9.76E-1));
#1928=DIRECTION('',(0.E0,-1.E0,0.E0));
#1929=DIRECTION('',(0.E0,0.E0,1.E0));
#1930=AXIS2_PLACEMENT_3D('',#1927,#1928,#1929);
#1932=CURVE_STYLE('',#35,POSITIVE_LENGTH_MEASURE(2.E-2),#28);
#1933=PRESENTATION_STYLE_ASSIGNMENT((#1932));
#1934=STYLED_ITEM('',(#1933),#1931);
#1935=DIRECTION('',(0.E0,0.E0,-1.E0));
#1936=VECTOR('',#1935,2.E-3);
#1937=CARTESIAN_POINT('',(1.1E0,2.E-1,9.76E-1));
#1938=LINE('',#1937,#1936);
#1939=CURVE_STYLE('',#35,POSITIVE_LENGTH_MEASURE(2.E-2),#28);
#1940=PRESENTATION_STYLE_ASSIGNMENT((#1939));
#1941=STYLED_ITEM('',(#1940),#1938);
#1942=CARTESIAN_POINT('',(1.249E0,2.E-1,9.74E-1));
#1943=DIRECTION('',(0.E0,-1.E0,0.E0));
#1944=DIRECTION('',(-1.E0,0.E0,0.E0));
#1945=AXIS2_PLACEMENT_3D('',#1942,#1943,#1944);
#1947=CURVE_STYLE('',#35,POSITIVE_LENGTH_MEASURE(2.E-2),#28);
#1948=PRESENTATION_STYLE_ASSIGNMENT((#1947));
#1949=STYLED_ITEM('',(#1948),#1946);
#1950=DIRECTION('',(1.E0,0.E0,0.E0));
#1951=VECTOR('',#1950,2.51E-1);
#1952=CARTESIAN_POINT('',(1.249E0,2.E-1,8.25E-1));
#1953=LINE('',#1952,#1951);
#1954=CURVE_STYLE('',#35,POSITIVE_LENGTH_MEASURE(2.E-2),#28);
#1955=PRESENTATION_STYLE_ASSIGNMENT((#1954));
#1956=STYLED_ITEM('',(#1955),#1953);
#1957=CARTESIAN_POINT('',(1.249E0,0.E0,1.125E0));
#1958=CARTESIAN_POINT('',(1.1E0,0.E0,9.76E-1));
#1959=VERTEX_POINT('',#1957);
#1960=VERTEX_POINT('',#1958);
#1961=CARTESIAN_POINT('',(1.1E0,0.E0,9.74E-1));
#1962=VERTEX_POINT('',#1961);
#1963=CARTESIAN_POINT('',(1.249E0,0.E0,8.25E-1));
#1964=VERTEX_POINT('',#1963);
#1965=CARTESIAN_POINT('',(1.249E0,2.E-1,1.125E0));
#1966=CARTESIAN_POINT('',(1.1E0,2.E-1,9.76E-1));
#1967=VERTEX_POINT('',#1965);
#1968=VERTEX_POINT('',#1966);
#1969=CARTESIAN_POINT('',(1.1E0,2.E-1,9.74E-1));
#1970=VERTEX_POINT('',#1969);
#1971=CARTESIAN_POINT('',(1.249E0,2.E-1,8.25E-1));
#1972=VERTEX_POINT('',#1971);
#1973=CARTESIAN_POINT('',(1.5E0,0.E0,1.125E0));
#1974=CARTESIAN_POINT('',(1.5E0,0.E0,8.25E-1));
#1975=VERTEX_POINT('',#1973);
#1976=VERTEX_POINT('',#1974);
#1977=CARTESIAN_POINT('',(1.5E0,2.E-1,1.125E0));
#1978=CARTESIAN_POINT('',(1.5E0,2.E-1,8.25E-1));
#1979=VERTEX_POINT('',#1977);
#1980=VERTEX_POINT('',#1978);
#1981=CARTESIAN_POINT('',(0.E0,0.E0,0.E0));
#1982=DIRECTION('',(0.E0,-1.E0,0.E0));
#1983=DIRECTION('',(-1.E0,0.E0,0.E0));
#1984=AXIS2_PLACEMENT_3D('',#1981,#1982,#1983);
#1985=PLANE('',#1984);
#1987=ORIENTED_EDGE('',*,*,#1986,.T.);
#1989=ORIENTED_EDGE('',*,*,#1988,.F.);
#1991=ORIENTED_EDGE('',*,*,#1990,.F.);
#1993=ORIENTED_EDGE('',*,*,#1992,.F.);
#1995=ORIENTED_EDGE('',*,*,#1994,.F.);
#1997=ORIENTED_EDGE('',*,*,#1996,.F.);
#1998=EDGE_LOOP('',(#1987,#1989,#1991,#1993,#1995,#1997));
#1999=FACE_OUTER_BOUND('',#1998,.F.);
#2001=CARTESIAN_POINT('',(1.5E0,0.E0,-1.5E0));
#2002=DIRECTION('',(-1.E0,0.E0,0.E0));
#2003=DIRECTION('',(0.E0,0.E0,1.E0));
#2004=AXIS2_PLACEMENT_3D('',#2001,#2002,#2003);
#2005=PLANE('',#2004);
#2006=ORIENTED_EDGE('',*,*,#1986,.F.);
#2008=ORIENTED_EDGE('',*,*,#2007,.T.);
#2010=ORIENTED_EDGE('',*,*,#2009,.T.);
#2012=ORIENTED_EDGE('',*,*,#2011,.F.);
#2013=EDGE_LOOP('',(#2006,#2008,#2010,#2012));
#2014=FACE_OUTER_BOUND('',#2013,.F.);
#2016=FILL_AREA_STYLE_COLOUR('',#29);
#2017=FILL_AREA_STYLE('',(#2016));
#2018=SURFACE_STYLE_FILL_AREA(#2017);
#2019=SURFACE_SIDE_STYLE('',(#2018));
#2020=SURFACE_STYLE_USAGE(.POSITIVE.,#2019);
#2021=PRESENTATION_STYLE_ASSIGNMENT((#2020));
#2022=OVER_RIDING_STYLED_ITEM('',(#2021),#2015,#1826);
#2023=CARTESIAN_POINT('',(1.6E0,0.E0,1.125E0));
#2024=DIRECTION('',(0.E0,0.E0,-1.E0));
#2025=DIRECTION('',(-1.E0,0.E0,0.E0));
#2026=AXIS2_PLACEMENT_3D('',#2023,#2024,#2025);
#2027=PLANE('',#2026);
#2028=ORIENTED_EDGE('',*,*,#2007,.F.);
#2029=ORIENTED_EDGE('',*,*,#1996,.T.);
#2031=ORIENTED_EDGE('',*,*,#2030,.T.);
#2033=ORIENTED_EDGE('',*,*,#2032,.F.);
#2034=EDGE_LOOP('',(#2028,#2029,#2031,#2033));
#2035=FACE_OUTER_BOUND('',#2034,.F.);
#2037=CARTESIAN_POINT('',(1.249E0,0.E0,9.76E-1));
#2038=DIRECTION('',(0.E0,-1.E0,0.E0));
#2039=DIRECTION('',(-1.E0,0.E0,0.E0));
#2040=AXIS2_PLACEMENT_3D('',#2037,#2038,#2039);
#2041=CYLINDRICAL_SURFACE('',#2040,1.49E-1);
#2042=ORIENTED_EDGE('',*,*,#1994,.T.);
#2044=ORIENTED_EDGE('',*,*,#2043,.T.);
#2046=ORIENTED_EDGE('',*,*,#2045,.F.);
#2047=ORIENTED_EDGE('',*,*,#2030,.F.);
#2048=EDGE_LOOP('',(#2042,#2044,#2046,#2047));
#2049=FACE_OUTER_BOUND('',#2048,.F.);
#2051=CARTESIAN_POINT('',(1.1E0,0.E0,9.76E-1));
#2052=DIRECTION('',(1.E0,0.E0,0.E0));
#2053=DIRECTION('',(0.E0,0.E0,-1.E0));
#2054=AXIS2_PLACEMENT_3D('',#2051,#2052,#2053);
#2055=PLANE('',#2054);
#2056=ORIENTED_EDGE('',*,*,#1992,.T.);
#2058=ORIENTED_EDGE('',*,*,#2057,.T.);
#2060=ORIENTED_EDGE('',*,*,#2059,.F.);
#2061=ORIENTED_EDGE('',*,*,#2043,.F.);
#2062=EDGE_LOOP('',(#2056,#2058,#2060,#2061));
#2063=FACE_OUTER_BOUND('',#2062,.F.);
#2065=CARTESIAN_POINT('',(1.249E0,0.E0,9.74E-1));
#2066=DIRECTION('',(0.E0,-1.E0,0.E0));
#2067=DIRECTION('',(-1.E0,0.E0,0.E0));
#2068=AXIS2_PLACEMENT_3D('',#2065,#2066,#2067);
#2069=CYLINDRICAL_SURFACE('',#2068,1.49E-1);
#2070=ORIENTED_EDGE('',*,*,#1990,.T.);
#2072=ORIENTED_EDGE('',*,*,#2071,.T.);
#2074=ORIENTED_EDGE('',*,*,#2073,.F.);
#2075=ORIENTED_EDGE('',*,*,#2057,.F.);
#2076=EDGE_LOOP('',(#2070,#2072,#2074,#2075));
#2077=FACE_OUTER_BOUND('',#2076,.F.);
#2079=CARTESIAN_POINT('',(1.249E0,0.E0,8.25E-1));
#2080=DIRECTION('',(0.E0,0.E0,1.E0));
#2081=DIRECTION('',(1.E0,0.E0,0.E0));
#2082=AXIS2_PLACEMENT_3D('',#2079,#2080,#2081);
#2083=PLANE('',#2082);
#2084=ORIENTED_EDGE('',*,*,#2011,.T.);
#2086=ORIENTED_EDGE('',*,*,#2085,.F.);
#2087=ORIENTED_EDGE('',*,*,#2071,.F.);
#2088=ORIENTED_EDGE('',*,*,#1988,.T.);
#2089=EDGE_LOOP('',(#2084,#2086,#2087,#2088));
#2090=FACE_OUTER_BOUND('',#2089,.F.);
#2092=CARTESIAN_POINT('',(0.E0,2.E-1,0.E0));
#2093=DIRECTION('',(0.E0,-1.E0,0.E0));
#2094=DIRECTION('',(-1.E0,0.E0,0.E0));
#2095=AXIS2_PLACEMENT_3D('',#2092,#2093,#2094);
#2096=PLANE('',#2095);
#2097=ORIENTED_EDGE('',*,*,#2009,.F.);
#2098=ORIENTED_EDGE('',*,*,#2032,.T.);
#2099=ORIENTED_EDGE('',*,*,#2045,.T.);
#2100=ORIENTED_EDGE('',*,*,#2059,.T.);
#2101=ORIENTED_EDGE('',*,*,#2073,.T.);
#2102=ORIENTED_EDGE('',*,*,#2085,.T.);
#2103=EDGE_LOOP('',(#2097,#2098,#2099,#2100,#2101,#2102));
#2104=FACE_OUTER_BOUND('',#2103,.F.);
#2106=CLOSED_SHELL('',(#2000,#2015,#2036,#2050,#2064,#2078,#2091,#2105));
#2107=MANIFOLD_SOLID_BREP('',#2106);
#2108=FILL_AREA_STYLE_COLOUR('',#28);
#2109=FILL_AREA_STYLE('',(#2108));
#2110=SURFACE_STYLE_FILL_AREA(#2109);
#2111=SURFACE_SIDE_STYLE('',(#2110));
#2112=SURFACE_STYLE_USAGE(.POSITIVE.,#2111);
#2113=PRESENTATION_STYLE_ASSIGNMENT((#2112));
#1826=STYLED_ITEM('',(#2113),#2107);
#2115=DIRECTION('',(7.071067811865E-1,0.E0,-7.071067811865E-1));
#2116=VECTOR('',#2115,4.242640687119E-1);
#2117=CARTESIAN_POINT('',(-8.E-1,0.E0,-9.E-1));
#2118=LINE('',#2117,#2116);
#2119=CURVE_STYLE('',#35,POSITIVE_LENGTH_MEASURE(2.E-2),#28);
#2120=PRESENTATION_STYLE_ASSIGNMENT((#2119));
#2121=STYLED_ITEM('',(#2120),#2118);
#2122=DIRECTION('',(0.E0,0.E0,1.E0));
#2123=VECTOR('',#2122,2.1E0);
#2124=CARTESIAN_POINT('',(-8.E-1,0.E0,-9.E-1));
#2125=LINE('',#2124,#2123);
#2126=CURVE_STYLE('',#35,POSITIVE_LENGTH_MEASURE(2.E-2),#28);
#2127=PRESENTATION_STYLE_ASSIGNMENT((#2126));
#2128=STYLED_ITEM('',(#2127),#2125);
#2129=DIRECTION('',(1.E0,0.E0,0.E0));
#2130=VECTOR('',#2129,1.6E0);
#2131=CARTESIAN_POINT('',(-8.E-1,0.E0,1.2E0));
#2132=LINE('',#2131,#2130);
#2133=CURVE_STYLE('',#35,POSITIVE_LENGTH_MEASURE(2.E-2),#28);
#2134=PRESENTATION_STYLE_ASSIGNMENT((#2133));
#2135=STYLED_ITEM('',(#2134),#2132);
#2136=DIRECTION('',(0.E0,0.E0,-1.E0));
#2137=VECTOR('',#2136,2.4E0);
#2138=CARTESIAN_POINT('',(8.E-1,0.E0,1.2E0));
#2139=LINE('',#2138,#2137);
#2140=CURVE_STYLE('',#35,POSITIVE_LENGTH_MEASURE(2.E-2),#28);
#2141=PRESENTATION_STYLE_ASSIGNMENT((#2140));
#2142=STYLED_ITEM('',(#2141),#2139);
#2143=DIRECTION('',(-1.E0,0.E0,0.E0));
#2144=VECTOR('',#2143,1.3E0);
#2145=CARTESIAN_POINT('',(8.E-1,0.E0,-1.2E0));
#2146=LINE('',#2145,#2144);
#2147=CURVE_STYLE('',#35,POSITIVE_LENGTH_MEASURE(2.E-2),#28);
#2148=PRESENTATION_STYLE_ASSIGNMENT((#2147));
#2149=STYLED_ITEM('',(#2148),#2146);
#2150=DIRECTION('',(0.E0,-1.E0,0.E0));
#2151=VECTOR('',#2150,2.E-1);
#2152=CARTESIAN_POINT('',(-5.E-1,2.E-1,-1.2E0));
#2153=LINE('',#2152,#2151);
#2154=CURVE_STYLE('',#35,POSITIVE_LENGTH_MEASURE(2.E-2),#28);
#2155=PRESENTATION_STYLE_ASSIGNMENT((#2154));
#2156=STYLED_ITEM('',(#2155),#2153);
#2157=DIRECTION('',(0.E0,1.E0,0.E0));
#2158=VECTOR('',#2157,2.E-1);
#2159=CARTESIAN_POINT('',(8.E-1,0.E0,-1.2E0));
#2160=LINE('',#2159,#2158);
#2161=CURVE_STYLE('',#35,POSITIVE_LENGTH_MEASURE(2.E-2),#28);
#2162=PRESENTATION_STYLE_ASSIGNMENT((#2161));
#2163=STYLED_ITEM('',(#2162),#2160);
#2164=DIRECTION('',(0.E0,1.E0,0.E0));
#2165=VECTOR('',#2164,2.E-1);
#2166=CARTESIAN_POINT('',(8.E-1,0.E0,1.2E0));
#2167=LINE('',#2166,#2165);
#2168=CURVE_STYLE('',#35,POSITIVE_LENGTH_MEASURE(2.E-2),#28);
#2169=PRESENTATION_STYLE_ASSIGNMENT((#2168));
#2170=STYLED_ITEM('',(#2169),#2167);
#2171=DIRECTION('',(0.E0,1.E0,0.E0));
#2172=VECTOR('',#2171,2.E-1);
#2173=CARTESIAN_POINT('',(-8.E-1,0.E0,1.2E0));
#2174=LINE('',#2173,#2172);
#2175=CURVE_STYLE('',#35,POSITIVE_LENGTH_MEASURE(2.E-2),#28);
#2176=PRESENTATION_STYLE_ASSIGNMENT((#2175));
#2177=STYLED_ITEM('',(#2176),#2174);
#2178=DIRECTION('',(0.E0,-1.E0,0.E0));
#2179=VECTOR('',#2178,2.E-1);
#2180=CARTESIAN_POINT('',(-8.E-1,2.E-1,-9.E-1));
#2181=LINE('',#2180,#2179);
#2182=CURVE_STYLE('',#35,POSITIVE_LENGTH_MEASURE(2.E-2),#28);
#2183=PRESENTATION_STYLE_ASSIGNMENT((#2182));
#2184=STYLED_ITEM('',(#2183),#2181);
#2185=DIRECTION('',(-7.071067811865E-1,0.E0,7.071067811865E-1));
#2186=VECTOR('',#2185,4.242640687119E-1);
#2187=CARTESIAN_POINT('',(-5.E-1,2.E-1,-1.2E0));
#2188=LINE('',#2187,#2186);
#2189=CURVE_STYLE('',#35,POSITIVE_LENGTH_MEASURE(2.E-2),#28);
#2190=PRESENTATION_STYLE_ASSIGNMENT((#2189));
#2191=STYLED_ITEM('',(#2190),#2188);
#2192=DIRECTION('',(-1.E0,0.E0,0.E0));
#2193=VECTOR('',#2192,1.3E0);
#2194=CARTESIAN_POINT('',(8.E-1,2.E-1,-1.2E0));
#2195=LINE('',#2194,#2193);
#2196=CURVE_STYLE('',#35,POSITIVE_LENGTH_MEASURE(2.E-2),#28);
#2197=PRESENTATION_STYLE_ASSIGNMENT((#2196));
#2198=STYLED_ITEM('',(#2197),#2195);
#2199=DIRECTION('',(0.E0,0.E0,-1.E0));
#2200=VECTOR('',#2199,2.4E0);
#2201=CARTESIAN_POINT('',(8.E-1,2.E-1,1.2E0));
#2202=LINE('',#2201,#2200);
#2203=CURVE_STYLE('',#35,POSITIVE_LENGTH_MEASURE(2.E-2),#28);
#2204=PRESENTATION_STYLE_ASSIGNMENT((#2203));
#2205=STYLED_ITEM('',(#2204),#2202);
#2206=DIRECTION('',(1.E0,0.E0,0.E0));
#2207=VECTOR('',#2206,1.6E0);
#2208=CARTESIAN_POINT('',(-8.E-1,2.E-1,1.2E0));
#2209=LINE('',#2208,#2207);
#2210=CURVE_STYLE('',#35,POSITIVE_LENGTH_MEASURE(2.E-2),#28);
#2211=PRESENTATION_STYLE_ASSIGNMENT((#2210));
#2212=STYLED_ITEM('',(#2211),#2209);
#2213=DIRECTION('',(0.E0,0.E0,1.E0));
#2214=VECTOR('',#2213,2.1E0);
#2215=CARTESIAN_POINT('',(-8.E-1,2.E-1,-9.E-1));
#2216=LINE('',#2215,#2214);
#2217=CURVE_STYLE('',#35,POSITIVE_LENGTH_MEASURE(2.E-2),#28);
#2218=PRESENTATION_STYLE_ASSIGNMENT((#2217));
#2219=STYLED_ITEM('',(#2218),#2216);
#2220=CARTESIAN_POINT('',(-8.E-1,0.E0,1.2E0));
#2221=CARTESIAN_POINT('',(8.E-1,0.E0,1.2E0));
#2222=VERTEX_POINT('',#2220);
#2223=VERTEX_POINT('',#2221);
#2224=CARTESIAN_POINT('',(8.E-1,0.E0,-1.2E0));
#2225=VERTEX_POINT('',#2224);
#2226=CARTESIAN_POINT('',(-8.E-1,2.E-1,1.2E0));
#2227=CARTESIAN_POINT('',(8.E-1,2.E-1,1.2E0));
#2228=VERTEX_POINT('',#2226);
#2229=VERTEX_POINT('',#2227);
#2230=CARTESIAN_POINT('',(8.E-1,2.E-1,-1.2E0));
#2231=VERTEX_POINT('',#2230);
#2232=CARTESIAN_POINT('',(-8.E-1,0.E0,-9.E-1));
#2233=CARTESIAN_POINT('',(-5.E-1,0.E0,-1.2E0));
#2234=VERTEX_POINT('',#2232);
#2235=VERTEX_POINT('',#2233);
#2236=CARTESIAN_POINT('',(-5.E-1,2.E-1,-1.2E0));
#2237=VERTEX_POINT('',#2236);
#2238=CARTESIAN_POINT('',(-8.E-1,2.E-1,-9.E-1));
#2239=VERTEX_POINT('',#2238);
#2240=CARTESIAN_POINT('',(0.E0,0.E0,0.E0));
#2241=DIRECTION('',(0.E0,1.E0,0.E0));
#2242=DIRECTION('',(1.E0,0.E0,0.E0));
#2243=AXIS2_PLACEMENT_3D('',#2240,#2241,#2242);
#2244=PLANE('',#2243);
#2246=ORIENTED_EDGE('',*,*,#2245,.F.);
#2248=ORIENTED_EDGE('',*,*,#2247,.T.);
#2250=ORIENTED_EDGE('',*,*,#2249,.T.);
#2252=ORIENTED_EDGE('',*,*,#2251,.T.);
#2254=ORIENTED_EDGE('',*,*,#2253,.T.);
#2255=EDGE_LOOP('',(#2246,#2248,#2250,#2252,#2254));
#2256=FACE_OUTER_BOUND('',#2255,.F.);
#2258=CARTESIAN_POINT('',(-6.5E-1,1.E-1,-1.05E0));
#2259=DIRECTION('',(-7.071067811865E-1,0.E0,-7.071067811865E-1));
#2260=DIRECTION('',(7.071067811865E-1,0.E0,-7.071067811865E-1));
#2261=AXIS2_PLACEMENT_3D('',#2258,#2259,#2260);
#2262=PLANE('',#2261);
#2263=ORIENTED_EDGE('',*,*,#2245,.T.);
#2265=ORIENTED_EDGE('',*,*,#2264,.F.);
#2267=ORIENTED_EDGE('',*,*,#2266,.T.);
#2269=ORIENTED_EDGE('',*,*,#2268,.T.);
#2270=EDGE_LOOP('',(#2263,#2265,#2267,#2269));
#2271=FACE_OUTER_BOUND('',#2270,.F.);
#2273=CARTESIAN_POINT('',(8.E-1,0.E0,-1.2E0));
#2274=DIRECTION('',(0.E0,0.E0,-1.E0));
#2275=DIRECTION('',(-1.E0,0.E0,0.E0));
#2276=AXIS2_PLACEMENT_3D('',#2273,#2274,#2275);
#2277=PLANE('',#2276);
#2278=ORIENTED_EDGE('',*,*,#2264,.T.);
#2279=ORIENTED_EDGE('',*,*,#2253,.F.);
#2281=ORIENTED_EDGE('',*,*,#2280,.T.);
#2283=ORIENTED_EDGE('',*,*,#2282,.T.);
#2284=EDGE_LOOP('',(#2278,#2279,#2281,#2283));
#2285=FACE_OUTER_BOUND('',#2284,.F.);
#2287=CARTESIAN_POINT('',(8.E-1,0.E0,1.2E0));
#2288=DIRECTION('',(1.E0,0.E0,0.E0));
#2289=DIRECTION('',(0.E0,0.E0,-1.E0));
#2290=AXIS2_PLACEMENT_3D('',#2287,#2288,#2289);
#2291=PLANE('',#2290);
#2292=ORIENTED_EDGE('',*,*,#2251,.F.);
#2294=ORIENTED_EDGE('',*,*,#2293,.T.);
#2296=ORIENTED_EDGE('',*,*,#2295,.T.);
#2297=ORIENTED_EDGE('',*,*,#2280,.F.);
#2298=EDGE_LOOP('',(#2292,#2294,#2296,#2297));
#2299=FACE_OUTER_BOUND('',#2298,.F.);
#2301=CARTESIAN_POINT('',(-8.E-1,0.E0,1.2E0));
#2302=DIRECTION('',(0.E0,0.E0,1.E0));
#2303=DIRECTION('',(1.E0,0.E0,0.E0));
#2304=AXIS2_PLACEMENT_3D('',#2301,#2302,#2303);
#2305=PLANE('',#2304);
#2306=ORIENTED_EDGE('',*,*,#2249,.F.);
#2308=ORIENTED_EDGE('',*,*,#2307,.T.);
#2310=ORIENTED_EDGE('',*,*,#2309,.T.);
#2311=ORIENTED_EDGE('',*,*,#2293,.F.);
#2312=EDGE_LOOP('',(#2306,#2308,#2310,#2311));
#2313=FACE_OUTER_BOUND('',#2312,.F.);
#2315=CARTESIAN_POINT('',(-8.E-1,0.E0,-1.2E0));
#2316=DIRECTION('',(-1.E0,0.E0,0.E0));
#2317=DIRECTION('',(0.E0,0.E0,1.E0));
#2318=AXIS2_PLACEMENT_3D('',#2315,#2316,#2317);
#2319=PLANE('',#2318);
#2320=ORIENTED_EDGE('',*,*,#2268,.F.);
#2322=ORIENTED_EDGE('',*,*,#2321,.T.);
#2323=ORIENTED_EDGE('',*,*,#2307,.F.);
#2324=ORIENTED_EDGE('',*,*,#2247,.F.);
#2325=EDGE_LOOP('',(#2320,#2322,#2323,#2324));
#2326=FACE_OUTER_BOUND('',#2325,.F.);
#2328=CARTESIAN_POINT('',(0.E0,2.E-1,0.E0));
#2329=DIRECTION('',(0.E0,1.E0,0.E0));
#2330=DIRECTION('',(1.E0,0.E0,0.E0));
#2331=AXIS2_PLACEMENT_3D('',#2328,#2329,#2330);
#2332=PLANE('',#2331);
#2333=ORIENTED_EDGE('',*,*,#2266,.F.);
#2334=ORIENTED_EDGE('',*,*,#2282,.F.);
#2335=ORIENTED_EDGE('',*,*,#2295,.F.);
#2336=ORIENTED_EDGE('',*,*,#2309,.F.);
#2337=ORIENTED_EDGE('',*,*,#2321,.F.);
#2338=EDGE_LOOP('',(#2333,#2334,#2335,#2336,#2337));
#2339=FACE_OUTER_BOUND('',#2338,.F.);
#2341=CLOSED_SHELL('',(#2257,#2272,#2286,#2300,#2314,#2327,#2340));
#2342=MANIFOLD_SOLID_BREP('',#2341);
#2343=FILL_AREA_STYLE_COLOUR('',#28);
#2344=FILL_AREA_STYLE('',(#2343));
#2345=SURFACE_STYLE_FILL_AREA(#2344);
#2346=SURFACE_SIDE_STYLE('',(#2345));
#2347=SURFACE_STYLE_USAGE(.POSITIVE.,#2346);
#2348=PRESENTATION_STYLE_ASSIGNMENT((#2347));
#2114=STYLED_ITEM('',(#2348),#2342);
#2350=DIRECTION('',(-1.E0,0.E0,0.E0));
#2351=VECTOR('',#2350,2.E-1);
#2352=CARTESIAN_POINT('',(-7.5E-1,1.E-1,1.5E0));
#2353=LINE('',#2352,#2351);
#2354=CURVE_STYLE('',#35,POSITIVE_LENGTH_MEASURE(2.E-2),#28);
#2355=PRESENTATION_STYLE_ASSIGNMENT((#2354));
#2356=STYLED_ITEM('',(#2355),#2353);
#2357=DIRECTION('',(0.E0,0.E0,-1.E0));
#2358=VECTOR('',#2357,1.E-1);
#2359=CARTESIAN_POINT('',(-7.5E-1,1.E-1,1.5E0));
#2360=LINE('',#2359,#2358);
#2361=CURVE_STYLE('',#35,POSITIVE_LENGTH_MEASURE(2.E-2),#28);
#2362=PRESENTATION_STYLE_ASSIGNMENT((#2361));
#2363=STYLED_ITEM('',(#2362),#2360);
#2364=DIRECTION('',(-1.E0,0.E0,0.E0));
#2365=VECTOR('',#2364,2.E-1);
#2366=CARTESIAN_POINT('',(-7.5E-1,1.E-1,1.4E0));
#2367=LINE('',#2366,#2365);
#2368=CURVE_STYLE('',#35,POSITIVE_LENGTH_MEASURE(2.E-2),#28);
#2369=PRESENTATION_STYLE_ASSIGNMENT((#2368));
#2370=STYLED_ITEM('',(#2369),#2367);
#2371=DIRECTION('',(0.E0,0.E0,1.E0));
#2372=VECTOR('',#2371,1.E-1);
#2373=CARTESIAN_POINT('',(-9.5E-1,1.E-1,1.4E0));
#2374=LINE('',#2373,#2372);
#2375=CURVE_STYLE('',#35,POSITIVE_LENGTH_MEASURE(2.E-2),#28);
#2376=PRESENTATION_STYLE_ASSIGNMENT((#2375));
#2377=STYLED_ITEM('',(#2376),#2374);
#2378=DIRECTION('',(0.E0,1.E0,0.E0));
#2379=VECTOR('',#2378,1.E-1);
#2380=CARTESIAN_POINT('',(-9.5E-1,1.E-1,1.5E0));
#2381=LINE('',#2380,#2379);
#2382=CURVE_STYLE('',#35,POSITIVE_LENGTH_MEASURE(2.E-2),#28);
#2383=PRESENTATION_STYLE_ASSIGNMENT((#2382));
#2384=STYLED_ITEM('',(#2383),#2381);
#2385=DIRECTION('',(0.E0,1.E0,0.E0));
#2386=VECTOR('',#2385,1.E-1);
#2387=CARTESIAN_POINT('',(-9.5E-1,1.E-1,1.4E0));
#2388=LINE('',#2387,#2386);
#2389=CURVE_STYLE('',#35,POSITIVE_LENGTH_MEASURE(2.E-2),#28);
#2390=PRESENTATION_STYLE_ASSIGNMENT((#2389));
#2391=STYLED_ITEM('',(#2390),#2388);
#2392=DIRECTION('',(0.E0,1.E0,0.E0));
#2393=VECTOR('',#2392,1.E-1);
#2394=CARTESIAN_POINT('',(-7.5E-1,1.E-1,1.4E0));
#2395=LINE('',#2394,#2393);
#2396=CURVE_STYLE('',#35,POSITIVE_LENGTH_MEASURE(2.E-2),#28);
#2397=PRESENTATION_STYLE_ASSIGNMENT((#2396));
#2398=STYLED_ITEM('',(#2397),#2395);
#2399=DIRECTION('',(0.E0,1.E0,0.E0));
#2400=VECTOR('',#2399,1.E-1);
#2401=CARTESIAN_POINT('',(-7.5E-1,1.E-1,1.5E0));
#2402=LINE('',#2401,#2400);
#2403=CURVE_STYLE('',#35,POSITIVE_LENGTH_MEASURE(2.E-2),#28);
#2404=PRESENTATION_STYLE_ASSIGNMENT((#2403));
#2405=STYLED_ITEM('',(#2404),#2402);
#2406=DIRECTION('',(-1.E0,0.E0,0.E0));
#2407=VECTOR('',#2406,2.E-1);
#2408=CARTESIAN_POINT('',(-7.5E-1,2.E-1,1.5E0));
#2409=LINE('',#2408,#2407);
#2410=CURVE_STYLE('',#35,POSITIVE_LENGTH_MEASURE(2.E-2),#28);
#2411=PRESENTATION_STYLE_ASSIGNMENT((#2410));
#2412=STYLED_ITEM('',(#2411),#2409);
#2413=DIRECTION('',(0.E0,0.E0,1.E0));
#2414=VECTOR('',#2413,1.E-1);
#2415=CARTESIAN_POINT('',(-9.5E-1,2.E-1,1.4E0));
#2416=LINE('',#2415,#2414);
#2417=CURVE_STYLE('',#35,POSITIVE_LENGTH_MEASURE(2.E-2),#28);
#2418=PRESENTATION_STYLE_ASSIGNMENT((#2417));
#2419=STYLED_ITEM('',(#2418),#2416);
#2420=DIRECTION('',(-1.E0,0.E0,0.E0));
#2421=VECTOR('',#2420,2.E-1);
#2422=CARTESIAN_POINT('',(-7.5E-1,2.E-1,1.4E0));
#2423=LINE('',#2422,#2421);
#2424=CURVE_STYLE('',#35,POSITIVE_LENGTH_MEASURE(2.E-2),#28);
#2425=PRESENTATION_STYLE_ASSIGNMENT((#2424));
#2426=STYLED_ITEM('',(#2425),#2423);
#2427=DIRECTION('',(0.E0,0.E0,-1.E0));
#2428=VECTOR('',#2427,1.E-1);
#2429=CARTESIAN_POINT('',(-7.5E-1,2.E-1,1.5E0));
#2430=LINE('',#2429,#2428);
#2431=CURVE_STYLE('',#35,POSITIVE_LENGTH_MEASURE(2.E-2),#28);
#2432=PRESENTATION_STYLE_ASSIGNMENT((#2431));
#2433=STYLED_ITEM('',(#2432),#2430);
#2434=CARTESIAN_POINT('',(-7.5E-1,1.E-1,1.4E0));
#2435=CARTESIAN_POINT('',(-9.5E-1,1.E-1,1.4E0));
#2436=VERTEX_POINT('',#2434);
#2437=VERTEX_POINT('',#2435);
#2438=CARTESIAN_POINT('',(-7.5E-1,2.E-1,1.4E0));
#2439=CARTESIAN_POINT('',(-9.5E-1,2.E-1,1.4E0));
#2440=VERTEX_POINT('',#2438);
#2441=VERTEX_POINT('',#2439);
#2442=CARTESIAN_POINT('',(-7.5E-1,1.E-1,1.5E0));
#2443=CARTESIAN_POINT('',(-9.5E-1,1.E-1,1.5E0));
#2444=VERTEX_POINT('',#2442);
#2445=VERTEX_POINT('',#2443);
#2446=CARTESIAN_POINT('',(-7.5E-1,2.E-1,1.5E0));
#2447=CARTESIAN_POINT('',(-9.5E-1,2.E-1,1.5E0));
#2448=VERTEX_POINT('',#2446);
#2449=VERTEX_POINT('',#2447);
#2450=CARTESIAN_POINT('',(0.E0,1.E-1,0.E0));
#2451=DIRECTION('',(0.E0,1.E0,0.E0));
#2452=DIRECTION('',(1.E0,0.E0,0.E0));
#2453=AXIS2_PLACEMENT_3D('',#2450,#2451,#2452);
#2454=PLANE('',#2453);
#2456=ORIENTED_EDGE('',*,*,#2455,.F.);
#2458=ORIENTED_EDGE('',*,*,#2457,.T.);
#2460=ORIENTED_EDGE('',*,*,#2459,.T.);
#2462=ORIENTED_EDGE('',*,*,#2461,.T.);
#2463=EDGE_LOOP('',(#2456,#2458,#2460,#2462));
#2464=FACE_OUTER_BOUND('',#2463,.F.);
#2466=CARTESIAN_POINT('',(1.5E0,0.E0,1.5E0));
#2467=DIRECTION('',(0.E0,0.E0,-1.E0));
#2468=DIRECTION('',(-1.E0,0.E0,0.E0));
#2469=AXIS2_PLACEMENT_3D('',#2466,#2467,#2468);
#2470=PLANE('',#2469);
#2471=ORIENTED_EDGE('',*,*,#2455,.T.);
#2473=ORIENTED_EDGE('',*,*,#2472,.T.);
#2475=ORIENTED_EDGE('',*,*,#2474,.F.);
#2477=ORIENTED_EDGE('',*,*,#2476,.F.);
#2478=EDGE_LOOP('',(#2471,#2473,#2475,#2477));
#2479=FACE_OUTER_BOUND('',#2478,.F.);
#2481=FILL_AREA_STYLE_COLOUR('',#29);
#2482=FILL_AREA_STYLE('',(#2481));
#2483=SURFACE_STYLE_FILL_AREA(#2482);
#2484=SURFACE_SIDE_STYLE('',(#2483));
#2485=SURFACE_STYLE_USAGE(.POSITIVE.,#2484);
#2486=PRESENTATION_STYLE_ASSIGNMENT((#2485));
#2487=OVER_RIDING_STYLED_ITEM('',(#2486),#2480,#2349);
#2488=CARTESIAN_POINT('',(-9.5E-1,1.E-1,1.4E0));
#2489=DIRECTION('',(-1.E0,0.E0,0.E0));
#2490=DIRECTION('',(0.E0,0.E0,1.E0));
#2491=AXIS2_PLACEMENT_3D('',#2488,#2489,#2490);
#2492=PLANE('',#2491);
#2493=ORIENTED_EDGE('',*,*,#2472,.F.);
#2494=ORIENTED_EDGE('',*,*,#2461,.F.);
#2496=ORIENTED_EDGE('',*,*,#2495,.T.);
#2498=ORIENTED_EDGE('',*,*,#2497,.T.);
#2499=EDGE_LOOP('',(#2493,#2494,#2496,#2498));
#2500=FACE_OUTER_BOUND('',#2499,.F.);
#2502=CARTESIAN_POINT('',(-7.5E-1,1.E-1,1.4E0));
#2503=DIRECTION('',(0.E0,0.E0,-1.E0));
#2504=DIRECTION('',(-1.E0,0.E0,0.E0));
#2505=AXIS2_PLACEMENT_3D('',#2502,#2503,#2504);
#2506=PLANE('',#2505);
#2507=ORIENTED_EDGE('',*,*,#2459,.F.);
#2509=ORIENTED_EDGE('',*,*,#2508,.T.);
#2511=ORIENTED_EDGE('',*,*,#2510,.T.);
#2512=ORIENTED_EDGE('',*,*,#2495,.F.);
#2513=EDGE_LOOP('',(#2507,#2509,#2511,#2512));
#2514=FACE_OUTER_BOUND('',#2513,.F.);
#2516=CARTESIAN_POINT('',(-7.5E-1,1.E-1,1.6E0));
#2517=DIRECTION('',(1.E0,0.E0,0.E0));
#2518=DIRECTION('',(0.E0,0.E0,-1.E0));
#2519=AXIS2_PLACEMENT_3D('',#2516,#2517,#2518);
#2520=PLANE('',#2519);
#2521=ORIENTED_EDGE('',*,*,#2476,.T.);
#2523=ORIENTED_EDGE('',*,*,#2522,.T.);
#2524=ORIENTED_EDGE('',*,*,#2508,.F.);
#2525=ORIENTED_EDGE('',*,*,#2457,.F.);
#2526=EDGE_LOOP('',(#2521,#2523,#2524,#2525));
#2527=FACE_OUTER_BOUND('',#2526,.F.);
#2529=CARTESIAN_POINT('',(0.E0,2.E-1,0.E0));
#2530=DIRECTION('',(0.E0,1.E0,0.E0));
#2531=DIRECTION('',(1.E0,0.E0,0.E0));
#2532=AXIS2_PLACEMENT_3D('',#2529,#2530,#2531);
#2533=PLANE('',#2532);
#2534=ORIENTED_EDGE('',*,*,#2474,.T.);
#2535=ORIENTED_EDGE('',*,*,#2497,.F.);
#2536=ORIENTED_EDGE('',*,*,#2510,.F.);
#2537=ORIENTED_EDGE('',*,*,#2522,.F.);
#2538=EDGE_LOOP('',(#2534,#2535,#2536,#2537));
#2539=FACE_OUTER_BOUND('',#2538,.F.);
#2541=CLOSED_SHELL('',(#2465,#2480,#2501,#2515,#2528,#2540));
#2542=MANIFOLD_SOLID_BREP('',#2541);
#2543=FILL_AREA_STYLE_COLOUR('',#28);
#2544=FILL_AREA_STYLE('',(#2543));
#2545=SURFACE_STYLE_FILL_AREA(#2544);
#2546=SURFACE_SIDE_STYLE('',(#2545));
#2547=SURFACE_STYLE_USAGE(.POSITIVE.,#2546);
#2548=PRESENTATION_STYLE_ASSIGNMENT((#2547));
#2349=STYLED_ITEM('',(#2548),#2542);
#2550=DIRECTION('',(1.E0,0.E0,0.E0));
#2551=VECTOR('',#2550,2.E-1);
#2552=CARTESIAN_POINT('',(-9.5E-1,1.E-1,-1.5E0));
#2553=LINE('',#2552,#2551);
#2554=CURVE_STYLE('',#35,POSITIVE_LENGTH_MEASURE(2.E-2),#28);
#2555=PRESENTATION_STYLE_ASSIGNMENT((#2554));
#2556=STYLED_ITEM('',(#2555),#2553);
#2557=DIRECTION('',(0.E0,0.E0,1.E0));
#2558=VECTOR('',#2557,1.E-1);
#2559=CARTESIAN_POINT('',(-9.5E-1,1.E-1,-1.5E0));
#2560=LINE('',#2559,#2558);
#2561=CURVE_STYLE('',#35,POSITIVE_LENGTH_MEASURE(2.E-2),#28);
#2562=PRESENTATION_STYLE_ASSIGNMENT((#2561));
#2563=STYLED_ITEM('',(#2562),#2560);
#2564=DIRECTION('',(1.E0,0.E0,0.E0));
#2565=VECTOR('',#2564,2.E-1);
#2566=CARTESIAN_POINT('',(-9.5E-1,1.E-1,-1.4E0));
#2567=LINE('',#2566,#2565);
#2568=CURVE_STYLE('',#35,POSITIVE_LENGTH_MEASURE(2.E-2),#28);
#2569=PRESENTATION_STYLE_ASSIGNMENT((#2568));
#2570=STYLED_ITEM('',(#2569),#2567);
#2571=DIRECTION('',(0.E0,0.E0,-1.E0));
#2572=VECTOR('',#2571,1.E-1);
#2573=CARTESIAN_POINT('',(-7.5E-1,1.E-1,-1.4E0));
#2574=LINE('',#2573,#2572);
#2575=CURVE_STYLE('',#35,POSITIVE_LENGTH_MEASURE(2.E-2),#28);
#2576=PRESENTATION_STYLE_ASSIGNMENT((#2575));
#2577=STYLED_ITEM('',(#2576),#2574);
#2578=DIRECTION('',(0.E0,1.E0,0.E0));
#2579=VECTOR('',#2578,1.E-1);
#2580=CARTESIAN_POINT('',(-7.5E-1,1.E-1,-1.5E0));
#2581=LINE('',#2580,#2579);
#2582=CURVE_STYLE('',#35,POSITIVE_LENGTH_MEASURE(2.E-2),#28);
#2583=PRESENTATION_STYLE_ASSIGNMENT((#2582));
#2584=STYLED_ITEM('',(#2583),#2581);
#2585=DIRECTION('',(0.E0,1.E0,0.E0));
#2586=VECTOR('',#2585,1.E-1);
#2587=CARTESIAN_POINT('',(-7.5E-1,1.E-1,-1.4E0));
#2588=LINE('',#2587,#2586);
#2589=CURVE_STYLE('',#35,POSITIVE_LENGTH_MEASURE(2.E-2),#28);
#2590=PRESENTATION_STYLE_ASSIGNMENT((#2589));
#2591=STYLED_ITEM('',(#2590),#2588);
#2592=DIRECTION('',(0.E0,1.E0,0.E0));
#2593=VECTOR('',#2592,1.E-1);
#2594=CARTESIAN_POINT('',(-9.5E-1,1.E-1,-1.4E0));
#2595=LINE('',#2594,#2593);
#2596=CURVE_STYLE('',#35,POSITIVE_LENGTH_MEASURE(2.E-2),#28);
#2597=PRESENTATION_STYLE_ASSIGNMENT((#2596));
#2598=STYLED_ITEM('',(#2597),#2595);
#2599=DIRECTION('',(0.E0,1.E0,0.E0));
#2600=VECTOR('',#2599,1.E-1);
#2601=CARTESIAN_POINT('',(-9.5E-1,1.E-1,-1.5E0));
#2602=LINE('',#2601,#2600);
#2603=CURVE_STYLE('',#35,POSITIVE_LENGTH_MEASURE(2.E-2),#28);
#2604=PRESENTATION_STYLE_ASSIGNMENT((#2603));
#2605=STYLED_ITEM('',(#2604),#2602);
#2606=DIRECTION('',(1.E0,0.E0,0.E0));
#2607=VECTOR('',#2606,2.E-1);
#2608=CARTESIAN_POINT('',(-9.5E-1,2.E-1,-1.5E0));
#2609=LINE('',#2608,#2607);
#2610=CURVE_STYLE('',#35,POSITIVE_LENGTH_MEASURE(2.E-2),#28);
#2611=PRESENTATION_STYLE_ASSIGNMENT((#2610));
#2612=STYLED_ITEM('',(#2611),#2609);
#2613=DIRECTION('',(0.E0,0.E0,-1.E0));
#2614=VECTOR('',#2613,1.E-1);
#2615=CARTESIAN_POINT('',(-7.5E-1,2.E-1,-1.4E0));
#2616=LINE('',#2615,#2614);
#2617=CURVE_STYLE('',#35,POSITIVE_LENGTH_MEASURE(2.E-2),#28);
#2618=PRESENTATION_STYLE_ASSIGNMENT((#2617));
#2619=STYLED_ITEM('',(#2618),#2616);
#2620=DIRECTION('',(1.E0,0.E0,0.E0));
#2621=VECTOR('',#2620,2.E-1);
#2622=CARTESIAN_POINT('',(-9.5E-1,2.E-1,-1.4E0));
#2623=LINE('',#2622,#2621);
#2624=CURVE_STYLE('',#35,POSITIVE_LENGTH_MEASURE(2.E-2),#28);
#2625=PRESENTATION_STYLE_ASSIGNMENT((#2624));
#2626=STYLED_ITEM('',(#2625),#2623);
#2627=DIRECTION('',(0.E0,0.E0,1.E0));
#2628=VECTOR('',#2627,1.E-1);
#2629=CARTESIAN_POINT('',(-9.5E-1,2.E-1,-1.5E0));
#2630=LINE('',#2629,#2628);
#2631=CURVE_STYLE('',#35,POSITIVE_LENGTH_MEASURE(2.E-2),#28);
#2632=PRESENTATION_STYLE_ASSIGNMENT((#2631));
#2633=STYLED_ITEM('',(#2632),#2630);
#2634=CARTESIAN_POINT('',(-9.5E-1,1.E-1,-1.5E0));
#2635=CARTESIAN_POINT('',(-7.5E-1,1.E-1,-1.5E0));
#2636=VERTEX_POINT('',#2634);
#2637=VERTEX_POINT('',#2635);
#2638=CARTESIAN_POINT('',(-9.5E-1,2.E-1,-1.5E0));
#2639=CARTESIAN_POINT('',(-7.5E-1,2.E-1,-1.5E0));
#2640=VERTEX_POINT('',#2638);
#2641=VERTEX_POINT('',#2639);
#2642=CARTESIAN_POINT('',(-9.5E-1,1.E-1,-1.4E0));
#2643=CARTESIAN_POINT('',(-7.5E-1,1.E-1,-1.4E0));
#2644=VERTEX_POINT('',#2642);
#2645=VERTEX_POINT('',#2643);
#2646=CARTESIAN_POINT('',(-9.5E-1,2.E-1,-1.4E0));
#2647=CARTESIAN_POINT('',(-7.5E-1,2.E-1,-1.4E0));
#2648=VERTEX_POINT('',#2646);
#2649=VERTEX_POINT('',#2647);
#2650=CARTESIAN_POINT('',(0.E0,1.E-1,0.E0));
#2651=DIRECTION('',(0.E0,1.E0,0.E0));
#2652=DIRECTION('',(1.E0,0.E0,0.E0));
#2653=AXIS2_PLACEMENT_3D('',#2650,#2651,#2652);
#2654=PLANE('',#2653);
#2656=ORIENTED_EDGE('',*,*,#2655,.F.);
#2658=ORIENTED_EDGE('',*,*,#2657,.T.);
#2660=ORIENTED_EDGE('',*,*,#2659,.T.);
#2662=ORIENTED_EDGE('',*,*,#2661,.T.);
#2663=EDGE_LOOP('',(#2656,#2658,#2660,#2662));
#2664=FACE_OUTER_BOUND('',#2663,.F.);
#2666=CARTESIAN_POINT('',(-1.5E0,0.E0,-1.5E0));
#2667=DIRECTION('',(0.E0,0.E0,1.E0));
#2668=DIRECTION('',(1.E0,0.E0,0.E0));
#2669=AXIS2_PLACEMENT_3D('',#2666,#2667,#2668);
#2670=PLANE('',#2669);
#2671=ORIENTED_EDGE('',*,*,#2655,.T.);
#2673=ORIENTED_EDGE('',*,*,#2672,.T.);
#2675=ORIENTED_EDGE('',*,*,#2674,.F.);
#2677=ORIENTED_EDGE('',*,*,#2676,.F.);
#2678=EDGE_LOOP('',(#2671,#2673,#2675,#2677));
#2679=FACE_OUTER_BOUND('',#2678,.F.);
#2681=FILL_AREA_STYLE_COLOUR('',#29);
#2682=FILL_AREA_STYLE('',(#2681));
#2683=SURFACE_STYLE_FILL_AREA(#2682);
#2684=SURFACE_SIDE_STYLE('',(#2683));
#2685=SURFACE_STYLE_USAGE(.POSITIVE.,#2684);
#2686=PRESENTATION_STYLE_ASSIGNMENT((#2685));
#2687=OVER_RIDING_STYLED_ITEM('',(#2686),#2680,#2549);
#2688=CARTESIAN_POINT('',(-7.5E-1,1.E-1,-1.4E0));
#2689=DIRECTION('',(1.E0,0.E0,0.E0));
#2690=DIRECTION('',(0.E0,0.E0,-1.E0));
#2691=AXIS2_PLACEMENT_3D('',#2688,#2689,#2690);
#2692=PLANE('',#2691);
#2693=ORIENTED_EDGE('',*,*,#2672,.F.);
#2694=ORIENTED_EDGE('',*,*,#2661,.F.);
#2696=ORIENTED_EDGE('',*,*,#2695,.T.);
#2698=ORIENTED_EDGE('',*,*,#2697,.T.);
#2699=EDGE_LOOP('',(#2693,#2694,#2696,#2698));
#2700=FACE_OUTER_BOUND('',#2699,.F.);
#2702=CARTESIAN_POINT('',(-9.5E-1,1.E-1,-1.4E0));
#2703=DIRECTION('',(0.E0,0.E0,1.E0));
#2704=DIRECTION('',(1.E0,0.E0,0.E0));
#2705=AXIS2_PLACEMENT_3D('',#2702,#2703,#2704);
#2706=PLANE('',#2705);
#2707=ORIENTED_EDGE('',*,*,#2659,.F.);
#2709=ORIENTED_EDGE('',*,*,#2708,.T.);
#2711=ORIENTED_EDGE('',*,*,#2710,.T.);
#2712=ORIENTED_EDGE('',*,*,#2695,.F.);
#2713=EDGE_LOOP('',(#2707,#2709,#2711,#2712));
#2714=FACE_OUTER_BOUND('',#2713,.F.);
#2716=CARTESIAN_POINT('',(-9.5E-1,1.E-1,-1.6E0));
#2717=DIRECTION('',(-1.E0,0.E0,0.E0));
#2718=DIRECTION('',(0.E0,0.E0,1.E0));
#2719=AXIS2_PLACEMENT_3D('',#2716,#2717,#2718);
#2720=PLANE('',#2719);
#2721=ORIENTED_EDGE('',*,*,#2676,.T.);
#2723=ORIENTED_EDGE('',*,*,#2722,.T.);
#2724=ORIENTED_EDGE('',*,*,#2708,.F.);
#2725=ORIENTED_EDGE('',*,*,#2657,.F.);
#2726=EDGE_LOOP('',(#2721,#2723,#2724,#2725));
#2727=FACE_OUTER_BOUND('',#2726,.F.);
#2729=CARTESIAN_POINT('',(0.E0,2.E-1,0.E0));
#2730=DIRECTION('',(0.E0,1.E0,0.E0));
#2731=DIRECTION('',(1.E0,0.E0,0.E0));
#2732=AXIS2_PLACEMENT_3D('',#2729,#2730,#2731);
#2733=PLANE('',#2732);
#2734=ORIENTED_EDGE('',*,*,#2674,.T.);
#2735=ORIENTED_EDGE('',*,*,#2697,.F.);
#2736=ORIENTED_EDGE('',*,*,#2710,.F.);
#2737=ORIENTED_EDGE('',*,*,#2722,.F.);
#2738=EDGE_LOOP('',(#2734,#2735,#2736,#2737));
#2739=FACE_OUTER_BOUND('',#2738,.F.);
#2741=CLOSED_SHELL('',(#2665,#2680,#2701,#2715,#2728,#2740));
#2742=MANIFOLD_SOLID_BREP('',#2741);
#2743=FILL_AREA_STYLE_COLOUR('',#28);
#2744=FILL_AREA_STYLE('',(#2743));
#2745=SURFACE_STYLE_FILL_AREA(#2744);
#2746=SURFACE_SIDE_STYLE('',(#2745));
#2747=SURFACE_STYLE_USAGE(.POSITIVE.,#2746);
#2748=PRESENTATION_STYLE_ASSIGNMENT((#2747));
#2549=STYLED_ITEM('',(#2748),#2742);
#2750=DIRECTION('',(1.E0,0.E0,0.E0));
#2751=VECTOR('',#2750,2.E-1);
#2752=CARTESIAN_POINT('',(7.5E-1,1.E-1,-1.5E0));
#2753=LINE('',#2752,#2751);
#2754=CURVE_STYLE('',#35,POSITIVE_LENGTH_MEASURE(2.E-2),#28);
#2755=PRESENTATION_STYLE_ASSIGNMENT((#2754));
#2756=STYLED_ITEM('',(#2755),#2753);
#2757=DIRECTION('',(0.E0,0.E0,1.E0));
#2758=VECTOR('',#2757,1.E-1);
#2759=CARTESIAN_POINT('',(7.5E-1,1.E-1,-1.5E0));
#2760=LINE('',#2759,#2758);
#2761=CURVE_STYLE('',#35,POSITIVE_LENGTH_MEASURE(2.E-2),#28);
#2762=PRESENTATION_STYLE_ASSIGNMENT((#2761));
#2763=STYLED_ITEM('',(#2762),#2760);
#2764=DIRECTION('',(1.E0,0.E0,0.E0));
#2765=VECTOR('',#2764,2.E-1);
#2766=CARTESIAN_POINT('',(7.5E-1,1.E-1,-1.4E0));
#2767=LINE('',#2766,#2765);
#2768=CURVE_STYLE('',#35,POSITIVE_LENGTH_MEASURE(2.E-2),#28);
#2769=PRESENTATION_STYLE_ASSIGNMENT((#2768));
#2770=STYLED_ITEM('',(#2769),#2767);
#2771=DIRECTION('',(0.E0,0.E0,-1.E0));
#2772=VECTOR('',#2771,1.E-1);
#2773=CARTESIAN_POINT('',(9.5E-1,1.E-1,-1.4E0));
#2774=LINE('',#2773,#2772);
#2775=CURVE_STYLE('',#35,POSITIVE_LENGTH_MEASURE(2.E-2),#28);
#2776=PRESENTATION_STYLE_ASSIGNMENT((#2775));
#2777=STYLED_ITEM('',(#2776),#2774);
#2778=DIRECTION('',(0.E0,1.E0,0.E0));
#2779=VECTOR('',#2778,1.E-1);
#2780=CARTESIAN_POINT('',(9.5E-1,1.E-1,-1.5E0));
#2781=LINE('',#2780,#2779);
#2782=CURVE_STYLE('',#35,POSITIVE_LENGTH_MEASURE(2.E-2),#28);
#2783=PRESENTATION_STYLE_ASSIGNMENT((#2782));
#2784=STYLED_ITEM('',(#2783),#2781);
#2785=DIRECTION('',(0.E0,1.E0,0.E0));
#2786=VECTOR('',#2785,1.E-1);
#2787=CARTESIAN_POINT('',(9.5E-1,1.E-1,-1.4E0));
#2788=LINE('',#2787,#2786);
#2789=CURVE_STYLE('',#35,POSITIVE_LENGTH_MEASURE(2.E-2),#28);
#2790=PRESENTATION_STYLE_ASSIGNMENT((#2789));
#2791=STYLED_ITEM('',(#2790),#2788);
#2792=DIRECTION('',(0.E0,1.E0,0.E0));
#2793=VECTOR('',#2792,1.E-1);
#2794=CARTESIAN_POINT('',(7.5E-1,1.E-1,-1.4E0));
#2795=LINE('',#2794,#2793);
#2796=CURVE_STYLE('',#35,POSITIVE_LENGTH_MEASURE(2.E-2),#28);
#2797=PRESENTATION_STYLE_ASSIGNMENT((#2796));
#2798=STYLED_ITEM('',(#2797),#2795);
#2799=DIRECTION('',(0.E0,1.E0,0.E0));
#2800=VECTOR('',#2799,1.E-1);
#2801=CARTESIAN_POINT('',(7.5E-1,1.E-1,-1.5E0));
#2802=LINE('',#2801,#2800);
#2803=CURVE_STYLE('',#35,POSITIVE_LENGTH_MEASURE(2.E-2),#28);
#2804=PRESENTATION_STYLE_ASSIGNMENT((#2803));
#2805=STYLED_ITEM('',(#2804),#2802);
#2806=DIRECTION('',(1.E0,0.E0,0.E0));
#2807=VECTOR('',#2806,2.E-1);
#2808=CARTESIAN_POINT('',(7.5E-1,2.E-1,-1.5E0));
#2809=LINE('',#2808,#2807);
#2810=CURVE_STYLE('',#35,POSITIVE_LENGTH_MEASURE(2.E-2),#28);
#2811=PRESENTATION_STYLE_ASSIGNMENT((#2810));
#2812=STYLED_ITEM('',(#2811),#2809);
#2813=DIRECTION('',(0.E0,0.E0,-1.E0));
#2814=VECTOR('',#2813,1.E-1);
#2815=CARTESIAN_POINT('',(9.5E-1,2.E-1,-1.4E0));
#2816=LINE('',#2815,#2814);
#2817=CURVE_STYLE('',#35,POSITIVE_LENGTH_MEASURE(2.E-2),#28);
#2818=PRESENTATION_STYLE_ASSIGNMENT((#2817));
#2819=STYLED_ITEM('',(#2818),#2816);
#2820=DIRECTION('',(1.E0,0.E0,0.E0));
#2821=VECTOR('',#2820,2.E-1);
#2822=CARTESIAN_POINT('',(7.5E-1,2.E-1,-1.4E0));
#2823=LINE('',#2822,#2821);
#2824=CURVE_STYLE('',#35,POSITIVE_LENGTH_MEASURE(2.E-2),#28);
#2825=PRESENTATION_STYLE_ASSIGNMENT((#2824));
#2826=STYLED_ITEM('',(#2825),#2823);
#2827=DIRECTION('',(0.E0,0.E0,1.E0));
#2828=VECTOR('',#2827,1.E-1);
#2829=CARTESIAN_POINT('',(7.5E-1,2.E-1,-1.5E0));
#2830=LINE('',#2829,#2828);
#2831=CURVE_STYLE('',#35,POSITIVE_LENGTH_MEASURE(2.E-2),#28);
#2832=PRESENTATION_STYLE_ASSIGNMENT((#2831));
#2833=STYLED_ITEM('',(#2832),#2830);
#2834=CARTESIAN_POINT('',(7.5E-1,1.E-1,-1.5E0));
#2835=CARTESIAN_POINT('',(9.5E-1,1.E-1,-1.5E0));
#2836=VERTEX_POINT('',#2834);
#2837=VERTEX_POINT('',#2835);
#2838=CARTESIAN_POINT('',(7.5E-1,2.E-1,-1.5E0));
#2839=CARTESIAN_POINT('',(9.5E-1,2.E-1,-1.5E0));
#2840=VERTEX_POINT('',#2838);
#2841=VERTEX_POINT('',#2839);
#2842=CARTESIAN_POINT('',(7.5E-1,1.E-1,-1.4E0));
#2843=CARTESIAN_POINT('',(9.5E-1,1.E-1,-1.4E0));
#2844=VERTEX_POINT('',#2842);
#2845=VERTEX_POINT('',#2843);
#2846=CARTESIAN_POINT('',(7.5E-1,2.E-1,-1.4E0));
#2847=CARTESIAN_POINT('',(9.5E-1,2.E-1,-1.4E0));
#2848=VERTEX_POINT('',#2846);
#2849=VERTEX_POINT('',#2847);
#2850=CARTESIAN_POINT('',(0.E0,1.E-1,0.E0));
#2851=DIRECTION('',(0.E0,1.E0,0.E0));
#2852=DIRECTION('',(1.E0,0.E0,0.E0));
#2853=AXIS2_PLACEMENT_3D('',#2850,#2851,#2852);
#2854=PLANE('',#2853);
#2856=ORIENTED_EDGE('',*,*,#2855,.F.);
#2858=ORIENTED_EDGE('',*,*,#2857,.T.);
#2860=ORIENTED_EDGE('',*,*,#2859,.T.);
#2862=ORIENTED_EDGE('',*,*,#2861,.T.);
#2863=EDGE_LOOP('',(#2856,#2858,#2860,#2862));
#2864=FACE_OUTER_BOUND('',#2863,.F.);
#2866=CARTESIAN_POINT('',(-1.5E0,0.E0,-1.5E0));
#2867=DIRECTION('',(0.E0,0.E0,1.E0));
#2868=DIRECTION('',(1.E0,0.E0,0.E0));
#2869=AXIS2_PLACEMENT_3D('',#2866,#2867,#2868);
#2870=PLANE('',#2869);
#2871=ORIENTED_EDGE('',*,*,#2855,.T.);
#2873=ORIENTED_EDGE('',*,*,#2872,.T.);
#2875=ORIENTED_EDGE('',*,*,#2874,.F.);
#2877=ORIENTED_EDGE('',*,*,#2876,.F.);
#2878=EDGE_LOOP('',(#2871,#2873,#2875,#2877));
#2879=FACE_OUTER_BOUND('',#2878,.F.);
#2881=FILL_AREA_STYLE_COLOUR('',#29);
#2882=FILL_AREA_STYLE('',(#2881));
#2883=SURFACE_STYLE_FILL_AREA(#2882);
#2884=SURFACE_SIDE_STYLE('',(#2883));
#2885=SURFACE_STYLE_USAGE(.POSITIVE.,#2884);
#2886=PRESENTATION_STYLE_ASSIGNMENT((#2885));
#2887=OVER_RIDING_STYLED_ITEM('',(#2886),#2880,#2749);
#2888=CARTESIAN_POINT('',(9.5E-1,1.E-1,-1.4E0));
#2889=DIRECTION('',(1.E0,0.E0,0.E0));
#2890=DIRECTION('',(0.E0,0.E0,-1.E0));
#2891=AXIS2_PLACEMENT_3D('',#2888,#2889,#2890);
#2892=PLANE('',#2891);
#2893=ORIENTED_EDGE('',*,*,#2872,.F.);
#2894=ORIENTED_EDGE('',*,*,#2861,.F.);
#2896=ORIENTED_EDGE('',*,*,#2895,.T.);
#2898=ORIENTED_EDGE('',*,*,#2897,.T.);
#2899=EDGE_LOOP('',(#2893,#2894,#2896,#2898));
#2900=FACE_OUTER_BOUND('',#2899,.F.);
#2902=CARTESIAN_POINT('',(7.5E-1,1.E-1,-1.4E0));
#2903=DIRECTION('',(0.E0,0.E0,1.E0));
#2904=DIRECTION('',(1.E0,0.E0,0.E0));
#2905=AXIS2_PLACEMENT_3D('',#2902,#2903,#2904);
#2906=PLANE('',#2905);
#2907=ORIENTED_EDGE('',*,*,#2859,.F.);
#2909=ORIENTED_EDGE('',*,*,#2908,.T.);
#2911=ORIENTED_EDGE('',*,*,#2910,.T.);
#2912=ORIENTED_EDGE('',*,*,#2895,.F.);
#2913=EDGE_LOOP('',(#2907,#2909,#2911,#2912));
#2914=FACE_OUTER_BOUND('',#2913,.F.);
#2916=CARTESIAN_POINT('',(7.5E-1,1.E-1,-1.6E0));
#2917=DIRECTION('',(-1.E0,0.E0,0.E0));
#2918=DIRECTION('',(0.E0,0.E0,1.E0));
#2919=AXIS2_PLACEMENT_3D('',#2916,#2917,#2918);
#2920=PLANE('',#2919);
#2921=ORIENTED_EDGE('',*,*,#2876,.T.);
#2923=ORIENTED_EDGE('',*,*,#2922,.T.);
#2924=ORIENTED_EDGE('',*,*,#2908,.F.);
#2925=ORIENTED_EDGE('',*,*,#2857,.F.);
#2926=EDGE_LOOP('',(#2921,#2923,#2924,#2925));
#2927=FACE_OUTER_BOUND('',#2926,.F.);
#2929=CARTESIAN_POINT('',(0.E0,2.E-1,0.E0));
#2930=DIRECTION('',(0.E0,1.E0,0.E0));
#2931=DIRECTION('',(1.E0,0.E0,0.E0));
#2932=AXIS2_PLACEMENT_3D('',#2929,#2930,#2931);
#2933=PLANE('',#2932);
#2934=ORIENTED_EDGE('',*,*,#2874,.T.);
#2935=ORIENTED_EDGE('',*,*,#2897,.F.);
#2936=ORIENTED_EDGE('',*,*,#2910,.F.);
#2937=ORIENTED_EDGE('',*,*,#2922,.F.);
#2938=EDGE_LOOP('',(#2934,#2935,#2936,#2937));
#2939=FACE_OUTER_BOUND('',#2938,.F.);
#2941=CLOSED_SHELL('',(#2865,#2880,#2901,#2915,#2928,#2940));
#2942=MANIFOLD_SOLID_BREP('',#2941);
#2943=FILL_AREA_STYLE_COLOUR('',#28);
#2944=FILL_AREA_STYLE('',(#2943));
#2945=SURFACE_STYLE_FILL_AREA(#2944);
#2946=SURFACE_SIDE_STYLE('',(#2945));
#2947=SURFACE_STYLE_USAGE(.POSITIVE.,#2946);
#2948=PRESENTATION_STYLE_ASSIGNMENT((#2947));
#2749=STYLED_ITEM('',(#2948),#2942);
#2950=DIRECTION('',(-1.E0,0.E0,0.E0));
#2951=VECTOR('',#2950,2.E-1);
#2952=CARTESIAN_POINT('',(9.5E-1,1.E-1,1.5E0));
#2953=LINE('',#2952,#2951);
#2954=CURVE_STYLE('',#35,POSITIVE_LENGTH_MEASURE(2.E-2),#28);
#2955=PRESENTATION_STYLE_ASSIGNMENT((#2954));
#2956=STYLED_ITEM('',(#2955),#2953);
#2957=DIRECTION('',(0.E0,0.E0,-1.E0));
#2958=VECTOR('',#2957,1.E-1);
#2959=CARTESIAN_POINT('',(9.5E-1,1.E-1,1.5E0));
#2960=LINE('',#2959,#2958);
#2961=CURVE_STYLE('',#35,POSITIVE_LENGTH_MEASURE(2.E-2),#28);
#2962=PRESENTATION_STYLE_ASSIGNMENT((#2961));
#2963=STYLED_ITEM('',(#2962),#2960);
#2964=DIRECTION('',(-1.E0,0.E0,0.E0));
#2965=VECTOR('',#2964,2.E-1);
#2966=CARTESIAN_POINT('',(9.5E-1,1.E-1,1.4E0));
#2967=LINE('',#2966,#2965);
#2968=CURVE_STYLE('',#35,POSITIVE_LENGTH_MEASURE(2.E-2),#28);
#2969=PRESENTATION_STYLE_ASSIGNMENT((#2968));
#2970=STYLED_ITEM('',(#2969),#2967);
#2971=DIRECTION('',(0.E0,0.E0,1.E0));
#2972=VECTOR('',#2971,1.E-1);
#2973=CARTESIAN_POINT('',(7.5E-1,1.E-1,1.4E0));
#2974=LINE('',#2973,#2972);
#2975=CURVE_STYLE('',#35,POSITIVE_LENGTH_MEASURE(2.E-2),#28);
#2976=PRESENTATION_STYLE_ASSIGNMENT((#2975));
#2977=STYLED_ITEM('',(#2976),#2974);
#2978=DIRECTION('',(0.E0,1.E0,0.E0));
#2979=VECTOR('',#2978,1.E-1);
#2980=CARTESIAN_POINT('',(7.5E-1,1.E-1,1.5E0));
#2981=LINE('',#2980,#2979);
#2982=CURVE_STYLE('',#35,POSITIVE_LENGTH_MEASURE(2.E-2),#28);
#2983=PRESENTATION_STYLE_ASSIGNMENT((#2982));
#2984=STYLED_ITEM('',(#2983),#2981);
#2985=DIRECTION('',(0.E0,1.E0,0.E0));
#2986=VECTOR('',#2985,1.E-1);
#2987=CARTESIAN_POINT('',(7.5E-1,1.E-1,1.4E0));
#2988=LINE('',#2987,#2986);
#2989=CURVE_STYLE('',#35,POSITIVE_LENGTH_MEASURE(2.E-2),#28);
#2990=PRESENTATION_STYLE_ASSIGNMENT((#2989));
#2991=STYLED_ITEM('',(#2990),#2988);
#2992=DIRECTION('',(0.E0,1.E0,0.E0));
#2993=VECTOR('',#2992,1.E-1);
#2994=CARTESIAN_POINT('',(9.5E-1,1.E-1,1.4E0));
#2995=LINE('',#2994,#2993);
#2996=CURVE_STYLE('',#35,POSITIVE_LENGTH_MEASURE(2.E-2),#28);
#2997=PRESENTATION_STYLE_ASSIGNMENT((#2996));
#2998=STYLED_ITEM('',(#2997),#2995);
#2999=DIRECTION('',(0.E0,1.E0,0.E0));
#3000=VECTOR('',#2999,1.E-1);
#3001=CARTESIAN_POINT('',(9.5E-1,1.E-1,1.5E0));
#3002=LINE('',#3001,#3000);
#3003=CURVE_STYLE('',#35,POSITIVE_LENGTH_MEASURE(2.E-2),#28);
#3004=PRESENTATION_STYLE_ASSIGNMENT((#3003));
#3005=STYLED_ITEM('',(#3004),#3002);
#3006=DIRECTION('',(-1.E0,0.E0,0.E0));
#3007=VECTOR('',#3006,2.E-1);
#3008=CARTESIAN_POINT('',(9.5E-1,2.E-1,1.5E0));
#3009=LINE('',#3008,#3007);
#3010=CURVE_STYLE('',#35,POSITIVE_LENGTH_MEASURE(2.E-2),#28);
#3011=PRESENTATION_STYLE_ASSIGNMENT((#3010));
#3012=STYLED_ITEM('',(#3011),#3009);
#3013=DIRECTION('',(0.E0,0.E0,1.E0));
#3014=VECTOR('',#3013,1.E-1);
#3015=CARTESIAN_POINT('',(7.5E-1,2.E-1,1.4E0));
#3016=LINE('',#3015,#3014);
#3017=CURVE_STYLE('',#35,POSITIVE_LENGTH_MEASURE(2.E-2),#28);
#3018=PRESENTATION_STYLE_ASSIGNMENT((#3017));
#3019=STYLED_ITEM('',(#3018),#3016);
#3020=DIRECTION('',(-1.E0,0.E0,0.E0));
#3021=VECTOR('',#3020,2.E-1);
#3022=CARTESIAN_POINT('',(9.5E-1,2.E-1,1.4E0));
#3023=LINE('',#3022,#3021);
#3024=CURVE_STYLE('',#35,POSITIVE_LENGTH_MEASURE(2.E-2),#28);
#3025=PRESENTATION_STYLE_ASSIGNMENT((#3024));
#3026=STYLED_ITEM('',(#3025),#3023);
#3027=DIRECTION('',(0.E0,0.E0,-1.E0));
#3028=VECTOR('',#3027,1.E-1);
#3029=CARTESIAN_POINT('',(9.5E-1,2.E-1,1.5E0));
#3030=LINE('',#3029,#3028);
#3031=CURVE_STYLE('',#35,POSITIVE_LENGTH_MEASURE(2.E-2),#28);
#3032=PRESENTATION_STYLE_ASSIGNMENT((#3031));
#3033=STYLED_ITEM('',(#3032),#3030);
#3034=CARTESIAN_POINT('',(9.5E-1,1.E-1,1.5E0));
#3035=CARTESIAN_POINT('',(7.5E-1,1.E-1,1.5E0));
#3036=VERTEX_POINT('',#3034);
#3037=VERTEX_POINT('',#3035);
#3038=CARTESIAN_POINT('',(9.5E-1,2.E-1,1.5E0));
#3039=CARTESIAN_POINT('',(7.5E-1,2.E-1,1.5E0));
#3040=VERTEX_POINT('',#3038);
#3041=VERTEX_POINT('',#3039);
#3042=CARTESIAN_POINT('',(9.5E-1,1.E-1,1.4E0));
#3043=CARTESIAN_POINT('',(7.5E-1,1.E-1,1.4E0));
#3044=VERTEX_POINT('',#3042);
#3045=VERTEX_POINT('',#3043);
#3046=CARTESIAN_POINT('',(9.5E-1,2.E-1,1.4E0));
#3047=CARTESIAN_POINT('',(7.5E-1,2.E-1,1.4E0));
#3048=VERTEX_POINT('',#3046);
#3049=VERTEX_POINT('',#3047);
#3050=CARTESIAN_POINT('',(0.E0,1.E-1,0.E0));
#3051=DIRECTION('',(0.E0,1.E0,0.E0));
#3052=DIRECTION('',(1.E0,0.E0,0.E0));
#3053=AXIS2_PLACEMENT_3D('',#3050,#3051,#3052);
#3054=PLANE('',#3053);
#3056=ORIENTED_EDGE('',*,*,#3055,.F.);
#3058=ORIENTED_EDGE('',*,*,#3057,.T.);
#3060=ORIENTED_EDGE('',*,*,#3059,.T.);
#3062=ORIENTED_EDGE('',*,*,#3061,.T.);
#3063=EDGE_LOOP('',(#3056,#3058,#3060,#3062));
#3064=FACE_OUTER_BOUND('',#3063,.F.);
#3066=CARTESIAN_POINT('',(1.5E0,0.E0,1.5E0));
#3067=DIRECTION('',(0.E0,0.E0,-1.E0));
#3068=DIRECTION('',(-1.E0,0.E0,0.E0));
#3069=AXIS2_PLACEMENT_3D('',#3066,#3067,#3068);
#3070=PLANE('',#3069);
#3071=ORIENTED_EDGE('',*,*,#3055,.T.);
#3073=ORIENTED_EDGE('',*,*,#3072,.T.);
#3075=ORIENTED_EDGE('',*,*,#3074,.F.);
#3077=ORIENTED_EDGE('',*,*,#3076,.F.);
#3078=EDGE_LOOP('',(#3071,#3073,#3075,#3077));
#3079=FACE_OUTER_BOUND('',#3078,.F.);
#3081=FILL_AREA_STYLE_COLOUR('',#29);
#3082=FILL_AREA_STYLE('',(#3081));
#3083=SURFACE_STYLE_FILL_AREA(#3082);
#3084=SURFACE_SIDE_STYLE('',(#3083));
#3085=SURFACE_STYLE_USAGE(.POSITIVE.,#3084);
#3086=PRESENTATION_STYLE_ASSIGNMENT((#3085));
#3087=OVER_RIDING_STYLED_ITEM('',(#3086),#3080,#2949);
#3088=CARTESIAN_POINT('',(7.5E-1,1.E-1,1.4E0));
#3089=DIRECTION('',(-1.E0,0.E0,0.E0));
#3090=DIRECTION('',(0.E0,0.E0,1.E0));
#3091=AXIS2_PLACEMENT_3D('',#3088,#3089,#3090);
#3092=PLANE('',#3091);
#3093=ORIENTED_EDGE('',*,*,#3072,.F.);
#3094=ORIENTED_EDGE('',*,*,#3061,.F.);
#3096=ORIENTED_EDGE('',*,*,#3095,.T.);
#3098=ORIENTED_EDGE('',*,*,#3097,.T.);
#3099=EDGE_LOOP('',(#3093,#3094,#3096,#3098));
#3100=FACE_OUTER_BOUND('',#3099,.F.);
#3102=CARTESIAN_POINT('',(9.5E-1,1.E-1,1.4E0));
#3103=DIRECTION('',(0.E0,0.E0,-1.E0));
#3104=DIRECTION('',(-1.E0,0.E0,0.E0));
#3105=AXIS2_PLACEMENT_3D('',#3102,#3103,#3104);
#3106=PLANE('',#3105);
#3107=ORIENTED_EDGE('',*,*,#3059,.F.);
#3109=ORIENTED_EDGE('',*,*,#3108,.T.);
#3111=ORIENTED_EDGE('',*,*,#3110,.T.);
#3112=ORIENTED_EDGE('',*,*,#3095,.F.);
#3113=EDGE_LOOP('',(#3107,#3109,#3111,#3112));
#3114=FACE_OUTER_BOUND('',#3113,.F.);
#3116=CARTESIAN_POINT('',(9.5E-1,1.E-1,1.6E0));
#3117=DIRECTION('',(1.E0,0.E0,0.E0));
#3118=DIRECTION('',(0.E0,0.E0,-1.E0));
#3119=AXIS2_PLACEMENT_3D('',#3116,#3117,#3118);
#3120=PLANE('',#3119);
#3121=ORIENTED_EDGE('',*,*,#3076,.T.);
#3123=ORIENTED_EDGE('',*,*,#3122,.T.);
#3124=ORIENTED_EDGE('',*,*,#3108,.F.);
#3125=ORIENTED_EDGE('',*,*,#3057,.F.);
#3126=EDGE_LOOP('',(#3121,#3123,#3124,#3125));
#3127=FACE_OUTER_BOUND('',#3126,.F.);
#3129=CARTESIAN_POINT('',(0.E0,2.E-1,0.E0));
#3130=DIRECTION('',(0.E0,1.E0,0.E0));
#3131=DIRECTION('',(1.E0,0.E0,0.E0));
#3132=AXIS2_PLACEMENT_3D('',#3129,#3130,#3131);
#3133=PLANE('',#3132);
#3134=ORIENTED_EDGE('',*,*,#3074,.T.);
#3135=ORIENTED_EDGE('',*,*,#3097,.F.);
#3136=ORIENTED_EDGE('',*,*,#3110,.F.);
#3137=ORIENTED_EDGE('',*,*,#3122,.F.);
#3138=EDGE_LOOP('',(#3134,#3135,#3136,#3137));
#3139=FACE_OUTER_BOUND('',#3138,.F.);
#3141=CLOSED_SHELL('',(#3065,#3080,#3101,#3115,#3128,#3140));
#3142=MANIFOLD_SOLID_BREP('',#3141);
#3143=FILL_AREA_STYLE_COLOUR('',#28);
#3144=FILL_AREA_STYLE('',(#3143));
#3145=SURFACE_STYLE_FILL_AREA(#3144);
#3146=SURFACE_SIDE_STYLE('',(#3145));
#3147=SURFACE_STYLE_USAGE(.POSITIVE.,#3146);
#3148=PRESENTATION_STYLE_ASSIGNMENT((#3147));
#2949=STYLED_ITEM('',(#3148),#3142);
#3151=PLANE_ANGLE_MEASURE_WITH_UNIT(PLANE_ANGLE_MEASURE(1.745329251994E-2),
#3150);
#3152=(CONVERSION_BASED_UNIT('DEGREE',#3151)NAMED_UNIT(*)PLANE_ANGLE_UNIT());
#3154=UNCERTAINTY_MEASURE_WITH_UNIT(LENGTH_MEASURE(1.887383110473E-4),#3149,
'distance_accuracy_value',
'Maximum model space distance between geometric entities at asserted connectivities');
#3156=CARTESIAN_POINT('',(0.E0,0.E0,0.E0));
#3157=DIRECTION('',(0.E0,0.E0,1.E0));
#3158=DIRECTION('',(1.E0,0.E0,0.E0));
#3161=APPLICATION_CONTEXT('automotive_design');
#3162=APPLICATION_PROTOCOL_DEFINITION('international standard',
'automotive_design',2001,#3161);
#3163=PRODUCT_DEFINITION_CONTEXT('part definition',#3161,'design');
#3164=PRODUCT_CONTEXT('',#3161,'mechanical');
#3165=PRODUCT('FRAME','FRAME','NOT SPECIFIED',(#3164));
#3166=PRODUCT_DEFINITION_FORMATION('36','LAST_VERSION',#3165);
#3174=DERIVED_UNIT_ELEMENT(#3173,2.E0);
#3175=DERIVED_UNIT((#3174));
#3176=MEASURE_REPRESENTATION_ITEM('surface area measure',AREA_MEASURE(
1.384702457122E1),#3175);
#3181=DERIVED_UNIT_ELEMENT(#3180,3.E0);
#3182=DERIVED_UNIT((#3181));
#3183=MEASURE_REPRESENTATION_ITEM('volume measure',VOLUME_MEASURE(
9.755655000699E-1),#3182);
#3187=CARTESIAN_POINT('centre point',(4.532704920399E-2,1.004100185994E-1,
-4.497248732738E-4));
#3192=DERIVED_UNIT_ELEMENT(#3191,2.E0);
#3193=DERIVED_UNIT((#3192));
#3194=MEASURE_REPRESENTATION_ITEM('surface area measure',AREA_MEASURE(
1.384702457122E1),#3193);
#3199=DERIVED_UNIT_ELEMENT(#3198,3.E0);
#3200=DERIVED_UNIT((#3199));
#3201=MEASURE_REPRESENTATION_ITEM('volume measure',VOLUME_MEASURE(
9.755655000699E-1),#3200);
#3205=CARTESIAN_POINT('centre point',(4.532704920399E-2,1.004100185994E-1,
-4.497248732738E-4));
#3215=CARTESIAN_POINT('centre point',(4.532704920399E-2,4.497248732738E-4,
1.004100185994E-1));
#3219=CARTESIAN_POINT('',(0.E0,0.E0,0.E0));
#3220=DIRECTION('',(0.E0,-1.E0,0.E0));
#3221=DIRECTION('',(1.E0,0.E0,0.E0));
#3222=AXIS2_PLACEMENT_3D('',#3219,#3220,#3221);
#3223=ITEM_DEFINED_TRANSFORMATION('','',#3159,#3222);
#3224=(REPRESENTATION_RELATIONSHIP('','',#3160,#3212)REPRESENTATION_RELATIONSHIP_WITH_TRANSFORMATION(#3223)SHAPE_REPRESENTATION_RELATIONSHIP());
#3225=CONTEXT_DEPENDENT_SHAPE_REPRESENTATION(#3224,#3214);
#3228=DIRECTION('',(1.E0,0.E0,0.E0));
#3229=VECTOR('',#3228,2.51E-1);
#3230=CARTESIAN_POINT('',(-1.5E0,0.E0,-8.25E-1));
#3231=LINE('',#3230,#3229);
#3232=CURVE_STYLE('',#35,POSITIVE_LENGTH_MEASURE(2.E-2),#3);
#3233=PRESENTATION_STYLE_ASSIGNMENT((#3232));
#3234=STYLED_ITEM('',(#3233),#3231);
#3235=DIRECTION('',(0.E0,0.E0,1.E0));
#3236=VECTOR('',#3235,3.5E-1);
#3237=CARTESIAN_POINT('',(-1.5E0,0.E0,-8.25E-1));
#3238=LINE('',#3237,#3236);
#3239=CURVE_STYLE('',#35,POSITIVE_LENGTH_MEASURE(2.E-2),#3);
#3240=PRESENTATION_STYLE_ASSIGNMENT((#3239));
#3241=STYLED_ITEM('',(#3240),#3238);
#3242=DIRECTION('',(1.E0,0.E0,0.E0));
#3243=VECTOR('',#3242,2.51E-1);
#3244=CARTESIAN_POINT('',(-1.5E0,0.E0,-4.75E-1));
#3245=LINE('',#3244,#3243);
#3246=CURVE_STYLE('',#35,POSITIVE_LENGTH_MEASURE(2.E-2),#3);
#3247=PRESENTATION_STYLE_ASSIGNMENT((#3246));
#3248=STYLED_ITEM('',(#3247),#3245);
#3249=CARTESIAN_POINT('',(-1.249E0,0.E0,-3.26E-1));
#3250=DIRECTION('',(0.E0,1.E0,0.E0));
#3251=DIRECTION('',(1.E0,0.E0,0.E0));
#3252=AXIS2_PLACEMENT_3D('',#3249,#3250,#3251);
#3254=CURVE_STYLE('',#35,POSITIVE_LENGTH_MEASURE(2.E-2),#3);
#3255=PRESENTATION_STYLE_ASSIGNMENT((#3254));
#3256=STYLED_ITEM('',(#3255),#3253);
#3257=DIRECTION('',(0.E0,0.E0,-1.E0));
#3258=VECTOR('',#3257,2.E-3);
#3259=CARTESIAN_POINT('',(-1.1E0,0.E0,-3.24E-1));
#3260=LINE('',#3259,#3258);
#3261=CURVE_STYLE('',#35,POSITIVE_LENGTH_MEASURE(2.E-2),#3);
#3262=PRESENTATION_STYLE_ASSIGNMENT((#3261));
#3263=STYLED_ITEM('',(#3262),#3260);
#3264=CARTESIAN_POINT('',(-1.249E0,0.E0,-3.24E-1));
#3265=DIRECTION('',(0.E0,1.E0,0.E0));
#3266=DIRECTION('',(0.E0,0.E0,1.E0));
#3267=AXIS2_PLACEMENT_3D('',#3264,#3265,#3266);
#3269=CURVE_STYLE('',#35,POSITIVE_LENGTH_MEASURE(2.E-2),#3);
#3270=PRESENTATION_STYLE_ASSIGNMENT((#3269));
#3271=STYLED_ITEM('',(#3270),#3268);
#3272=DIRECTION('',(1.E0,0.E0,0.E0));
#3273=VECTOR('',#3272,2.51E-1);
#3274=CARTESIAN_POINT('',(-1.5E0,0.E0,-1.75E-1));
#3275=LINE('',#3274,#3273);
#3276=CURVE_STYLE('',#35,POSITIVE_LENGTH_MEASURE(2.E-2),#3);
#3277=PRESENTATION_STYLE_ASSIGNMENT((#3276));
#3278=STYLED_ITEM('',(#3277),#3275);
#3279=DIRECTION('',(0.E0,0.E0,1.E0));
#3280=VECTOR('',#3279,3.5E-1);
#3281=CARTESIAN_POINT('',(-1.5E0,0.E0,-1.75E-1));
#3282=LINE('',#3281,#3280);
#3283=CURVE_STYLE('',#35,POSITIVE_LENGTH_MEASURE(2.E-2),#3);
#3284=PRESENTATION_STYLE_ASSIGNMENT((#3283));
#3285=STYLED_ITEM('',(#3284),#3282);
#3286=DIRECTION('',(1.E0,0.E0,0.E0));
#3287=VECTOR('',#3286,2.51E-1);
#3288=CARTESIAN_POINT('',(-1.5E0,0.E0,1.75E-1));
#3289=LINE('',#3288,#3287);
#3290=CURVE_STYLE('',#35,POSITIVE_LENGTH_MEASURE(2.E-2),#3);
#3291=PRESENTATION_STYLE_ASSIGNMENT((#3290));
#3292=STYLED_ITEM('',(#3291),#3289);
#3293=CARTESIAN_POINT('',(-1.249E0,0.E0,3.24E-1));
#3294=DIRECTION('',(0.E0,1.E0,0.E0));
#3295=DIRECTION('',(1.E0,0.E0,0.E0));
#3296=AXIS2_PLACEMENT_3D('',#3293,#3294,#3295);
#3298=CURVE_STYLE('',#35,POSITIVE_LENGTH_MEASURE(2.E-2),#3);
#3299=PRESENTATION_STYLE_ASSIGNMENT((#3298));
#3300=STYLED_ITEM('',(#3299),#3297);
#3301=DIRECTION('',(0.E0,0.E0,-1.E0));
#3302=VECTOR('',#3301,2.E-3);
#3303=CARTESIAN_POINT('',(-1.1E0,0.E0,3.26E-1));
#3304=LINE('',#3303,#3302);
#3305=CURVE_STYLE('',#35,POSITIVE_LENGTH_MEASURE(2.E-2),#3);
#3306=PRESENTATION_STYLE_ASSIGNMENT((#3305));
#3307=STYLED_ITEM('',(#3306),#3304);
#3308=CARTESIAN_POINT('',(-1.249E0,0.E0,3.26E-1));
#3309=DIRECTION('',(0.E0,1.E0,0.E0));
#3310=DIRECTION('',(0.E0,0.E0,1.E0));
#3311=AXIS2_PLACEMENT_3D('',#3308,#3309,#3310);
#3313=CURVE_STYLE('',#35,POSITIVE_LENGTH_MEASURE(2.E-2),#3);
#3314=PRESENTATION_STYLE_ASSIGNMENT((#3313));
#3315=STYLED_ITEM('',(#3314),#3312);
#3316=DIRECTION('',(1.E0,0.E0,0.E0));
#3317=VECTOR('',#3316,2.51E-1);
#3318=CARTESIAN_POINT('',(-1.5E0,0.E0,4.75E-1));
#3319=LINE('',#3318,#3317);
#3320=CURVE_STYLE('',#35,POSITIVE_LENGTH_MEASURE(2.E-2),#3);
#3321=PRESENTATION_STYLE_ASSIGNMENT((#3320));
#3322=STYLED_ITEM('',(#3321),#3319);
#3323=DIRECTION('',(0.E0,0.E0,1.E0));
#3324=VECTOR('',#3323,3.5E-1);
#3325=CARTESIAN_POINT('',(-1.5E0,0.E0,4.75E-1));
#3326=LINE('',#3325,#3324);
#3327=CURVE_STYLE('',#35,POSITIVE_LENGTH_MEASURE(2.E-2),#3);
#3328=PRESENTATION_STYLE_ASSIGNMENT((#3327));
#3329=STYLED_ITEM('',(#3328),#3326);
#3330=DIRECTION('',(1.E0,0.E0,0.E0));
#3331=VECTOR('',#3330,2.51E-1);
#3332=CARTESIAN_POINT('',(-1.5E0,0.E0,8.25E-1));
#3333=LINE('',#3332,#3331);
#3334=CURVE_STYLE('',#35,POSITIVE_LENGTH_MEASURE(2.E-2),#3);
#3335=PRESENTATION_STYLE_ASSIGNMENT((#3334));
#3336=STYLED_ITEM('',(#3335),#3333);
#3337=CARTESIAN_POINT('',(-1.249E0,0.E0,9.74E-1));
#3338=DIRECTION('',(0.E0,1.E0,0.E0));
#3339=DIRECTION('',(1.E0,0.E0,0.E0));
#3340=AXIS2_PLACEMENT_3D('',#3337,#3338,#3339);
#3342=CURVE_STYLE('',#35,POSITIVE_LENGTH_MEASURE(2.E-2),#3);
#3343=PRESENTATION_STYLE_ASSIGNMENT((#3342));
#3344=STYLED_ITEM('',(#3343),#3341);
#3345=DIRECTION('',(0.E0,0.E0,-1.E0));
#3346=VECTOR('',#3345,2.E-3);
#3347=CARTESIAN_POINT('',(-1.1E0,0.E0,9.76E-1));
#3348=LINE('',#3347,#3346);
#3349=CURVE_STYLE('',#35,POSITIVE_LENGTH_MEASURE(2.E-2),#3);
#3350=PRESENTATION_STYLE_ASSIGNMENT((#3349));
#3351=STYLED_ITEM('',(#3350),#3348);
#3352=CARTESIAN_POINT('',(-1.249E0,0.E0,9.76E-1));
#3353=DIRECTION('',(0.E0,1.E0,0.E0));
#3354=DIRECTION('',(0.E0,0.E0,1.E0));
#3355=AXIS2_PLACEMENT_3D('',#3352,#3353,#3354);
#3357=CURVE_STYLE('',#35,POSITIVE_LENGTH_MEASURE(2.E-2),#3);
#3358=PRESENTATION_STYLE_ASSIGNMENT((#3357));
#3359=STYLED_ITEM('',(#3358),#3356);
#3360=DIRECTION('',(1.E0,0.E0,0.E0));
#3361=VECTOR('',#3360,2.51E-1);
#3362=CARTESIAN_POINT('',(-1.5E0,0.E0,1.125E0));
#3363=LINE('',#3362,#3361);
#3364=CURVE_STYLE('',#35,POSITIVE_LENGTH_MEASURE(2.E-2),#3);
#3365=PRESENTATION_STYLE_ASSIGNMENT((#3364));
#3366=STYLED_ITEM('',(#3365),#3363);
#3367=DIRECTION('',(0.E0,0.E0,1.E0));
#3368=VECTOR('',#3367,3.75E-1);
#3369=CARTESIAN_POINT('',(-1.5E0,0.E0,1.125E0));
#3370=LINE('',#3369,#3368);
#3371=CURVE_STYLE('',#35,POSITIVE_LENGTH_MEASURE(2.E-2),#3);
#3372=PRESENTATION_STYLE_ASSIGNMENT((#3371));
#3373=STYLED_ITEM('',(#3372),#3370);
#3374=DIRECTION('',(1.E0,0.E0,0.E0));
#3375=VECTOR('',#3374,3.E0);
#3376=CARTESIAN_POINT('',(-1.5E0,0.E0,1.5E0));
#3377=LINE('',#3376,#3375);
#3378=CURVE_STYLE('',#35,POSITIVE_LENGTH_MEASURE(2.E-2),#3);
#3379=PRESENTATION_STYLE_ASSIGNMENT((#3378));
#3380=STYLED_ITEM('',(#3379),#3377);
#3381=DIRECTION('',(0.E0,0.E0,-1.E0));
#3382=VECTOR('',#3381,3.75E-1);
#3383=CARTESIAN_POINT('',(1.5E0,0.E0,1.5E0));
#3384=LINE('',#3383,#3382);
#3385=CURVE_STYLE('',#35,POSITIVE_LENGTH_MEASURE(2.E-2),#3);
#3386=PRESENTATION_STYLE_ASSIGNMENT((#3385));
#3387=STYLED_ITEM('',(#3386),#3384);
#3388=DIRECTION('',(-1.E0,0.E0,0.E0));
#3389=VECTOR('',#3388,2.51E-1);
#3390=CARTESIAN_POINT('',(1.5E0,0.E0,1.125E0));
#3391=LINE('',#3390,#3389);
#3392=CURVE_STYLE('',#35,POSITIVE_LENGTH_MEASURE(2.E-2),#3);
#3393=PRESENTATION_STYLE_ASSIGNMENT((#3392));
#3394=STYLED_ITEM('',(#3393),#3391);
#3395=CARTESIAN_POINT('',(1.249E0,0.E0,9.76E-1));
#3396=DIRECTION('',(0.E0,-1.E0,0.E0));
#3397=DIRECTION('',(0.E0,0.E0,1.E0));
#3398=AXIS2_PLACEMENT_3D('',#3395,#3396,#3397);
#3400=CURVE_STYLE('',#35,POSITIVE_LENGTH_MEASURE(2.E-2),#3);
#3401=PRESENTATION_STYLE_ASSIGNMENT((#3400));
#3402=STYLED_ITEM('',(#3401),#3399);
#3403=DIRECTION('',(0.E0,0.E0,-1.E0));
#3404=VECTOR('',#3403,2.E-3);
#3405=CARTESIAN_POINT('',(1.1E0,0.E0,9.76E-1));
#3406=LINE('',#3405,#3404);
#3407=CURVE_STYLE('',#35,POSITIVE_LENGTH_MEASURE(2.E-2),#3);
#3408=PRESENTATION_STYLE_ASSIGNMENT((#3407));
#3409=STYLED_ITEM('',(#3408),#3406);
#3410=CARTESIAN_POINT('',(1.249E0,0.E0,9.74E-1));
#3411=DIRECTION('',(0.E0,-1.E0,0.E0));
#3412=DIRECTION('',(-1.E0,0.E0,0.E0));
#3413=AXIS2_PLACEMENT_3D('',#3410,#3411,#3412);
#3415=CURVE_STYLE('',#35,POSITIVE_LENGTH_MEASURE(2.E-2),#3);
#3416=PRESENTATION_STYLE_ASSIGNMENT((#3415));
#3417=STYLED_ITEM('',(#3416),#3414);
#3418=DIRECTION('',(-1.E0,0.E0,0.E0));
#3419=VECTOR('',#3418,2.51E-1);
#3420=CARTESIAN_POINT('',(1.5E0,0.E0,8.25E-1));
#3421=LINE('',#3420,#3419);
#3422=CURVE_STYLE('',#35,POSITIVE_LENGTH_MEASURE(2.E-2),#3);
#3423=PRESENTATION_STYLE_ASSIGNMENT((#3422));
#3424=STYLED_ITEM('',(#3423),#3421);
#3425=DIRECTION('',(0.E0,0.E0,-1.E0));
#3426=VECTOR('',#3425,3.5E-1);
#3427=CARTESIAN_POINT('',(1.5E0,0.E0,8.25E-1));
#3428=LINE('',#3427,#3426);
#3429=CURVE_STYLE('',#35,POSITIVE_LENGTH_MEASURE(2.E-2),#3);
#3430=PRESENTATION_STYLE_ASSIGNMENT((#3429));
#3431=STYLED_ITEM('',(#3430),#3428);
#3432=DIRECTION('',(-1.E0,0.E0,0.E0));
#3433=VECTOR('',#3432,2.51E-1);
#3434=CARTESIAN_POINT('',(1.5E0,0.E0,4.75E-1));
#3435=LINE('',#3434,#3433);
#3436=CURVE_STYLE('',#35,POSITIVE_LENGTH_MEASURE(2.E-2),#3);
#3437=PRESENTATION_STYLE_ASSIGNMENT((#3436));
#3438=STYLED_ITEM('',(#3437),#3435);
#3439=CARTESIAN_POINT('',(1.249E0,0.E0,3.26E-1));
#3440=DIRECTION('',(0.E0,-1.E0,0.E0));
#3441=DIRECTION('',(0.E0,0.E0,1.E0));
#3442=AXIS2_PLACEMENT_3D('',#3439,#3440,#3441);
#3444=CURVE_STYLE('',#35,POSITIVE_LENGTH_MEASURE(2.E-2),#3);
#3445=PRESENTATION_STYLE_ASSIGNMENT((#3444));
#3446=STYLED_ITEM('',(#3445),#3443);
#3447=DIRECTION('',(0.E0,0.E0,-1.E0));
#3448=VECTOR('',#3447,1.302E0);
#3449=CARTESIAN_POINT('',(1.1E0,0.E0,3.26E-1));
#3450=LINE('',#3449,#3448);
#3451=CURVE_STYLE('',#35,POSITIVE_LENGTH_MEASURE(2.E-2),#3);
#3452=PRESENTATION_STYLE_ASSIGNMENT((#3451));
#3453=STYLED_ITEM('',(#3452),#3450);
#3454=CARTESIAN_POINT('',(1.249E0,0.E0,-9.76E-1));
#3455=DIRECTION('',(0.E0,-1.E0,0.E0));
#3456=DIRECTION('',(-1.E0,0.E0,0.E0));
#3457=AXIS2_PLACEMENT_3D('',#3454,#3455,#3456);
#3459=CURVE_STYLE('',#35,POSITIVE_LENGTH_MEASURE(2.E-2),#3);
#3460=PRESENTATION_STYLE_ASSIGNMENT((#3459));
#3461=STYLED_ITEM('',(#3460),#3458);
#3462=DIRECTION('',(-1.E0,0.E0,0.E0));
#3463=VECTOR('',#3462,2.51E-1);
#3464=CARTESIAN_POINT('',(1.5E0,0.E0,-1.125E0));
#3465=LINE('',#3464,#3463);
#3466=CURVE_STYLE('',#35,POSITIVE_LENGTH_MEASURE(2.E-2),#3);
#3467=PRESENTATION_STYLE_ASSIGNMENT((#3466));
#3468=STYLED_ITEM('',(#3467),#3465);
#3469=DIRECTION('',(0.E0,0.E0,-1.E0));
#3470=VECTOR('',#3469,3.75E-1);
#3471=CARTESIAN_POINT('',(1.5E0,0.E0,-1.125E0));
#3472=LINE('',#3471,#3470);
#3473=CURVE_STYLE('',#35,POSITIVE_LENGTH_MEASURE(2.E-2),#3);
#3474=PRESENTATION_STYLE_ASSIGNMENT((#3473));
#3475=STYLED_ITEM('',(#3474),#3472);
#3476=DIRECTION('',(-1.E0,0.E0,0.E0));
#3477=VECTOR('',#3476,3.E0);
#3478=CARTESIAN_POINT('',(1.5E0,0.E0,-1.5E0));
#3479=LINE('',#3478,#3477);
#3480=CURVE_STYLE('',#35,POSITIVE_LENGTH_MEASURE(2.E-2),#3);
#3481=PRESENTATION_STYLE_ASSIGNMENT((#3480));
#3482=STYLED_ITEM('',(#3481),#3479);
#3483=DIRECTION('',(0.E0,0.E0,1.E0));
#3484=VECTOR('',#3483,3.75E-1);
#3485=CARTESIAN_POINT('',(-1.5E0,0.E0,-1.5E0));
#3486=LINE('',#3485,#3484);
#3487=CURVE_STYLE('',#35,POSITIVE_LENGTH_MEASURE(2.E-2),#3);
#3488=PRESENTATION_STYLE_ASSIGNMENT((#3487));
#3489=STYLED_ITEM('',(#3488),#3486);
#3490=DIRECTION('',(1.E0,0.E0,0.E0));
#3491=VECTOR('',#3490,2.51E-1);
#3492=CARTESIAN_POINT('',(-1.5E0,0.E0,-1.125E0));
#3493=LINE('',#3492,#3491);
#3494=CURVE_STYLE('',#35,POSITIVE_LENGTH_MEASURE(2.E-2),#3);
#3495=PRESENTATION_STYLE_ASSIGNMENT((#3494));
#3496=STYLED_ITEM('',(#3495),#3493);
#3497=CARTESIAN_POINT('',(-1.249E0,0.E0,-9.76E-1));
#3498=DIRECTION('',(0.E0,1.E0,0.E0));
#3499=DIRECTION('',(1.E0,0.E0,0.E0));
#3500=AXIS2_PLACEMENT_3D('',#3497,#3498,#3499);
#3502=CURVE_STYLE('',#35,POSITIVE_LENGTH_MEASURE(2.E-2),#3);
#3503=PRESENTATION_STYLE_ASSIGNMENT((#3502));
#3504=STYLED_ITEM('',(#3503),#3501);
#3505=DIRECTION('',(0.E0,0.E0,-1.E0));
#3506=VECTOR('',#3505,2.E-3);
#3507=CARTESIAN_POINT('',(-1.1E0,0.E0,-9.74E-1));
#3508=LINE('',#3507,#3506);
#3509=CURVE_STYLE('',#35,POSITIVE_LENGTH_MEASURE(2.E-2),#3);
#3510=PRESENTATION_STYLE_ASSIGNMENT((#3509));
#3511=STYLED_ITEM('',(#3510),#3508);
#3512=CARTESIAN_POINT('',(-1.249E0,0.E0,-9.74E-1));
#3513=DIRECTION('',(0.E0,1.E0,0.E0));
#3514=DIRECTION('',(0.E0,0.E0,1.E0));
#3515=AXIS2_PLACEMENT_3D('',#3512,#3513,#3514);
#3517=CURVE_STYLE('',#35,POSITIVE_LENGTH_MEASURE(2.E-2),#3);
#3518=PRESENTATION_STYLE_ASSIGNMENT((#3517));
#3519=STYLED_ITEM('',(#3518),#3516);
#3520=DIRECTION('',(-1.E0,0.E0,0.E0));
#3521=VECTOR('',#3520,2.E-1);
#3522=CARTESIAN_POINT('',(1.5E0,0.E0,-8.25E-1));
#3523=LINE('',#3522,#3521);
#3524=CURVE_STYLE('',#35,POSITIVE_LENGTH_MEASURE(2.E-2),#3);
#3525=PRESENTATION_STYLE_ASSIGNMENT((#3524));
#3526=STYLED_ITEM('',(#3525),#3523);
#3527=DIRECTION('',(0.E0,0.E0,-1.E0));
#3528=VECTOR('',#3527,3.5E-1);
#3529=CARTESIAN_POINT('',(1.3E0,0.E0,-4.75E-1));
#3530=LINE('',#3529,#3528);
#3531=CURVE_STYLE('',#35,POSITIVE_LENGTH_MEASURE(2.E-2),#3);
#3532=PRESENTATION_STYLE_ASSIGNMENT((#3531));
#3533=STYLED_ITEM('',(#3532),#3530);
#3534=DIRECTION('',(-1.E0,0.E0,0.E0));
#3535=VECTOR('',#3534,2.E-1);
#3536=CARTESIAN_POINT('',(1.5E0,0.E0,-4.75E-1));
#3537=LINE('',#3536,#3535);
#3538=CURVE_STYLE('',#35,POSITIVE_LENGTH_MEASURE(2.E-2),#3);
#3539=PRESENTATION_STYLE_ASSIGNMENT((#3538));
#3540=STYLED_ITEM('',(#3539),#3537);
#3541=DIRECTION('',(0.E0,0.E0,-1.E0));
#3542=VECTOR('',#3541,3.5E-1);
#3543=CARTESIAN_POINT('',(1.5E0,0.E0,-4.75E-1));
#3544=LINE('',#3543,#3542);
#3545=CURVE_STYLE('',#35,POSITIVE_LENGTH_MEASURE(2.E-2),#3);
#3546=PRESENTATION_STYLE_ASSIGNMENT((#3545));
#3547=STYLED_ITEM('',(#3546),#3544);
#3548=DIRECTION('',(-1.E0,0.E0,0.E0));
#3549=VECTOR('',#3548,2.E-1);
#3550=CARTESIAN_POINT('',(1.5E0,0.E0,-1.75E-1));
#3551=LINE('',#3550,#3549);
#3552=CURVE_STYLE('',#35,POSITIVE_LENGTH_MEASURE(2.E-2),#3);
#3553=PRESENTATION_STYLE_ASSIGNMENT((#3552));
#3554=STYLED_ITEM('',(#3553),#3551);
#3555=DIRECTION('',(0.E0,0.E0,-1.E0));
#3556=VECTOR('',#3555,3.5E-1);
#3557=CARTESIAN_POINT('',(1.3E0,0.E0,1.75E-1));
#3558=LINE('',#3557,#3556);
#3559=CURVE_STYLE('',#35,POSITIVE_LENGTH_MEASURE(2.E-2),#3);
#3560=PRESENTATION_STYLE_ASSIGNMENT((#3559));
#3561=STYLED_ITEM('',(#3560),#3558);
#3562=DIRECTION('',(-1.E0,0.E0,0.E0));
#3563=VECTOR('',#3562,2.E-1);
#3564=CARTESIAN_POINT('',(1.5E0,0.E0,1.75E-1));
#3565=LINE('',#3564,#3563);
#3566=CURVE_STYLE('',#35,POSITIVE_LENGTH_MEASURE(2.E-2),#3);
#3567=PRESENTATION_STYLE_ASSIGNMENT((#3566));
#3568=STYLED_ITEM('',(#3567),#3565);
#3569=DIRECTION('',(0.E0,0.E0,-1.E0));
#3570=VECTOR('',#3569,3.5E-1);
#3571=CARTESIAN_POINT('',(1.5E0,0.E0,1.75E-1));
#3572=LINE('',#3571,#3570);
#3573=CURVE_STYLE('',#35,POSITIVE_LENGTH_MEASURE(2.E-2),#3);
#3574=PRESENTATION_STYLE_ASSIGNMENT((#3573));
#3575=STYLED_ITEM('',(#3574),#3572);
#3576=DIRECTION('',(0.E0,0.E0,1.E0));
#3577=VECTOR('',#3576,2.1E0);
#3578=CARTESIAN_POINT('',(-8.E-1,0.E0,-9.E-1));
#3579=LINE('',#3578,#3577);
#3580=CURVE_STYLE('',#35,POSITIVE_LENGTH_MEASURE(2.E-2),#3);
#3581=PRESENTATION_STYLE_ASSIGNMENT((#3580));
#3582=STYLED_ITEM('',(#3581),#3579);
#3583=DIRECTION('',(7.071067811865E-1,0.E0,-7.071067811865E-1));
#3584=VECTOR('',#3583,4.242640687119E-1);
#3585=CARTESIAN_POINT('',(-8.E-1,0.E0,-9.E-1));
#3586=LINE('',#3585,#3584);
#3587=CURVE_STYLE('',#35,POSITIVE_LENGTH_MEASURE(2.E-2),#3);
#3588=PRESENTATION_STYLE_ASSIGNMENT((#3587));
#3589=STYLED_ITEM('',(#3588),#3586);
#3590=DIRECTION('',(-1.E0,0.E0,0.E0));
#3591=VECTOR('',#3590,1.3E0);
#3592=CARTESIAN_POINT('',(8.E-1,0.E0,-1.2E0));
#3593=LINE('',#3592,#3591);
#3594=CURVE_STYLE('',#35,POSITIVE_LENGTH_MEASURE(2.E-2),#3);
#3595=PRESENTATION_STYLE_ASSIGNMENT((#3594));
#3596=STYLED_ITEM('',(#3595),#3593);
#3597=DIRECTION('',(0.E0,0.E0,-1.E0));
#3598=VECTOR('',#3597,2.4E0);
#3599=CARTESIAN_POINT('',(8.E-1,0.E0,1.2E0));
#3600=LINE('',#3599,#3598);
#3601=CURVE_STYLE('',#35,POSITIVE_LENGTH_MEASURE(2.E-2),#3);
#3602=PRESENTATION_STYLE_ASSIGNMENT((#3601));
#3603=STYLED_ITEM('',(#3602),#3600);
#3604=DIRECTION('',(1.E0,0.E0,0.E0));
#3605=VECTOR('',#3604,1.6E0);
#3606=CARTESIAN_POINT('',(-8.E-1,0.E0,1.2E0));
#3607=LINE('',#3606,#3605);
#3608=CURVE_STYLE('',#35,POSITIVE_LENGTH_MEASURE(2.E-2),#3);
#3609=PRESENTATION_STYLE_ASSIGNMENT((#3608));
#3610=STYLED_ITEM('',(#3609),#3607);
#3611=DIRECTION('',(0.E0,1.E0,0.E0));
#3612=VECTOR('',#3611,1.75E-1);
#3613=CARTESIAN_POINT('',(-1.249E0,0.E0,-8.25E-1));
#3614=LINE('',#3613,#3612);
#3615=CURVE_STYLE('',#35,POSITIVE_LENGTH_MEASURE(2.E-2),#3);
#3616=PRESENTATION_STYLE_ASSIGNMENT((#3615));
#3617=STYLED_ITEM('',(#3616),#3614);
#3618=DIRECTION('',(0.E0,1.E0,0.E0));
#3619=VECTOR('',#3618,1.75E-1);
#3620=CARTESIAN_POINT('',(-1.1E0,0.E0,-9.74E-1));
#3621=LINE('',#3620,#3619);
#3622=CURVE_STYLE('',#35,POSITIVE_LENGTH_MEASURE(2.E-2),#3);
#3623=PRESENTATION_STYLE_ASSIGNMENT((#3622));
#3624=STYLED_ITEM('',(#3623),#3621);
#3625=DIRECTION('',(0.E0,1.E0,0.E0));
#3626=VECTOR('',#3625,1.75E-1);
#3627=CARTESIAN_POINT('',(-1.1E0,0.E0,-9.76E-1));
#3628=LINE('',#3627,#3626);
#3629=CURVE_STYLE('',#35,POSITIVE_LENGTH_MEASURE(2.E-2),#3);
#3630=PRESENTATION_STYLE_ASSIGNMENT((#3629));
#3631=STYLED_ITEM('',(#3630),#3628);
#3632=DIRECTION('',(0.E0,1.E0,0.E0));
#3633=VECTOR('',#3632,1.75E-1);
#3634=CARTESIAN_POINT('',(-1.249E0,0.E0,-1.125E0));
#3635=LINE('',#3634,#3633);
#3636=CURVE_STYLE('',#35,POSITIVE_LENGTH_MEASURE(2.E-2),#3);
#3637=PRESENTATION_STYLE_ASSIGNMENT((#3636));
#3638=STYLED_ITEM('',(#3637),#3635);
#3639=DIRECTION('',(0.E0,0.E0,-1.E0));
#3640=VECTOR('',#3639,3.E-1);
#3641=CARTESIAN_POINT('',(-1.5E0,1.75E-1,-8.25E-1));
#3642=LINE('',#3641,#3640);
#3643=CURVE_STYLE('',#35,POSITIVE_LENGTH_MEASURE(2.E-2),#3);
#3644=PRESENTATION_STYLE_ASSIGNMENT((#3643));
#3645=STYLED_ITEM('',(#3644),#3642);
#3646=DIRECTION('',(0.E0,1.E0,0.E0));
#3647=VECTOR('',#3646,1.75E-1);
#3648=CARTESIAN_POINT('',(-1.5E0,0.E0,-1.125E0));
#3649=LINE('',#3648,#3647);
#3650=CURVE_STYLE('',#35,POSITIVE_LENGTH_MEASURE(2.E-2),#3);
#3651=PRESENTATION_STYLE_ASSIGNMENT((#3650));
#3652=STYLED_ITEM('',(#3651),#3649);
#3653=DIRECTION('',(0.E0,1.E0,0.E0));
#3654=VECTOR('',#3653,7.75E-1);
#3655=CARTESIAN_POINT('',(-1.5E0,0.E0,-1.5E0));
#3656=LINE('',#3655,#3654);
#3657=CURVE_STYLE('',#35,POSITIVE_LENGTH_MEASURE(2.E-2),#3);
#3658=PRESENTATION_STYLE_ASSIGNMENT((#3657));
#3659=STYLED_ITEM('',(#3658),#3656);
#3660=DIRECTION('',(0.E0,1.E0,0.E0));
#3661=VECTOR('',#3660,1.75E-1);
#3662=CARTESIAN_POINT('',(-1.5E0,0.E0,1.125E0));
#3663=LINE('',#3662,#3661);
#3664=CURVE_STYLE('',#35,POSITIVE_LENGTH_MEASURE(2.E-2),#3);
#3665=PRESENTATION_STYLE_ASSIGNMENT((#3664));
#3666=STYLED_ITEM('',(#3665),#3663);
#3667=DIRECTION('',(0.E0,0.E0,-1.E0));
#3668=VECTOR('',#3667,3.E-1);
#3669=CARTESIAN_POINT('',(-1.5E0,1.75E-1,1.125E0));
#3670=LINE('',#3669,#3668);
#3671=CURVE_STYLE('',#35,POSITIVE_LENGTH_MEASURE(2.E-2),#3);
#3672=PRESENTATION_STYLE_ASSIGNMENT((#3671));
#3673=STYLED_ITEM('',(#3672),#3670);
#3674=DIRECTION('',(0.E0,1.E0,0.E0));
#3675=VECTOR('',#3674,1.75E-1);
#3676=CARTESIAN_POINT('',(-1.5E0,0.E0,8.25E-1));
#3677=LINE('',#3676,#3675);
#3678=CURVE_STYLE('',#35,POSITIVE_LENGTH_MEASURE(2.E-2),#3);
#3679=PRESENTATION_STYLE_ASSIGNMENT((#3678));
#3680=STYLED_ITEM('',(#3679),#3677);
#3681=DIRECTION('',(0.E0,1.E0,0.E0));
#3682=VECTOR('',#3681,1.75E-1);
#3683=CARTESIAN_POINT('',(-1.5E0,0.E0,4.75E-1));
#3684=LINE('',#3683,#3682);
#3685=CURVE_STYLE('',#35,POSITIVE_LENGTH_MEASURE(2.E-2),#3);
#3686=PRESENTATION_STYLE_ASSIGNMENT((#3685));
#3687=STYLED_ITEM('',(#3686),#3684);
#3688=DIRECTION('',(0.E0,0.E0,-1.E0));
#3689=VECTOR('',#3688,3.E-1);
#3690=CARTESIAN_POINT('',(-1.5E0,1.75E-1,4.75E-1));
#3691=LINE('',#3690,#3689);
#3692=CURVE_STYLE('',#35,POSITIVE_LENGTH_MEASURE(2.E-2),#3);
#3693=PRESENTATION_STYLE_ASSIGNMENT((#3692));
#3694=STYLED_ITEM('',(#3693),#3691);
#3695=DIRECTION('',(0.E0,1.E0,0.E0));
#3696=VECTOR('',#3695,1.75E-1);
#3697=CARTESIAN_POINT('',(-1.5E0,0.E0,1.75E-1));
#3698=LINE('',#3697,#3696);
#3699=CURVE_STYLE('',#35,POSITIVE_LENGTH_MEASURE(2.E-2),#3);
#3700=PRESENTATION_STYLE_ASSIGNMENT((#3699));
#3701=STYLED_ITEM('',(#3700),#3698);
#3702=DIRECTION('',(0.E0,1.E0,0.E0));
#3703=VECTOR('',#3702,1.75E-1);
#3704=CARTESIAN_POINT('',(-1.5E0,0.E0,-1.75E-1));
#3705=LINE('',#3704,#3703);
#3706=CURVE_STYLE('',#35,POSITIVE_LENGTH_MEASURE(2.E-2),#3);
#3707=PRESENTATION_STYLE_ASSIGNMENT((#3706));
#3708=STYLED_ITEM('',(#3707),#3705);
#3709=DIRECTION('',(0.E0,0.E0,-1.E0));
#3710=VECTOR('',#3709,3.E-1);
#3711=CARTESIAN_POINT('',(-1.5E0,1.75E-1,-1.75E-1));
#3712=LINE('',#3711,#3710);
#3713=CURVE_STYLE('',#35,POSITIVE_LENGTH_MEASURE(2.E-2),#3);
#3714=PRESENTATION_STYLE_ASSIGNMENT((#3713));
#3715=STYLED_ITEM('',(#3714),#3712);
#3716=DIRECTION('',(0.E0,1.E0,0.E0));
#3717=VECTOR('',#3716,1.75E-1);
#3718=CARTESIAN_POINT('',(-1.5E0,0.E0,-4.75E-1));
#3719=LINE('',#3718,#3717);
#3720=CURVE_STYLE('',#35,POSITIVE_LENGTH_MEASURE(2.E-2),#3);
#3721=PRESENTATION_STYLE_ASSIGNMENT((#3720));
#3722=STYLED_ITEM('',(#3721),#3719);
#3723=DIRECTION('',(0.E0,1.E0,0.E0));
#3724=VECTOR('',#3723,1.75E-1);
#3725=CARTESIAN_POINT('',(-1.5E0,0.E0,-8.25E-1));
#3726=LINE('',#3725,#3724);
#3727=CURVE_STYLE('',#35,POSITIVE_LENGTH_MEASURE(2.E-2),#3);
#3728=PRESENTATION_STYLE_ASSIGNMENT((#3727));
#3729=STYLED_ITEM('',(#3728),#3726);
#3730=DIRECTION('',(1.E0,0.E0,0.E0));
#3731=VECTOR('',#3730,2.51E-1);
#3732=CARTESIAN_POINT('',(-1.5E0,1.75E-1,-8.25E-1));
#3733=LINE('',#3732,#3731);
#3734=CURVE_STYLE('',#35,POSITIVE_LENGTH_MEASURE(2.E-2),#3);
#3735=PRESENTATION_STYLE_ASSIGNMENT((#3734));
#3736=STYLED_ITEM('',(#3735),#3733);
#3737=CARTESIAN_POINT('',(-1.249E0,1.75E-1,-9.74E-1));
#3738=DIRECTION('',(0.E0,1.E0,0.E0));
#3739=DIRECTION('',(0.E0,0.E0,1.E0));
#3740=AXIS2_PLACEMENT_3D('',#3737,#3738,#3739);
#3742=CURVE_STYLE('',#35,POSITIVE_LENGTH_MEASURE(2.E-2),#3);
#3743=PRESENTATION_STYLE_ASSIGNMENT((#3742));
#3744=STYLED_ITEM('',(#3743),#3741);
#3745=DIRECTION('',(0.E0,0.E0,-1.E0));
#3746=VECTOR('',#3745,2.E-3);
#3747=CARTESIAN_POINT('',(-1.1E0,1.75E-1,-9.74E-1));
#3748=LINE('',#3747,#3746);
#3749=CURVE_STYLE('',#35,POSITIVE_LENGTH_MEASURE(2.E-2),#3);
#3750=PRESENTATION_STYLE_ASSIGNMENT((#3749));
#3751=STYLED_ITEM('',(#3750),#3748);
#3752=CARTESIAN_POINT('',(-1.249E0,1.75E-1,-9.76E-1));
#3753=DIRECTION('',(0.E0,1.E0,0.E0));
#3754=DIRECTION('',(1.E0,0.E0,0.E0));
#3755=AXIS2_PLACEMENT_3D('',#3752,#3753,#3754);
#3757=CURVE_STYLE('',#35,POSITIVE_LENGTH_MEASURE(2.E-2),#3);
#3758=PRESENTATION_STYLE_ASSIGNMENT((#3757));
#3759=STYLED_ITEM('',(#3758),#3756);
#3760=DIRECTION('',(-1.E0,0.E0,0.E0));
#3761=VECTOR('',#3760,2.51E-1);
#3762=CARTESIAN_POINT('',(-1.249E0,1.75E-1,-1.125E0));
#3763=LINE('',#3762,#3761);
#3764=CURVE_STYLE('',#35,POSITIVE_LENGTH_MEASURE(2.E-2),#3);
#3765=PRESENTATION_STYLE_ASSIGNMENT((#3764));
#3766=STYLED_ITEM('',(#3765),#3763);
#3767=DIRECTION('',(0.E0,1.E0,0.E0));
#3768=VECTOR('',#3767,7.75E-1);
#3769=CARTESIAN_POINT('',(1.5E0,0.E0,-1.5E0));
#3770=LINE('',#3769,#3768);
#3771=CURVE_STYLE('',#35,POSITIVE_LENGTH_MEASURE(2.E-2),#3);
#3772=PRESENTATION_STYLE_ASSIGNMENT((#3771));
#3773=STYLED_ITEM('',(#3772),#3770);
#3774=DIRECTION('',(-1.E0,0.E0,0.E0));
#3775=VECTOR('',#3774,2.E-1);
#3776=CARTESIAN_POINT('',(-7.5E-1,7.5E-2,-1.5E0));
#3777=LINE('',#3776,#3775);
#3778=CURVE_STYLE('',#35,POSITIVE_LENGTH_MEASURE(2.E-2),#3);
#3779=PRESENTATION_STYLE_ASSIGNMENT((#3778));
#3780=STYLED_ITEM('',(#3779),#3777);
#3781=DIRECTION('',(0.E0,1.E0,0.E0));
#3782=VECTOR('',#3781,1.E-1);
#3783=CARTESIAN_POINT('',(-9.5E-1,7.5E-2,-1.5E0));
#3784=LINE('',#3783,#3782);
#3785=CURVE_STYLE('',#35,POSITIVE_LENGTH_MEASURE(2.E-2),#3);
#3786=PRESENTATION_STYLE_ASSIGNMENT((#3785));
#3787=STYLED_ITEM('',(#3786),#3784);
#3788=DIRECTION('',(-1.E0,0.E0,0.E0));
#3789=VECTOR('',#3788,2.E-1);
#3790=CARTESIAN_POINT('',(-7.5E-1,1.75E-1,-1.5E0));
#3791=LINE('',#3790,#3789);
#3792=CURVE_STYLE('',#35,POSITIVE_LENGTH_MEASURE(2.E-2),#3);
#3793=PRESENTATION_STYLE_ASSIGNMENT((#3792));
#3794=STYLED_ITEM('',(#3793),#3791);
#3795=DIRECTION('',(0.E0,1.E0,0.E0));
#3796=VECTOR('',#3795,1.E-1);
#3797=CARTESIAN_POINT('',(-7.5E-1,7.5E-2,-1.5E0));
#3798=LINE('',#3797,#3796);
#3799=CURVE_STYLE('',#35,POSITIVE_LENGTH_MEASURE(2.E-2),#3);
#3800=PRESENTATION_STYLE_ASSIGNMENT((#3799));
#3801=STYLED_ITEM('',(#3800),#3798);
#3802=DIRECTION('',(-1.E0,0.E0,0.E0));
#3803=VECTOR('',#3802,2.E-1);
#3804=CARTESIAN_POINT('',(9.5E-1,7.5E-2,-1.5E0));
#3805=LINE('',#3804,#3803);
#3806=CURVE_STYLE('',#35,POSITIVE_LENGTH_MEASURE(2.E-2),#3);
#3807=PRESENTATION_STYLE_ASSIGNMENT((#3806));
#3808=STYLED_ITEM('',(#3807),#3805);
#3809=DIRECTION('',(0.E0,1.E0,0.E0));
#3810=VECTOR('',#3809,1.E-1);
#3811=CARTESIAN_POINT('',(7.5E-1,7.5E-2,-1.5E0));
#3812=LINE('',#3811,#3810);
#3813=CURVE_STYLE('',#35,POSITIVE_LENGTH_MEASURE(2.E-2),#3);
#3814=PRESENTATION_STYLE_ASSIGNMENT((#3813));
#3815=STYLED_ITEM('',(#3814),#3812);
#3816=DIRECTION('',(-1.E0,0.E0,0.E0));
#3817=VECTOR('',#3816,2.E-1);
#3818=CARTESIAN_POINT('',(9.5E-1,1.75E-1,-1.5E0));
#3819=LINE('',#3818,#3817);
#3820=CURVE_STYLE('',#35,POSITIVE_LENGTH_MEASURE(2.E-2),#3);
#3821=PRESENTATION_STYLE_ASSIGNMENT((#3820));
#3822=STYLED_ITEM('',(#3821),#3819);
#3823=DIRECTION('',(0.E0,1.E0,0.E0));
#3824=VECTOR('',#3823,1.E-1);
#3825=CARTESIAN_POINT('',(9.5E-1,7.5E-2,-1.5E0));
#3826=LINE('',#3825,#3824);
#3827=CURVE_STYLE('',#35,POSITIVE_LENGTH_MEASURE(2.E-2),#3);
#3828=PRESENTATION_STYLE_ASSIGNMENT((#3827));
#3829=STYLED_ITEM('',(#3828),#3826);
#3830=DIRECTION('',(0.E0,0.E0,-1.E0));
#3831=VECTOR('',#3830,3.E-1);
#3832=CARTESIAN_POINT('',(1.5E0,1.75E-1,4.75E-1));
#3833=LINE('',#3832,#3831);
#3834=CURVE_STYLE('',#35,POSITIVE_LENGTH_MEASURE(2.E-2),#3);
#3835=PRESENTATION_STYLE_ASSIGNMENT((#3834));
#3836=STYLED_ITEM('',(#3835),#3833);
#3837=DIRECTION('',(0.E0,1.E0,0.E0));
#3838=VECTOR('',#3837,1.75E-1);
#3839=CARTESIAN_POINT('',(1.5E0,0.E0,4.75E-1));
#3840=LINE('',#3839,#3838);
#3841=CURVE_STYLE('',#35,POSITIVE_LENGTH_MEASURE(2.E-2),#3);
#3842=PRESENTATION_STYLE_ASSIGNMENT((#3841));
#3843=STYLED_ITEM('',(#3842),#3840);
#3844=DIRECTION('',(0.E0,1.E0,0.E0));
#3845=VECTOR('',#3844,1.75E-1);
#3846=CARTESIAN_POINT('',(1.5E0,0.E0,8.25E-1));
#3847=LINE('',#3846,#3845);
#3848=CURVE_STYLE('',#35,POSITIVE_LENGTH_MEASURE(2.E-2),#3);
#3849=PRESENTATION_STYLE_ASSIGNMENT((#3848));
#3850=STYLED_ITEM('',(#3849),#3847);
#3851=DIRECTION('',(0.E0,0.E0,-1.E0));
#3852=VECTOR('',#3851,3.E-1);
#3853=CARTESIAN_POINT('',(1.5E0,1.75E-1,1.125E0));
#3854=LINE('',#3853,#3852);
#3855=CURVE_STYLE('',#35,POSITIVE_LENGTH_MEASURE(2.E-2),#3);
#3856=PRESENTATION_STYLE_ASSIGNMENT((#3855));
#3857=STYLED_ITEM('',(#3856),#3854);
#3858=DIRECTION('',(0.E0,1.E0,0.E0));
#3859=VECTOR('',#3858,1.75E-1);
#3860=CARTESIAN_POINT('',(1.5E0,0.E0,1.125E0));
#3861=LINE('',#3860,#3859);
#3862=CURVE_STYLE('',#35,POSITIVE_LENGTH_MEASURE(2.E-2),#3);
#3863=PRESENTATION_STYLE_ASSIGNMENT((#3862));
#3864=STYLED_ITEM('',(#3863),#3861);
#3865=DIRECTION('',(0.E0,1.E0,0.E0));
#3866=VECTOR('',#3865,7.75E-1);
#3867=CARTESIAN_POINT('',(1.5E0,0.E0,1.5E0));
#3868=LINE('',#3867,#3866);
#3869=CURVE_STYLE('',#35,POSITIVE_LENGTH_MEASURE(2.E-2),#3);
#3870=PRESENTATION_STYLE_ASSIGNMENT((#3869));
#3871=STYLED_ITEM('',(#3870),#3868);
#3872=DIRECTION('',(0.E0,1.E0,0.E0));
#3873=VECTOR('',#3872,1.75E-1);
#3874=CARTESIAN_POINT('',(1.5E0,0.E0,-1.125E0));
#3875=LINE('',#3874,#3873);
#3876=CURVE_STYLE('',#35,POSITIVE_LENGTH_MEASURE(2.E-2),#3);
#3877=PRESENTATION_STYLE_ASSIGNMENT((#3876));
#3878=STYLED_ITEM('',(#3877),#3875);
#3879=DIRECTION('',(0.E0,0.E0,-1.E0));
#3880=VECTOR('',#3879,3.E-1);
#3881=CARTESIAN_POINT('',(1.5E0,1.75E-1,-8.25E-1));
#3882=LINE('',#3881,#3880);
#3883=CURVE_STYLE('',#35,POSITIVE_LENGTH_MEASURE(2.E-2),#3);
#3884=PRESENTATION_STYLE_ASSIGNMENT((#3883));
#3885=STYLED_ITEM('',(#3884),#3882);
#3886=DIRECTION('',(0.E0,1.E0,0.E0));
#3887=VECTOR('',#3886,1.75E-1);
#3888=CARTESIAN_POINT('',(1.5E0,0.E0,-8.25E-1));
#3889=LINE('',#3888,#3887);
#3890=CURVE_STYLE('',#35,POSITIVE_LENGTH_MEASURE(2.E-2),#3);
#3891=PRESENTATION_STYLE_ASSIGNMENT((#3890));
#3892=STYLED_ITEM('',(#3891),#3889);
#3893=DIRECTION('',(0.E0,1.E0,0.E0));
#3894=VECTOR('',#3893,1.75E-1);
#3895=CARTESIAN_POINT('',(1.5E0,0.E0,-4.75E-1));
#3896=LINE('',#3895,#3894);
#3897=CURVE_STYLE('',#35,POSITIVE_LENGTH_MEASURE(2.E-2),#3);
#3898=PRESENTATION_STYLE_ASSIGNMENT((#3897));
#3899=STYLED_ITEM('',(#3898),#3896);
#3900=DIRECTION('',(0.E0,0.E0,-1.E0));
#3901=VECTOR('',#3900,3.E-1);
#3902=CARTESIAN_POINT('',(1.5E0,1.75E-1,-1.75E-1));
#3903=LINE('',#3902,#3901);
#3904=CURVE_STYLE('',#35,POSITIVE_LENGTH_MEASURE(2.E-2),#3);
#3905=PRESENTATION_STYLE_ASSIGNMENT((#3904));
#3906=STYLED_ITEM('',(#3905),#3903);
#3907=DIRECTION('',(0.E0,1.E0,0.E0));
#3908=VECTOR('',#3907,1.75E-1);
#3909=CARTESIAN_POINT('',(1.5E0,0.E0,-1.75E-1));
#3910=LINE('',#3909,#3908);
#3911=CURVE_STYLE('',#35,POSITIVE_LENGTH_MEASURE(2.E-2),#3);
#3912=PRESENTATION_STYLE_ASSIGNMENT((#3911));
#3913=STYLED_ITEM('',(#3912),#3910);
#3914=DIRECTION('',(0.E0,1.E0,0.E0));
#3915=VECTOR('',#3914,1.75E-1);
#3916=CARTESIAN_POINT('',(1.5E0,0.E0,1.75E-1));
#3917=LINE('',#3916,#3915);
#3918=CURVE_STYLE('',#35,POSITIVE_LENGTH_MEASURE(2.E-2),#3);
#3919=PRESENTATION_STYLE_ASSIGNMENT((#3918));
#3920=STYLED_ITEM('',(#3919),#3917);
#3921=DIRECTION('',(1.E0,0.E0,0.E0));
#3922=VECTOR('',#3921,2.E-1);
#3923=CARTESIAN_POINT('',(1.3E0,1.75E-1,1.75E-1));
#3924=LINE('',#3923,#3922);
#3925=CURVE_STYLE('',#35,POSITIVE_LENGTH_MEASURE(2.E-2),#3);
#3926=PRESENTATION_STYLE_ASSIGNMENT((#3925));
#3927=STYLED_ITEM('',(#3926),#3924);
#3928=DIRECTION('',(0.E0,0.E0,-1.E0));
#3929=VECTOR('',#3928,3.5E-1);
#3930=CARTESIAN_POINT('',(1.3E0,1.75E-1,1.75E-1));
#3931=LINE('',#3930,#3929);
#3932=CURVE_STYLE('',#35,POSITIVE_LENGTH_MEASURE(2.E-2),#3);
#3933=PRESENTATION_STYLE_ASSIGNMENT((#3932));
#3934=STYLED_ITEM('',(#3933),#3931);
#3935=DIRECTION('',(-1.E0,0.E0,0.E0));
#3936=VECTOR('',#3935,2.E-1);
#3937=CARTESIAN_POINT('',(1.5E0,1.75E-1,-1.75E-1));
#3938=LINE('',#3937,#3936);
#3939=CURVE_STYLE('',#35,POSITIVE_LENGTH_MEASURE(2.E-2),#3);
#3940=PRESENTATION_STYLE_ASSIGNMENT((#3939));
#3941=STYLED_ITEM('',(#3940),#3938);
#3942=DIRECTION('',(1.E0,0.E0,0.E0));
#3943=VECTOR('',#3942,2.E-1);
#3944=CARTESIAN_POINT('',(1.3E0,1.75E-1,-4.75E-1));
#3945=LINE('',#3944,#3943);
#3946=CURVE_STYLE('',#35,POSITIVE_LENGTH_MEASURE(2.E-2),#3);
#3947=PRESENTATION_STYLE_ASSIGNMENT((#3946));
#3948=STYLED_ITEM('',(#3947),#3945);
#3949=DIRECTION('',(0.E0,0.E0,-1.E0));
#3950=VECTOR('',#3949,3.5E-1);
#3951=CARTESIAN_POINT('',(1.3E0,1.75E-1,-4.75E-1));
#3952=LINE('',#3951,#3950);
#3953=CURVE_STYLE('',#35,POSITIVE_LENGTH_MEASURE(2.E-2),#3);
#3954=PRESENTATION_STYLE_ASSIGNMENT((#3953));
#3955=STYLED_ITEM('',(#3954),#3952);
#3956=DIRECTION('',(-1.E0,0.E0,0.E0));
#3957=VECTOR('',#3956,2.E-1);
#3958=CARTESIAN_POINT('',(1.5E0,1.75E-1,-8.25E-1));
#3959=LINE('',#3958,#3957);
#3960=CURVE_STYLE('',#35,POSITIVE_LENGTH_MEASURE(2.E-2),#3);
#3961=PRESENTATION_STYLE_ASSIGNMENT((#3960));
#3962=STYLED_ITEM('',(#3961),#3959);
#3963=DIRECTION('',(1.E0,0.E0,0.E0));
#3964=VECTOR('',#3963,2.51E-1);
#3965=CARTESIAN_POINT('',(1.249E0,1.75E-1,-1.125E0));
#3966=LINE('',#3965,#3964);
#3967=CURVE_STYLE('',#35,POSITIVE_LENGTH_MEASURE(2.E-2),#3);
#3968=PRESENTATION_STYLE_ASSIGNMENT((#3967));
#3969=STYLED_ITEM('',(#3968),#3966);
#3970=CARTESIAN_POINT('',(1.249E0,1.75E-1,-9.76E-1));
#3971=DIRECTION('',(0.E0,-1.E0,0.E0));
#3972=DIRECTION('',(-1.E0,0.E0,0.E0));
#3973=AXIS2_PLACEMENT_3D('',#3970,#3971,#3972);
#3975=CURVE_STYLE('',#35,POSITIVE_LENGTH_MEASURE(2.E-2),#3);
#3976=PRESENTATION_STYLE_ASSIGNMENT((#3975));
#3977=STYLED_ITEM('',(#3976),#3974);
#3978=DIRECTION('',(0.E0,0.E0,-1.E0));
#3979=VECTOR('',#3978,1.302E0);
#3980=CARTESIAN_POINT('',(1.1E0,1.75E-1,3.26E-1));
#3981=LINE('',#3980,#3979);
#3982=CURVE_STYLE('',#35,POSITIVE_LENGTH_MEASURE(2.E-2),#3);
#3983=PRESENTATION_STYLE_ASSIGNMENT((#3982));
#3984=STYLED_ITEM('',(#3983),#3981);
#3985=CARTESIAN_POINT('',(1.249E0,1.75E-1,3.26E-1));
#3986=DIRECTION('',(0.E0,-1.E0,0.E0));
#3987=DIRECTION('',(0.E0,0.E0,1.E0));
#3988=AXIS2_PLACEMENT_3D('',#3985,#3986,#3987);
#3990=CURVE_STYLE('',#35,POSITIVE_LENGTH_MEASURE(2.E-2),#3);
#3991=PRESENTATION_STYLE_ASSIGNMENT((#3990));
#3992=STYLED_ITEM('',(#3991),#3989);
#3993=DIRECTION('',(-1.E0,0.E0,0.E0));
#3994=VECTOR('',#3993,2.51E-1);
#3995=CARTESIAN_POINT('',(1.5E0,1.75E-1,4.75E-1));
#3996=LINE('',#3995,#3994);
#3997=CURVE_STYLE('',#35,POSITIVE_LENGTH_MEASURE(2.E-2),#3);
#3998=PRESENTATION_STYLE_ASSIGNMENT((#3997));
#3999=STYLED_ITEM('',(#3998),#3996);
#4000=DIRECTION('',(0.E0,1.E0,0.E0));
#4001=VECTOR('',#4000,1.75E-1);
#4002=CARTESIAN_POINT('',(1.3E0,0.E0,1.75E-1));
#4003=LINE('',#4002,#4001);
#4004=CURVE_STYLE('',#35,POSITIVE_LENGTH_MEASURE(2.E-2),#3);
#4005=PRESENTATION_STYLE_ASSIGNMENT((#4004));
#4006=STYLED_ITEM('',(#4005),#4003);
#4007=DIRECTION('',(0.E0,1.E0,0.E0));
#4008=VECTOR('',#4007,1.75E-1);
#4009=CARTESIAN_POINT('',(1.3E0,0.E0,-1.75E-1));
#4010=LINE('',#4009,#4008);
#4011=CURVE_STYLE('',#35,POSITIVE_LENGTH_MEASURE(2.E-2),#3);
#4012=PRESENTATION_STYLE_ASSIGNMENT((#4011));
#4013=STYLED_ITEM('',(#4012),#4010);
#4014=DIRECTION('',(0.E0,1.E0,0.E0));
#4015=VECTOR('',#4014,1.75E-1);
#4016=CARTESIAN_POINT('',(1.3E0,0.E0,-8.25E-1));
#4017=LINE('',#4016,#4015);
#4018=CURVE_STYLE('',#35,POSITIVE_LENGTH_MEASURE(2.E-2),#3);
#4019=PRESENTATION_STYLE_ASSIGNMENT((#4018));
#4020=STYLED_ITEM('',(#4019),#4017);
#4021=DIRECTION('',(0.E0,1.E0,0.E0));
#4022=VECTOR('',#4021,1.75E-1);
#4023=CARTESIAN_POINT('',(1.3E0,0.E0,-4.75E-1));
#4024=LINE('',#4023,#4022);
#4025=CURVE_STYLE('',#35,POSITIVE_LENGTH_MEASURE(2.E-2),#3);
#4026=PRESENTATION_STYLE_ASSIGNMENT((#4025));
#4027=STYLED_ITEM('',(#4026),#4024);
#4028=DIRECTION('',(0.E0,1.E0,0.E0));
#4029=VECTOR('',#4028,1.75E-1);
#4030=CARTESIAN_POINT('',(1.249E0,0.E0,-1.125E0));
#4031=LINE('',#4030,#4029);
#4032=CURVE_STYLE('',#35,POSITIVE_LENGTH_MEASURE(2.E-2),#3);
#4033=PRESENTATION_STYLE_ASSIGNMENT((#4032));
#4034=STYLED_ITEM('',(#4033),#4031);
#4035=DIRECTION('',(0.E0,1.E0,0.E0));
#4036=VECTOR('',#4035,1.75E-1);
#4037=CARTESIAN_POINT('',(1.1E0,0.E0,-9.76E-1));
#4038=LINE('',#4037,#4036);
#4039=CURVE_STYLE('',#35,POSITIVE_LENGTH_MEASURE(2.E-2),#3);
#4040=PRESENTATION_STYLE_ASSIGNMENT((#4039));
#4041=STYLED_ITEM('',(#4040),#4038);
#4042=DIRECTION('',(0.E0,1.E0,0.E0));
#4043=VECTOR('',#4042,1.75E-1);
#4044=CARTESIAN_POINT('',(1.1E0,0.E0,3.26E-1));
#4045=LINE('',#4044,#4043);
#4046=CURVE_STYLE('',#35,POSITIVE_LENGTH_MEASURE(2.E-2),#3);
#4047=PRESENTATION_STYLE_ASSIGNMENT((#4046));
#4048=STYLED_ITEM('',(#4047),#4045);
#4049=DIRECTION('',(0.E0,1.E0,0.E0));
#4050=VECTOR('',#4049,1.75E-1);
#4051=CARTESIAN_POINT('',(1.249E0,0.E0,4.75E-1));
#4052=LINE('',#4051,#4050);
#4053=CURVE_STYLE('',#35,POSITIVE_LENGTH_MEASURE(2.E-2),#3);
#4054=PRESENTATION_STYLE_ASSIGNMENT((#4053));
#4055=STYLED_ITEM('',(#4054),#4052);
#4056=DIRECTION('',(0.E0,1.E0,0.E0));
#4057=VECTOR('',#4056,1.75E-1);
#4058=CARTESIAN_POINT('',(1.249E0,0.E0,8.25E-1));
#4059=LINE('',#4058,#4057);
#4060=CURVE_STYLE('',#35,POSITIVE_LENGTH_MEASURE(2.E-2),#3);
#4061=PRESENTATION_STYLE_ASSIGNMENT((#4060));
#4062=STYLED_ITEM('',(#4061),#4059);
#4063=DIRECTION('',(0.E0,1.E0,0.E0));
#4064=VECTOR('',#4063,1.75E-1);
#4065=CARTESIAN_POINT('',(1.1E0,0.E0,9.74E-1));
#4066=LINE('',#4065,#4064);
#4067=CURVE_STYLE('',#35,POSITIVE_LENGTH_MEASURE(2.E-2),#3);
#4068=PRESENTATION_STYLE_ASSIGNMENT((#4067));
#4069=STYLED_ITEM('',(#4068),#4066);
#4070=DIRECTION('',(0.E0,1.E0,0.E0));
#4071=VECTOR('',#4070,1.75E-1);
#4072=CARTESIAN_POINT('',(1.1E0,0.E0,9.76E-1));
#4073=LINE('',#4072,#4071);
#4074=CURVE_STYLE('',#35,POSITIVE_LENGTH_MEASURE(2.E-2),#3);
#4075=PRESENTATION_STYLE_ASSIGNMENT((#4074));
#4076=STYLED_ITEM('',(#4075),#4073);
#4077=DIRECTION('',(0.E0,1.E0,0.E0));
#4078=VECTOR('',#4077,1.75E-1);
#4079=CARTESIAN_POINT('',(1.249E0,0.E0,1.125E0));
#4080=LINE('',#4079,#4078);
#4081=CURVE_STYLE('',#35,POSITIVE_LENGTH_MEASURE(2.E-2),#3);
#4082=PRESENTATION_STYLE_ASSIGNMENT((#4081));
#4083=STYLED_ITEM('',(#4082),#4080);
#4084=DIRECTION('',(1.E0,0.E0,0.E0));
#4085=VECTOR('',#4084,2.51E-1);
#4086=CARTESIAN_POINT('',(1.249E0,1.75E-1,8.25E-1));
#4087=LINE('',#4086,#4085);
#4088=CURVE_STYLE('',#35,POSITIVE_LENGTH_MEASURE(2.E-2),#3);
#4089=PRESENTATION_STYLE_ASSIGNMENT((#4088));
#4090=STYLED_ITEM('',(#4089),#4087);
#4091=CARTESIAN_POINT('',(1.249E0,1.75E-1,9.74E-1));
#4092=DIRECTION('',(0.E0,-1.E0,0.E0));
#4093=DIRECTION('',(-1.E0,0.E0,0.E0));
#4094=AXIS2_PLACEMENT_3D('',#4091,#4092,#4093);
#4096=CURVE_STYLE('',#35,POSITIVE_LENGTH_MEASURE(2.E-2),#3);
#4097=PRESENTATION_STYLE_ASSIGNMENT((#4096));
#4098=STYLED_ITEM('',(#4097),#4095);
#4099=DIRECTION('',(0.E0,0.E0,-1.E0));
#4100=VECTOR('',#4099,2.E-3);
#4101=CARTESIAN_POINT('',(1.1E0,1.75E-1,9.76E-1));
#4102=LINE('',#4101,#4100);
#4103=CURVE_STYLE('',#35,POSITIVE_LENGTH_MEASURE(2.E-2),#3);
#4104=PRESENTATION_STYLE_ASSIGNMENT((#4103));
#4105=STYLED_ITEM('',(#4104),#4102);
#4106=CARTESIAN_POINT('',(1.249E0,1.75E-1,9.76E-1));
#4107=DIRECTION('',(0.E0,-1.E0,0.E0));
#4108=DIRECTION('',(0.E0,0.E0,1.E0));
#4109=AXIS2_PLACEMENT_3D('',#4106,#4107,#4108);
#4111=CURVE_STYLE('',#35,POSITIVE_LENGTH_MEASURE(2.E-2),#3);
#4112=PRESENTATION_STYLE_ASSIGNMENT((#4111));
#4113=STYLED_ITEM('',(#4112),#4110);
#4114=DIRECTION('',(-1.E0,0.E0,0.E0));
#4115=VECTOR('',#4114,2.51E-1);
#4116=CARTESIAN_POINT('',(1.5E0,1.75E-1,1.125E0));
#4117=LINE('',#4116,#4115);
#4118=CURVE_STYLE('',#35,POSITIVE_LENGTH_MEASURE(2.E-2),#3);
#4119=PRESENTATION_STYLE_ASSIGNMENT((#4118));
#4120=STYLED_ITEM('',(#4119),#4117);
#4121=DIRECTION('',(0.E0,1.E0,0.E0));
#4122=VECTOR('',#4121,7.75E-1);
#4123=CARTESIAN_POINT('',(-1.5E0,0.E0,1.5E0));
#4124=LINE('',#4123,#4122);
#4125=CURVE_STYLE('',#35,POSITIVE_LENGTH_MEASURE(2.E-2),#3);
#4126=PRESENTATION_STYLE_ASSIGNMENT((#4125));
#4127=STYLED_ITEM('',(#4126),#4124);
#4128=DIRECTION('',(1.E0,0.E0,0.E0));
#4129=VECTOR('',#4128,2.E-1);
#4130=CARTESIAN_POINT('',(-9.5E-1,7.5E-2,1.5E0));
#4131=LINE('',#4130,#4129);
#4132=CURVE_STYLE('',#35,POSITIVE_LENGTH_MEASURE(2.E-2),#3);
#4133=PRESENTATION_STYLE_ASSIGNMENT((#4132));
#4134=STYLED_ITEM('',(#4133),#4131);
#4135=DIRECTION('',(0.E0,1.E0,0.E0));
#4136=VECTOR('',#4135,1.E-1);
#4137=CARTESIAN_POINT('',(-7.5E-1,7.5E-2,1.5E0));
#4138=LINE('',#4137,#4136);
#4139=CURVE_STYLE('',#35,POSITIVE_LENGTH_MEASURE(2.E-2),#3);
#4140=PRESENTATION_STYLE_ASSIGNMENT((#4139));
#4141=STYLED_ITEM('',(#4140),#4138);
#4142=DIRECTION('',(1.E0,0.E0,0.E0));
#4143=VECTOR('',#4142,2.E-1);
#4144=CARTESIAN_POINT('',(-9.5E-1,1.75E-1,1.5E0));
#4145=LINE('',#4144,#4143);
#4146=CURVE_STYLE('',#35,POSITIVE_LENGTH_MEASURE(2.E-2),#3);
#4147=PRESENTATION_STYLE_ASSIGNMENT((#4146));
#4148=STYLED_ITEM('',(#4147),#4145);
#4149=DIRECTION('',(0.E0,1.E0,0.E0));
#4150=VECTOR('',#4149,1.E-1);
#4151=CARTESIAN_POINT('',(-9.5E-1,7.5E-2,1.5E0));
#4152=LINE('',#4151,#4150);
#4153=CURVE_STYLE('',#35,POSITIVE_LENGTH_MEASURE(2.E-2),#3);
#4154=PRESENTATION_STYLE_ASSIGNMENT((#4153));
#4155=STYLED_ITEM('',(#4154),#4152);
#4156=DIRECTION('',(1.E0,0.E0,0.E0));
#4157=VECTOR('',#4156,2.E-1);
#4158=CARTESIAN_POINT('',(7.5E-1,7.5E-2,1.5E0));
#4159=LINE('',#4158,#4157);
#4160=CURVE_STYLE('',#35,POSITIVE_LENGTH_MEASURE(2.E-2),#3);
#4161=PRESENTATION_STYLE_ASSIGNMENT((#4160));
#4162=STYLED_ITEM('',(#4161),#4159);
#4163=DIRECTION('',(0.E0,1.E0,0.E0));
#4164=VECTOR('',#4163,1.E-1);
#4165=CARTESIAN_POINT('',(9.5E-1,7.5E-2,1.5E0));
#4166=LINE('',#4165,#4164);
#4167=CURVE_STYLE('',#35,POSITIVE_LENGTH_MEASURE(2.E-2),#3);
#4168=PRESENTATION_STYLE_ASSIGNMENT((#4167));
#4169=STYLED_ITEM('',(#4168),#4166);
#4170=DIRECTION('',(1.E0,0.E0,0.E0));
#4171=VECTOR('',#4170,2.E-1);
#4172=CARTESIAN_POINT('',(7.5E-1,1.75E-1,1.5E0));
#4173=LINE('',#4172,#4171);
#4174=CURVE_STYLE('',#35,POSITIVE_LENGTH_MEASURE(2.E-2),#3);
#4175=PRESENTATION_STYLE_ASSIGNMENT((#4174));
#4176=STYLED_ITEM('',(#4175),#4173);
#4177=DIRECTION('',(0.E0,1.E0,0.E0));
#4178=VECTOR('',#4177,1.E-1);
#4179=CARTESIAN_POINT('',(7.5E-1,7.5E-2,1.5E0));
#4180=LINE('',#4179,#4178);
#4181=CURVE_STYLE('',#35,POSITIVE_LENGTH_MEASURE(2.E-2),#3);
#4182=PRESENTATION_STYLE_ASSIGNMENT((#4181));
#4183=STYLED_ITEM('',(#4182),#4180);
#4184=DIRECTION('',(0.E0,0.E0,1.E0));
#4185=VECTOR('',#4184,3.E0);
#4186=CARTESIAN_POINT('',(-1.5E0,7.75E-1,-1.5E0));
#4187=LINE('',#4186,#4185);
#4188=CURVE_STYLE('',#35,POSITIVE_LENGTH_MEASURE(2.E-2),#3);
#4189=PRESENTATION_STYLE_ASSIGNMENT((#4188));
#4190=STYLED_ITEM('',(#4189),#4187);
#4191=DIRECTION('',(-1.E0,0.E0,0.E0));
#4192=VECTOR('',#4191,3.E0);
#4193=CARTESIAN_POINT('',(1.5E0,7.75E-1,-1.5E0));
#4194=LINE('',#4193,#4192);
#4195=CURVE_STYLE('',#35,POSITIVE_LENGTH_MEASURE(2.E-2),#3);
#4196=PRESENTATION_STYLE_ASSIGNMENT((#4195));
#4197=STYLED_ITEM('',(#4196),#4194);
#4198=DIRECTION('',(0.E0,0.E0,-1.E0));
#4199=VECTOR('',#4198,3.E0);
#4200=CARTESIAN_POINT('',(1.5E0,7.75E-1,1.5E0));
#4201=LINE('',#4200,#4199);
#4202=CURVE_STYLE('',#35,POSITIVE_LENGTH_MEASURE(2.E-2),#3);
#4203=PRESENTATION_STYLE_ASSIGNMENT((#4202));
#4204=STYLED_ITEM('',(#4203),#4201);
#4205=DIRECTION('',(1.E0,0.E0,0.E0));
#4206=VECTOR('',#4205,3.E0);
#4207=CARTESIAN_POINT('',(-1.5E0,7.75E-1,1.5E0));
#4208=LINE('',#4207,#4206);
#4209=CURVE_STYLE('',#35,POSITIVE_LENGTH_MEASURE(2.E-2),#3);
#4210=PRESENTATION_STYLE_ASSIGNMENT((#4209));
#4211=STYLED_ITEM('',(#4210),#4208);
#4212=DIRECTION('',(0.E0,0.E0,1.E0));
#4213=VECTOR('',#4212,1.E-1);
#4214=CARTESIAN_POINT('',(-9.5E-1,7.5E-2,1.4E0));
#4215=LINE('',#4214,#4213);
#4216=CURVE_STYLE('',#35,POSITIVE_LENGTH_MEASURE(2.E-2),#3);
#4217=PRESENTATION_STYLE_ASSIGNMENT((#4216));
#4218=STYLED_ITEM('',(#4217),#4215);
#4219=DIRECTION('',(-1.E0,0.E0,0.E0));
#4220=VECTOR('',#4219,2.E-1);
#4221=CARTESIAN_POINT('',(-7.5E-1,7.5E-2,1.4E0));
#4222=LINE('',#4221,#4220);
#4223=CURVE_STYLE('',#35,POSITIVE_LENGTH_MEASURE(2.E-2),#3);
#4224=PRESENTATION_STYLE_ASSIGNMENT((#4223));
#4225=STYLED_ITEM('',(#4224),#4222);
#4226=DIRECTION('',(0.E0,0.E0,-1.E0));
#4227=VECTOR('',#4226,1.E-1);
#4228=CARTESIAN_POINT('',(-7.5E-1,7.5E-2,1.5E0));
#4229=LINE('',#4228,#4227);
#4230=CURVE_STYLE('',#35,POSITIVE_LENGTH_MEASURE(2.E-2),#3);
#4231=PRESENTATION_STYLE_ASSIGNMENT((#4230));
#4232=STYLED_ITEM('',(#4231),#4229);
#4233=DIRECTION('',(0.E0,0.E0,1.E0));
#4234=VECTOR('',#4233,1.E-1);
#4235=CARTESIAN_POINT('',(7.5E-1,7.5E-2,1.4E0));
#4236=LINE('',#4235,#4234);
#4237=CURVE_STYLE('',#35,POSITIVE_LENGTH_MEASURE(2.E-2),#3);
#4238=PRESENTATION_STYLE_ASSIGNMENT((#4237));
#4239=STYLED_ITEM('',(#4238),#4236);
#4240=DIRECTION('',(-1.E0,0.E0,0.E0));
#4241=VECTOR('',#4240,2.E-1);
#4242=CARTESIAN_POINT('',(9.5E-1,7.5E-2,1.4E0));
#4243=LINE('',#4242,#4241);
#4244=CURVE_STYLE('',#35,POSITIVE_LENGTH_MEASURE(2.E-2),#3);
#4245=PRESENTATION_STYLE_ASSIGNMENT((#4244));
#4246=STYLED_ITEM('',(#4245),#4243);
#4247=DIRECTION('',(0.E0,0.E0,-1.E0));
#4248=VECTOR('',#4247,1.E-1);
#4249=CARTESIAN_POINT('',(9.5E-1,7.5E-2,1.5E0));
#4250=LINE('',#4249,#4248);
#4251=CURVE_STYLE('',#35,POSITIVE_LENGTH_MEASURE(2.E-2),#3);
#4252=PRESENTATION_STYLE_ASSIGNMENT((#4251));
#4253=STYLED_ITEM('',(#4252),#4250);
#4254=DIRECTION('',(0.E0,0.E0,-1.E0));
#4255=VECTOR('',#4254,1.E-1);
#4256=CARTESIAN_POINT('',(-7.5E-1,7.5E-2,-1.4E0));
#4257=LINE('',#4256,#4255);
#4258=CURVE_STYLE('',#35,POSITIVE_LENGTH_MEASURE(2.E-2),#3);
#4259=PRESENTATION_STYLE_ASSIGNMENT((#4258));
#4260=STYLED_ITEM('',(#4259),#4257);
#4261=DIRECTION('',(1.E0,0.E0,0.E0));
#4262=VECTOR('',#4261,2.E-1);
#4263=CARTESIAN_POINT('',(-9.5E-1,7.5E-2,-1.4E0));
#4264=LINE('',#4263,#4262);
#4265=CURVE_STYLE('',#35,POSITIVE_LENGTH_MEASURE(2.E-2),#3);
#4266=PRESENTATION_STYLE_ASSIGNMENT((#4265));
#4267=STYLED_ITEM('',(#4266),#4264);
#4268=DIRECTION('',(0.E0,0.E0,1.E0));
#4269=VECTOR('',#4268,1.E-1);
#4270=CARTESIAN_POINT('',(-9.5E-1,7.5E-2,-1.5E0));
#4271=LINE('',#4270,#4269);
#4272=CURVE_STYLE('',#35,POSITIVE_LENGTH_MEASURE(2.E-2),#3);
#4273=PRESENTATION_STYLE_ASSIGNMENT((#4272));
#4274=STYLED_ITEM('',(#4273),#4271);
#4275=DIRECTION('',(0.E0,0.E0,-1.E0));
#4276=VECTOR('',#4275,1.E-1);
#4277=CARTESIAN_POINT('',(9.5E-1,7.5E-2,-1.4E0));
#4278=LINE('',#4277,#4276);
#4279=CURVE_STYLE('',#35,POSITIVE_LENGTH_MEASURE(2.E-2),#3);
#4280=PRESENTATION_STYLE_ASSIGNMENT((#4279));
#4281=STYLED_ITEM('',(#4280),#4278);
#4282=DIRECTION('',(1.E0,0.E0,0.E0));
#4283=VECTOR('',#4282,2.E-1);
#4284=CARTESIAN_POINT('',(7.5E-1,7.5E-2,-1.4E0));
#4285=LINE('',#4284,#4283);
#4286=CURVE_STYLE('',#35,POSITIVE_LENGTH_MEASURE(2.E-2),#3);
#4287=PRESENTATION_STYLE_ASSIGNMENT((#4286));
#4288=STYLED_ITEM('',(#4287),#4285);
#4289=DIRECTION('',(0.E0,0.E0,1.E0));
#4290=VECTOR('',#4289,1.E-1);
#4291=CARTESIAN_POINT('',(7.5E-1,7.5E-2,-1.5E0));
#4292=LINE('',#4291,#4290);
#4293=CURVE_STYLE('',#35,POSITIVE_LENGTH_MEASURE(2.E-2),#3);
#4294=PRESENTATION_STYLE_ASSIGNMENT((#4293));
#4295=STYLED_ITEM('',(#4294),#4292);
#4296=DIRECTION('',(0.E0,1.E0,0.E0));
#4297=VECTOR('',#4296,1.E-1);
#4298=CARTESIAN_POINT('',(-9.5E-1,7.5E-2,1.4E0));
#4299=LINE('',#4298,#4297);
#4300=CURVE_STYLE('',#35,POSITIVE_LENGTH_MEASURE(2.E-2),#3);
#4301=PRESENTATION_STYLE_ASSIGNMENT((#4300));
#4302=STYLED_ITEM('',(#4301),#4299);
#4303=DIRECTION('',(0.E0,0.E0,-1.E0));
#4304=VECTOR('',#4303,1.E-1);
#4305=CARTESIAN_POINT('',(-7.5E-1,1.75E-1,1.5E0));
#4306=LINE('',#4305,#4304);
#4307=CURVE_STYLE('',#35,POSITIVE_LENGTH_MEASURE(2.E-2),#3);
#4308=PRESENTATION_STYLE_ASSIGNMENT((#4307));
#4309=STYLED_ITEM('',(#4308),#4306);
#4310=DIRECTION('',(-1.E0,0.E0,0.E0));
#4311=VECTOR('',#4310,2.E-1);
#4312=CARTESIAN_POINT('',(-7.5E-1,1.75E-1,1.4E0));
#4313=LINE('',#4312,#4311);
#4314=CURVE_STYLE('',#35,POSITIVE_LENGTH_MEASURE(2.E-2),#3);
#4315=PRESENTATION_STYLE_ASSIGNMENT((#4314));
#4316=STYLED_ITEM('',(#4315),#4313);
#4317=DIRECTION('',(0.E0,0.E0,1.E0));
#4318=VECTOR('',#4317,1.E-1);
#4319=CARTESIAN_POINT('',(-9.5E-1,1.75E-1,1.4E0));
#4320=LINE('',#4319,#4318);
#4321=CURVE_STYLE('',#35,POSITIVE_LENGTH_MEASURE(2.E-2),#3);
#4322=PRESENTATION_STYLE_ASSIGNMENT((#4321));
#4323=STYLED_ITEM('',(#4322),#4320);
#4324=DIRECTION('',(0.E0,0.E0,-1.E0));
#4325=VECTOR('',#4324,1.E-1);
#4326=CARTESIAN_POINT('',(9.5E-1,1.75E-1,1.5E0));
#4327=LINE('',#4326,#4325);
#4328=CURVE_STYLE('',#35,POSITIVE_LENGTH_MEASURE(2.E-2),#3);
#4329=PRESENTATION_STYLE_ASSIGNMENT((#4328));
#4330=STYLED_ITEM('',(#4329),#4327);
#4331=DIRECTION('',(-1.E0,0.E0,0.E0));
#4332=VECTOR('',#4331,2.E-1);
#4333=CARTESIAN_POINT('',(9.5E-1,1.75E-1,1.4E0));
#4334=LINE('',#4333,#4332);
#4335=CURVE_STYLE('',#35,POSITIVE_LENGTH_MEASURE(2.E-2),#3);
#4336=PRESENTATION_STYLE_ASSIGNMENT((#4335));
#4337=STYLED_ITEM('',(#4336),#4334);
#4338=DIRECTION('',(0.E0,0.E0,1.E0));
#4339=VECTOR('',#4338,1.E-1);
#4340=CARTESIAN_POINT('',(7.5E-1,1.75E-1,1.4E0));
#4341=LINE('',#4340,#4339);
#4342=CURVE_STYLE('',#35,POSITIVE_LENGTH_MEASURE(2.E-2),#3);
#4343=PRESENTATION_STYLE_ASSIGNMENT((#4342));
#4344=STYLED_ITEM('',(#4343),#4341);
#4345=DIRECTION('',(0.E0,0.E0,1.E0));
#4346=VECTOR('',#4345,1.E-1);
#4347=CARTESIAN_POINT('',(-9.5E-1,1.75E-1,-1.5E0));
#4348=LINE('',#4347,#4346);
#4349=CURVE_STYLE('',#35,POSITIVE_LENGTH_MEASURE(2.E-2),#3);
#4350=PRESENTATION_STYLE_ASSIGNMENT((#4349));
#4351=STYLED_ITEM('',(#4350),#4348);
#4352=DIRECTION('',(1.E0,0.E0,0.E0));
#4353=VECTOR('',#4352,2.E-1);
#4354=CARTESIAN_POINT('',(-9.5E-1,1.75E-1,-1.4E0));
#4355=LINE('',#4354,#4353);
#4356=CURVE_STYLE('',#35,POSITIVE_LENGTH_MEASURE(2.E-2),#3);
#4357=PRESENTATION_STYLE_ASSIGNMENT((#4356));
#4358=STYLED_ITEM('',(#4357),#4355);
#4359=DIRECTION('',(0.E0,0.E0,-1.E0));
#4360=VECTOR('',#4359,1.E-1);
#4361=CARTESIAN_POINT('',(-7.5E-1,1.75E-1,-1.4E0));
#4362=LINE('',#4361,#4360);
#4363=CURVE_STYLE('',#35,POSITIVE_LENGTH_MEASURE(2.E-2),#3);
#4364=PRESENTATION_STYLE_ASSIGNMENT((#4363));
#4365=STYLED_ITEM('',(#4364),#4362);
#4366=DIRECTION('',(0.E0,0.E0,1.E0));
#4367=VECTOR('',#4366,1.E-1);
#4368=CARTESIAN_POINT('',(7.5E-1,1.75E-1,-1.5E0));
#4369=LINE('',#4368,#4367);
#4370=CURVE_STYLE('',#35,POSITIVE_LENGTH_MEASURE(2.E-2),#3);
#4371=PRESENTATION_STYLE_ASSIGNMENT((#4370));
#4372=STYLED_ITEM('',(#4371),#4369);
#4373=DIRECTION('',(1.E0,0.E0,0.E0));
#4374=VECTOR('',#4373,2.E-1);
#4375=CARTESIAN_POINT('',(7.5E-1,1.75E-1,-1.4E0));
#4376=LINE('',#4375,#4374);
#4377=CURVE_STYLE('',#35,POSITIVE_LENGTH_MEASURE(2.E-2),#3);
#4378=PRESENTATION_STYLE_ASSIGNMENT((#4377));
#4379=STYLED_ITEM('',(#4378),#4376);
#4380=DIRECTION('',(0.E0,0.E0,-1.E0));
#4381=VECTOR('',#4380,1.E-1);
#4382=CARTESIAN_POINT('',(9.5E-1,1.75E-1,-1.4E0));
#4383=LINE('',#4382,#4381);
#4384=CURVE_STYLE('',#35,POSITIVE_LENGTH_MEASURE(2.E-2),#3);
#4385=PRESENTATION_STYLE_ASSIGNMENT((#4384));
#4386=STYLED_ITEM('',(#4385),#4383);
#4387=DIRECTION('',(0.E0,1.E0,0.E0));
#4388=VECTOR('',#4387,1.E-1);
#4389=CARTESIAN_POINT('',(-7.5E-1,7.5E-2,1.4E0));
#4390=LINE('',#4389,#4388);
#4391=CURVE_STYLE('',#35,POSITIVE_LENGTH_MEASURE(2.E-2),#3);
#4392=PRESENTATION_STYLE_ASSIGNMENT((#4391));
#4393=STYLED_ITEM('',(#4392),#4390);
#4394=DIRECTION('',(0.E0,1.E0,0.E0));
#4395=VECTOR('',#4394,1.E-1);
#4396=CARTESIAN_POINT('',(9.5E-1,7.5E-2,1.4E0));
#4397=LINE('',#4396,#4395);
#4398=CURVE_STYLE('',#35,POSITIVE_LENGTH_MEASURE(2.E-2),#3);
#4399=PRESENTATION_STYLE_ASSIGNMENT((#4398));
#4400=STYLED_ITEM('',(#4399),#4397);
#4401=DIRECTION('',(0.E0,1.E0,0.E0));
#4402=VECTOR('',#4401,1.E-1);
#4403=CARTESIAN_POINT('',(7.5E-1,7.5E-2,1.4E0));
#4404=LINE('',#4403,#4402);
#4405=CURVE_STYLE('',#35,POSITIVE_LENGTH_MEASURE(2.E-2),#3);
#4406=PRESENTATION_STYLE_ASSIGNMENT((#4405));
#4407=STYLED_ITEM('',(#4406),#4404);
#4408=DIRECTION('',(0.E0,1.E0,0.E0));
#4409=VECTOR('',#4408,1.E-1);
#4410=CARTESIAN_POINT('',(-9.5E-1,7.5E-2,-1.4E0));
#4411=LINE('',#4410,#4409);
#4412=CURVE_STYLE('',#35,POSITIVE_LENGTH_MEASURE(2.E-2),#3);
#4413=PRESENTATION_STYLE_ASSIGNMENT((#4412));
#4414=STYLED_ITEM('',(#4413),#4411);
#4415=DIRECTION('',(0.E0,1.E0,0.E0));
#4416=VECTOR('',#4415,1.E-1);
#4417=CARTESIAN_POINT('',(-7.5E-1,7.5E-2,-1.4E0));
#4418=LINE('',#4417,#4416);
#4419=CURVE_STYLE('',#35,POSITIVE_LENGTH_MEASURE(2.E-2),#3);
#4420=PRESENTATION_STYLE_ASSIGNMENT((#4419));
#4421=STYLED_ITEM('',(#4420),#4418);
#4422=DIRECTION('',(0.E0,1.E0,0.E0));
#4423=VECTOR('',#4422,1.E-1);
#4424=CARTESIAN_POINT('',(7.5E-1,7.5E-2,-1.4E0));
#4425=LINE('',#4424,#4423);
#4426=CURVE_STYLE('',#35,POSITIVE_LENGTH_MEASURE(2.E-2),#3);
#4427=PRESENTATION_STYLE_ASSIGNMENT((#4426));
#4428=STYLED_ITEM('',(#4427),#4425);
#4429=DIRECTION('',(0.E0,1.E0,0.E0));
#4430=VECTOR('',#4429,1.E-1);
#4431=CARTESIAN_POINT('',(9.5E-1,7.5E-2,-1.4E0));
#4432=LINE('',#4431,#4430);
#4433=CURVE_STYLE('',#35,POSITIVE_LENGTH_MEASURE(2.E-2),#3);
#4434=PRESENTATION_STYLE_ASSIGNMENT((#4433));
#4435=STYLED_ITEM('',(#4434),#4432);
#4436=DIRECTION('',(0.E0,1.E0,0.E0));
#4437=VECTOR('',#4436,1.75E-1);
#4438=CARTESIAN_POINT('',(-1.249E0,0.E0,1.125E0));
#4439=LINE('',#4438,#4437);
#4440=CURVE_STYLE('',#35,POSITIVE_LENGTH_MEASURE(2.E-2),#3);
#4441=PRESENTATION_STYLE_ASSIGNMENT((#4440));
#4442=STYLED_ITEM('',(#4441),#4439);
#4443=DIRECTION('',(0.E0,1.E0,0.E0));
#4444=VECTOR('',#4443,1.75E-1);
#4445=CARTESIAN_POINT('',(-1.1E0,0.E0,9.76E-1));
#4446=LINE('',#4445,#4444);
#4447=CURVE_STYLE('',#35,POSITIVE_LENGTH_MEASURE(2.E-2),#3);
#4448=PRESENTATION_STYLE_ASSIGNMENT((#4447));
#4449=STYLED_ITEM('',(#4448),#4446);
#4450=DIRECTION('',(0.E0,1.E0,0.E0));
#4451=VECTOR('',#4450,1.75E-1);
#4452=CARTESIAN_POINT('',(-1.1E0,0.E0,9.74E-1));
#4453=LINE('',#4452,#4451);
#4454=CURVE_STYLE('',#35,POSITIVE_LENGTH_MEASURE(2.E-2),#3);
#4455=PRESENTATION_STYLE_ASSIGNMENT((#4454));
#4456=STYLED_ITEM('',(#4455),#4453);
#4457=DIRECTION('',(0.E0,1.E0,0.E0));
#4458=VECTOR('',#4457,1.75E-1);
#4459=CARTESIAN_POINT('',(-1.249E0,0.E0,8.25E-1));
#4460=LINE('',#4459,#4458);
#4461=CURVE_STYLE('',#35,POSITIVE_LENGTH_MEASURE(2.E-2),#3);
#4462=PRESENTATION_STYLE_ASSIGNMENT((#4461));
#4463=STYLED_ITEM('',(#4462),#4460);
#4464=DIRECTION('',(1.E0,0.E0,0.E0));
#4465=VECTOR('',#4464,2.51E-1);
#4466=CARTESIAN_POINT('',(-1.5E0,1.75E-1,1.125E0));
#4467=LINE('',#4466,#4465);
#4468=CURVE_STYLE('',#35,POSITIVE_LENGTH_MEASURE(2.E-2),#3);
#4469=PRESENTATION_STYLE_ASSIGNMENT((#4468));
#4470=STYLED_ITEM('',(#4469),#4467);
#4471=CARTESIAN_POINT('',(-1.249E0,1.75E-1,9.76E-1));
#4472=DIRECTION('',(0.E0,1.E0,0.E0));
#4473=DIRECTION('',(0.E0,0.E0,1.E0));
#4474=AXIS2_PLACEMENT_3D('',#4471,#4472,#4473);
#4476=CURVE_STYLE('',#35,POSITIVE_LENGTH_MEASURE(2.E-2),#3);
#4477=PRESENTATION_STYLE_ASSIGNMENT((#4476));
#4478=STYLED_ITEM('',(#4477),#4475);
#4479=DIRECTION('',(0.E0,0.E0,-1.E0));
#4480=VECTOR('',#4479,2.E-3);
#4481=CARTESIAN_POINT('',(-1.1E0,1.75E-1,9.76E-1));
#4482=LINE('',#4481,#4480);
#4483=CURVE_STYLE('',#35,POSITIVE_LENGTH_MEASURE(2.E-2),#3);
#4484=PRESENTATION_STYLE_ASSIGNMENT((#4483));
#4485=STYLED_ITEM('',(#4484),#4482);
#4486=CARTESIAN_POINT('',(-1.249E0,1.75E-1,9.74E-1));
#4487=DIRECTION('',(0.E0,1.E0,0.E0));
#4488=DIRECTION('',(1.E0,0.E0,0.E0));
#4489=AXIS2_PLACEMENT_3D('',#4486,#4487,#4488);
#4491=CURVE_STYLE('',#35,POSITIVE_LENGTH_MEASURE(2.E-2),#3);
#4492=PRESENTATION_STYLE_ASSIGNMENT((#4491));
#4493=STYLED_ITEM('',(#4492),#4490);
#4494=DIRECTION('',(-1.E0,0.E0,0.E0));
#4495=VECTOR('',#4494,2.51E-1);
#4496=CARTESIAN_POINT('',(-1.249E0,1.75E-1,8.25E-1));
#4497=LINE('',#4496,#4495);
#4498=CURVE_STYLE('',#35,POSITIVE_LENGTH_MEASURE(2.E-2),#3);
#4499=PRESENTATION_STYLE_ASSIGNMENT((#4498));
#4500=STYLED_ITEM('',(#4499),#4497);
#4501=DIRECTION('',(0.E0,1.E0,0.E0));
#4502=VECTOR('',#4501,1.75E-1);
#4503=CARTESIAN_POINT('',(-1.249E0,0.E0,4.75E-1));
#4504=LINE('',#4503,#4502);
#4505=CURVE_STYLE('',#35,POSITIVE_LENGTH_MEASURE(2.E-2),#3);
#4506=PRESENTATION_STYLE_ASSIGNMENT((#4505));
#4507=STYLED_ITEM('',(#4506),#4504);
#4508=DIRECTION('',(0.E0,1.E0,0.E0));
#4509=VECTOR('',#4508,1.75E-1);
#4510=CARTESIAN_POINT('',(-1.1E0,0.E0,3.26E-1));
#4511=LINE('',#4510,#4509);
#4512=CURVE_STYLE('',#35,POSITIVE_LENGTH_MEASURE(2.E-2),#3);
#4513=PRESENTATION_STYLE_ASSIGNMENT((#4512));
#4514=STYLED_ITEM('',(#4513),#4511);
#4515=DIRECTION('',(0.E0,1.E0,0.E0));
#4516=VECTOR('',#4515,1.75E-1);
#4517=CARTESIAN_POINT('',(-1.1E0,0.E0,3.24E-1));
#4518=LINE('',#4517,#4516);
#4519=CURVE_STYLE('',#35,POSITIVE_LENGTH_MEASURE(2.E-2),#3);
#4520=PRESENTATION_STYLE_ASSIGNMENT((#4519));
#4521=STYLED_ITEM('',(#4520),#4518);
#4522=DIRECTION('',(0.E0,1.E0,0.E0));
#4523=VECTOR('',#4522,1.75E-1);
#4524=CARTESIAN_POINT('',(-1.249E0,0.E0,1.75E-1));
#4525=LINE('',#4524,#4523);
#4526=CURVE_STYLE('',#35,POSITIVE_LENGTH_MEASURE(2.E-2),#3);
#4527=PRESENTATION_STYLE_ASSIGNMENT((#4526));
#4528=STYLED_ITEM('',(#4527),#4525);
#4529=DIRECTION('',(1.E0,0.E0,0.E0));
#4530=VECTOR('',#4529,2.51E-1);
#4531=CARTESIAN_POINT('',(-1.5E0,1.75E-1,4.75E-1));
#4532=LINE('',#4531,#4530);
#4533=CURVE_STYLE('',#35,POSITIVE_LENGTH_MEASURE(2.E-2),#3);
#4534=PRESENTATION_STYLE_ASSIGNMENT((#4533));
#4535=STYLED_ITEM('',(#4534),#4532);
#4536=CARTESIAN_POINT('',(-1.249E0,1.75E-1,3.26E-1));
#4537=DIRECTION('',(0.E0,1.E0,0.E0));
#4538=DIRECTION('',(0.E0,0.E0,1.E0));
#4539=AXIS2_PLACEMENT_3D('',#4536,#4537,#4538);
#4541=CURVE_STYLE('',#35,POSITIVE_LENGTH_MEASURE(2.E-2),#3);
#4542=PRESENTATION_STYLE_ASSIGNMENT((#4541));
#4543=STYLED_ITEM('',(#4542),#4540);
#4544=DIRECTION('',(0.E0,0.E0,-1.E0));
#4545=VECTOR('',#4544,2.E-3);
#4546=CARTESIAN_POINT('',(-1.1E0,1.75E-1,3.26E-1));
#4547=LINE('',#4546,#4545);
#4548=CURVE_STYLE('',#35,POSITIVE_LENGTH_MEASURE(2.E-2),#3);
#4549=PRESENTATION_STYLE_ASSIGNMENT((#4548));
#4550=STYLED_ITEM('',(#4549),#4547);
#4551=CARTESIAN_POINT('',(-1.249E0,1.75E-1,3.24E-1));
#4552=DIRECTION('',(0.E0,1.E0,0.E0));
#4553=DIRECTION('',(1.E0,0.E0,0.E0));
#4554=AXIS2_PLACEMENT_3D('',#4551,#4552,#4553);
#4556=CURVE_STYLE('',#35,POSITIVE_LENGTH_MEASURE(2.E-2),#3);
#4557=PRESENTATION_STYLE_ASSIGNMENT((#4556));
#4558=STYLED_ITEM('',(#4557),#4555);
#4559=DIRECTION('',(-1.E0,0.E0,0.E0));
#4560=VECTOR('',#4559,2.51E-1);
#4561=CARTESIAN_POINT('',(-1.249E0,1.75E-1,1.75E-1));
#4562=LINE('',#4561,#4560);
#4563=CURVE_STYLE('',#35,POSITIVE_LENGTH_MEASURE(2.E-2),#3);
#4564=PRESENTATION_STYLE_ASSIGNMENT((#4563));
#4565=STYLED_ITEM('',(#4564),#4562);
#4566=DIRECTION('',(0.E0,1.E0,0.E0));
#4567=VECTOR('',#4566,1.75E-1);
#4568=CARTESIAN_POINT('',(-1.249E0,0.E0,-1.75E-1));
#4569=LINE('',#4568,#4567);
#4570=CURVE_STYLE('',#35,POSITIVE_LENGTH_MEASURE(2.E-2),#3);
#4571=PRESENTATION_STYLE_ASSIGNMENT((#4570));
#4572=STYLED_ITEM('',(#4571),#4569);
#4573=DIRECTION('',(0.E0,1.E0,0.E0));
#4574=VECTOR('',#4573,1.75E-1);
#4575=CARTESIAN_POINT('',(-1.1E0,0.E0,-3.24E-1));
#4576=LINE('',#4575,#4574);
#4577=CURVE_STYLE('',#35,POSITIVE_LENGTH_MEASURE(2.E-2),#3);
#4578=PRESENTATION_STYLE_ASSIGNMENT((#4577));
#4579=STYLED_ITEM('',(#4578),#4576);
#4580=DIRECTION('',(0.E0,1.E0,0.E0));
#4581=VECTOR('',#4580,1.75E-1);
#4582=CARTESIAN_POINT('',(-1.1E0,0.E0,-3.26E-1));
#4583=LINE('',#4582,#4581);
#4584=CURVE_STYLE('',#35,POSITIVE_LENGTH_MEASURE(2.E-2),#3);
#4585=PRESENTATION_STYLE_ASSIGNMENT((#4584));
#4586=STYLED_ITEM('',(#4585),#4583);
#4587=DIRECTION('',(0.E0,1.E0,0.E0));
#4588=VECTOR('',#4587,1.75E-1);
#4589=CARTESIAN_POINT('',(-1.249E0,0.E0,-4.75E-1));
#4590=LINE('',#4589,#4588);
#4591=CURVE_STYLE('',#35,POSITIVE_LENGTH_MEASURE(2.E-2),#3);
#4592=PRESENTATION_STYLE_ASSIGNMENT((#4591));
#4593=STYLED_ITEM('',(#4592),#4590);
#4594=DIRECTION('',(1.E0,0.E0,0.E0));
#4595=VECTOR('',#4594,2.51E-1);
#4596=CARTESIAN_POINT('',(-1.5E0,1.75E-1,-1.75E-1));
#4597=LINE('',#4596,#4595);
#4598=CURVE_STYLE('',#35,POSITIVE_LENGTH_MEASURE(2.E-2),#3);
#4599=PRESENTATION_STYLE_ASSIGNMENT((#4598));
#4600=STYLED_ITEM('',(#4599),#4597);
#4601=CARTESIAN_POINT('',(-1.249E0,1.75E-1,-3.24E-1));
#4602=DIRECTION('',(0.E0,1.E0,0.E0));
#4603=DIRECTION('',(0.E0,0.E0,1.E0));
#4604=AXIS2_PLACEMENT_3D('',#4601,#4602,#4603);
#4606=CURVE_STYLE('',#35,POSITIVE_LENGTH_MEASURE(2.E-2),#3);
#4607=PRESENTATION_STYLE_ASSIGNMENT((#4606));
#4608=STYLED_ITEM('',(#4607),#4605);
#4609=DIRECTION('',(0.E0,0.E0,-1.E0));
#4610=VECTOR('',#4609,2.E-3);
#4611=CARTESIAN_POINT('',(-1.1E0,1.75E-1,-3.24E-1));
#4612=LINE('',#4611,#4610);
#4613=CURVE_STYLE('',#35,POSITIVE_LENGTH_MEASURE(2.E-2),#3);
#4614=PRESENTATION_STYLE_ASSIGNMENT((#4613));
#4615=STYLED_ITEM('',(#4614),#4612);
#4616=CARTESIAN_POINT('',(-1.249E0,1.75E-1,-3.26E-1));
#4617=DIRECTION('',(0.E0,1.E0,0.E0));
#4618=DIRECTION('',(1.E0,0.E0,0.E0));
#4619=AXIS2_PLACEMENT_3D('',#4616,#4617,#4618);
#4621=CURVE_STYLE('',#35,POSITIVE_LENGTH_MEASURE(2.E-2),#3);
#4622=PRESENTATION_STYLE_ASSIGNMENT((#4621));
#4623=STYLED_ITEM('',(#4622),#4620);
#4624=DIRECTION('',(-1.E0,0.E0,0.E0));
#4625=VECTOR('',#4624,2.51E-1);
#4626=CARTESIAN_POINT('',(-1.249E0,1.75E-1,-4.75E-1));
#4627=LINE('',#4626,#4625);
#4628=CURVE_STYLE('',#35,POSITIVE_LENGTH_MEASURE(2.E-2),#3);
#4629=PRESENTATION_STYLE_ASSIGNMENT((#4628));
#4630=STYLED_ITEM('',(#4629),#4627);
#4631=DIRECTION('',(0.E0,-1.E0,0.E0));
#4632=VECTOR('',#4631,1.75E-1);
#4633=CARTESIAN_POINT('',(-8.E-1,1.75E-1,-9.E-1));
#4634=LINE('',#4633,#4632);
#4635=CURVE_STYLE('',#35,POSITIVE_LENGTH_MEASURE(2.E-2),#3);
#4636=PRESENTATION_STYLE_ASSIGNMENT((#4635));
#4637=STYLED_ITEM('',(#4636),#4634);
#4638=DIRECTION('',(0.E0,1.E0,0.E0));
#4639=VECTOR('',#4638,1.75E-1);
#4640=CARTESIAN_POINT('',(-8.E-1,0.E0,1.2E0));
#4641=LINE('',#4640,#4639);
#4642=CURVE_STYLE('',#35,POSITIVE_LENGTH_MEASURE(2.E-2),#3);
#4643=PRESENTATION_STYLE_ASSIGNMENT((#4642));
#4644=STYLED_ITEM('',(#4643),#4641);
#4645=DIRECTION('',(0.E0,1.E0,0.E0));
#4646=VECTOR('',#4645,1.75E-1);
#4647=CARTESIAN_POINT('',(8.E-1,0.E0,1.2E0));
#4648=LINE('',#4647,#4646);
#4649=CURVE_STYLE('',#35,POSITIVE_LENGTH_MEASURE(2.E-2),#3);
#4650=PRESENTATION_STYLE_ASSIGNMENT((#4649));
#4651=STYLED_ITEM('',(#4650),#4648);
#4652=DIRECTION('',(0.E0,-1.E0,0.E0));
#4653=VECTOR('',#4652,1.75E-1);
#4654=CARTESIAN_POINT('',(-5.E-1,1.75E-1,-1.2E0));
#4655=LINE('',#4654,#4653);
#4656=CURVE_STYLE('',#35,POSITIVE_LENGTH_MEASURE(2.E-2),#3);
#4657=PRESENTATION_STYLE_ASSIGNMENT((#4656));
#4658=STYLED_ITEM('',(#4657),#4655);
#4659=DIRECTION('',(0.E0,1.E0,0.E0));
#4660=VECTOR('',#4659,1.75E-1);
#4661=CARTESIAN_POINT('',(8.E-1,0.E0,-1.2E0));
#4662=LINE('',#4661,#4660);
#4663=CURVE_STYLE('',#35,POSITIVE_LENGTH_MEASURE(2.E-2),#3);
#4664=PRESENTATION_STYLE_ASSIGNMENT((#4663));
#4665=STYLED_ITEM('',(#4664),#4662);
#4666=DIRECTION('',(-7.071067811865E-1,0.E0,7.071067811865E-1));
#4667=VECTOR('',#4666,4.242640687119E-1);
#4668=CARTESIAN_POINT('',(-5.E-1,1.75E-1,-1.2E0));
#4669=LINE('',#4668,#4667);
#4670=CURVE_STYLE('',#35,POSITIVE_LENGTH_MEASURE(2.E-2),#3);
#4671=PRESENTATION_STYLE_ASSIGNMENT((#4670));
#4672=STYLED_ITEM('',(#4671),#4669);
#4673=DIRECTION('',(0.E0,0.E0,1.E0));
#4674=VECTOR('',#4673,2.1E0);
#4675=CARTESIAN_POINT('',(-8.E-1,1.75E-1,-9.E-1));
#4676=LINE('',#4675,#4674);
#4677=CURVE_STYLE('',#35,POSITIVE_LENGTH_MEASURE(2.E-2),#3);
#4678=PRESENTATION_STYLE_ASSIGNMENT((#4677));
#4679=STYLED_ITEM('',(#4678),#4676);
#4680=DIRECTION('',(1.E0,0.E0,0.E0));
#4681=VECTOR('',#4680,1.6E0);
#4682=CARTESIAN_POINT('',(-8.E-1,1.75E-1,1.2E0));
#4683=LINE('',#4682,#4681);
#4684=CURVE_STYLE('',#35,POSITIVE_LENGTH_MEASURE(2.E-2),#3);
#4685=PRESENTATION_STYLE_ASSIGNMENT((#4684));
#4686=STYLED_ITEM('',(#4685),#4683);
#4687=DIRECTION('',(0.E0,0.E0,-1.E0));
#4688=VECTOR('',#4687,2.4E0);
#4689=CARTESIAN_POINT('',(8.E-1,1.75E-1,1.2E0));
#4690=LINE('',#4689,#4688);
#4691=CURVE_STYLE('',#35,POSITIVE_LENGTH_MEASURE(2.E-2),#3);
#4692=PRESENTATION_STYLE_ASSIGNMENT((#4691));
#4693=STYLED_ITEM('',(#4692),#4690);
#4694=DIRECTION('',(-1.E0,0.E0,0.E0));
#4695=VECTOR('',#4694,1.3E0);
#4696=CARTESIAN_POINT('',(8.E-1,1.75E-1,-1.2E0));
#4697=LINE('',#4696,#4695);
#4698=CURVE_STYLE('',#35,POSITIVE_LENGTH_MEASURE(2.E-2),#3);
#4699=PRESENTATION_STYLE_ASSIGNMENT((#4698));
#4700=STYLED_ITEM('',(#4699),#4697);
#4701=CARTESIAN_POINT('',(-1.5E0,0.E0,1.5E0));
#4702=CARTESIAN_POINT('',(1.5E0,0.E0,1.5E0));
#4703=VERTEX_POINT('',#4701);
#4704=VERTEX_POINT('',#4702);
#4705=CARTESIAN_POINT('',(1.5E0,0.E0,-1.5E0));
#4706=CARTESIAN_POINT('',(-1.5E0,0.E0,-1.5E0));
#4707=VERTEX_POINT('',#4705);
#4708=VERTEX_POINT('',#4706);
#4709=CARTESIAN_POINT('',(-1.5E0,7.75E-1,-1.5E0));
#4710=CARTESIAN_POINT('',(-1.5E0,7.75E-1,1.5E0));
#4711=VERTEX_POINT('',#4709);
#4712=VERTEX_POINT('',#4710);
#4713=CARTESIAN_POINT('',(1.5E0,7.75E-1,1.5E0));
#4714=VERTEX_POINT('',#4713);
#4715=CARTESIAN_POINT('',(1.5E0,7.75E-1,-1.5E0));
#4716=VERTEX_POINT('',#4715);
#4717=CARTESIAN_POINT('',(-8.E-1,1.75E-1,1.2E0));
#4718=CARTESIAN_POINT('',(8.E-1,1.75E-1,1.2E0));
#4719=VERTEX_POINT('',#4717);
#4720=VERTEX_POINT('',#4718);
#4721=CARTESIAN_POINT('',(8.E-1,1.75E-1,-1.2E0));
#4722=VERTEX_POINT('',#4721);
#4723=CARTESIAN_POINT('',(-5.E-1,1.75E-1,-1.2E0));
#4724=CARTESIAN_POINT('',(-8.E-1,1.75E-1,-9.E-1));
#4725=VERTEX_POINT('',#4723);
#4726=VERTEX_POINT('',#4724);
#4727=CARTESIAN_POINT('',(-1.5E0,0.E0,-8.25E-1));
#4728=CARTESIAN_POINT('',(-1.249E0,0.E0,-8.25E-1));
#4729=VERTEX_POINT('',#4727);
#4730=VERTEX_POINT('',#4728);
#4731=CARTESIAN_POINT('',(-1.5E0,0.E0,-1.125E0));
#4732=CARTESIAN_POINT('',(-1.249E0,0.E0,-1.125E0));
#4733=VERTEX_POINT('',#4731);
#4734=VERTEX_POINT('',#4732);
#4735=CARTESIAN_POINT('',(-1.5E0,0.E0,-1.75E-1));
#4736=CARTESIAN_POINT('',(-1.249E0,0.E0,-1.75E-1));
#4737=VERTEX_POINT('',#4735);
#4738=VERTEX_POINT('',#4736);
#4739=CARTESIAN_POINT('',(-1.5E0,0.E0,-4.75E-1));
#4740=CARTESIAN_POINT('',(-1.249E0,0.E0,-4.75E-1));
#4741=VERTEX_POINT('',#4739);
#4742=VERTEX_POINT('',#4740);
#4743=CARTESIAN_POINT('',(-1.5E0,0.E0,4.75E-1));
#4744=CARTESIAN_POINT('',(-1.249E0,0.E0,4.75E-1));
#4745=VERTEX_POINT('',#4743);
#4746=VERTEX_POINT('',#4744);
#4747=CARTESIAN_POINT('',(-1.5E0,0.E0,1.75E-1));
#4748=CARTESIAN_POINT('',(-1.249E0,0.E0,1.75E-1));
#4749=VERTEX_POINT('',#4747);
#4750=VERTEX_POINT('',#4748);
#4751=CARTESIAN_POINT('',(-1.5E0,0.E0,1.125E0));
#4752=CARTESIAN_POINT('',(-1.249E0,0.E0,1.125E0));
#4753=VERTEX_POINT('',#4751);
#4754=VERTEX_POINT('',#4752);
#4755=CARTESIAN_POINT('',(-1.5E0,0.E0,8.25E-1));
#4756=CARTESIAN_POINT('',(-1.249E0,0.E0,8.25E-1));
#4757=VERTEX_POINT('',#4755);
#4758=VERTEX_POINT('',#4756);
#4759=CARTESIAN_POINT('',(1.5E0,0.E0,-8.25E-1));
#4760=CARTESIAN_POINT('',(1.3E0,0.E0,-8.25E-1));
#4761=VERTEX_POINT('',#4759);
#4762=VERTEX_POINT('',#4760);
#4763=CARTESIAN_POINT('',(1.5E0,0.E0,-1.125E0));
#4764=CARTESIAN_POINT('',(1.249E0,0.E0,-1.125E0));
#4765=VERTEX_POINT('',#4763);
#4766=VERTEX_POINT('',#4764);
#4767=CARTESIAN_POINT('',(1.5E0,0.E0,-1.75E-1));
#4768=CARTESIAN_POINT('',(1.3E0,0.E0,-1.75E-1));
#4769=VERTEX_POINT('',#4767);
#4770=VERTEX_POINT('',#4768);
#4771=CARTESIAN_POINT('',(1.5E0,0.E0,-4.75E-1));
#4772=CARTESIAN_POINT('',(1.3E0,0.E0,-4.75E-1));
#4773=VERTEX_POINT('',#4771);
#4774=VERTEX_POINT('',#4772);
#4775=CARTESIAN_POINT('',(1.5E0,0.E0,4.75E-1));
#4776=CARTESIAN_POINT('',(1.249E0,0.E0,4.75E-1));
#4777=VERTEX_POINT('',#4775);
#4778=VERTEX_POINT('',#4776);
#4779=CARTESIAN_POINT('',(1.5E0,0.E0,1.75E-1));
#4780=CARTESIAN_POINT('',(1.3E0,0.E0,1.75E-1));
#4781=VERTEX_POINT('',#4779);
#4782=VERTEX_POINT('',#4780);
#4783=CARTESIAN_POINT('',(1.5E0,0.E0,1.125E0));
#4784=CARTESIAN_POINT('',(1.249E0,0.E0,1.125E0));
#4785=VERTEX_POINT('',#4783);
#4786=VERTEX_POINT('',#4784);
#4787=CARTESIAN_POINT('',(1.5E0,0.E0,8.25E-1));
#4788=CARTESIAN_POINT('',(1.249E0,0.E0,8.25E-1));
#4789=VERTEX_POINT('',#4787);
#4790=VERTEX_POINT('',#4788);
#4791=CARTESIAN_POINT('',(-8.E-1,0.E0,-9.E-1));
#4792=CARTESIAN_POINT('',(-8.E-1,0.E0,1.2E0));
#4793=VERTEX_POINT('',#4791);
#4794=VERTEX_POINT('',#4792);
#4795=CARTESIAN_POINT('',(8.E-1,0.E0,1.2E0));
#4796=VERTEX_POINT('',#4795);
#4797=CARTESIAN_POINT('',(8.E-1,0.E0,-1.2E0));
#4798=VERTEX_POINT('',#4797);
#4799=CARTESIAN_POINT('',(-5.E-1,0.E0,-1.2E0));
#4800=VERTEX_POINT('',#4799);
#4801=CARTESIAN_POINT('',(-1.5E0,1.75E-1,-8.25E-1));
#4802=CARTESIAN_POINT('',(-1.5E0,1.75E-1,-1.125E0));
#4803=VERTEX_POINT('',#4801);
#4804=VERTEX_POINT('',#4802);
#4805=CARTESIAN_POINT('',(-1.5E0,1.75E-1,-1.75E-1));
#4806=CARTESIAN_POINT('',(-1.5E0,1.75E-1,-4.75E-1));
#4807=VERTEX_POINT('',#4805);
#4808=VERTEX_POINT('',#4806);
#4809=CARTESIAN_POINT('',(-1.5E0,1.75E-1,4.75E-1));
#4810=CARTESIAN_POINT('',(-1.5E0,1.75E-1,1.75E-1));
#4811=VERTEX_POINT('',#4809);
#4812=VERTEX_POINT('',#4810);
#4813=CARTESIAN_POINT('',(-1.5E0,1.75E-1,1.125E0));
#4814=CARTESIAN_POINT('',(-1.5E0,1.75E-1,8.25E-1));
#4815=VERTEX_POINT('',#4813);
#4816=VERTEX_POINT('',#4814);
#4817=CARTESIAN_POINT('',(1.5E0,1.75E-1,4.75E-1));
#4818=CARTESIAN_POINT('',(1.5E0,1.75E-1,1.75E-1));
#4819=VERTEX_POINT('',#4817);
#4820=VERTEX_POINT('',#4818);
#4821=CARTESIAN_POINT('',(1.5E0,1.75E-1,-8.25E-1));
#4822=VERTEX_POINT('',#4821);
#4823=CARTESIAN_POINT('',(1.5E0,1.75E-1,-1.125E0));
#4824=VERTEX_POINT('',#4823);
#4825=CARTESIAN_POINT('',(1.5E0,1.75E-1,-1.75E-1));
#4826=VERTEX_POINT('',#4825);
#4827=CARTESIAN_POINT('',(1.5E0,1.75E-1,-4.75E-1));
#4828=VERTEX_POINT('',#4827);
#4829=CARTESIAN_POINT('',(1.5E0,1.75E-1,1.125E0));
#4830=CARTESIAN_POINT('',(1.5E0,1.75E-1,8.25E-1));
#4831=VERTEX_POINT('',#4829);
#4832=VERTEX_POINT('',#4830);
#4833=CARTESIAN_POINT('',(-7.5E-1,7.5E-2,1.4E0));
#4834=CARTESIAN_POINT('',(-9.5E-1,7.5E-2,1.4E0));
#4835=VERTEX_POINT('',#4833);
#4836=VERTEX_POINT('',#4834);
#4837=CARTESIAN_POINT('',(-7.5E-1,1.75E-1,1.4E0));
#4838=CARTESIAN_POINT('',(-9.5E-1,1.75E-1,1.4E0));
#4839=VERTEX_POINT('',#4837);
#4840=VERTEX_POINT('',#4838);
#4841=CARTESIAN_POINT('',(-9.5E-1,7.5E-2,1.5E0));
#4842=CARTESIAN_POINT('',(-7.5E-1,7.5E-2,1.5E0));
#4843=VERTEX_POINT('',#4841);
#4844=VERTEX_POINT('',#4842);
#4845=CARTESIAN_POINT('',(7.5E-1,7.5E-2,1.5E0));
#4846=CARTESIAN_POINT('',(9.5E-1,7.5E-2,1.5E0));
#4847=VERTEX_POINT('',#4845);
#4848=VERTEX_POINT('',#4846);
#4849=CARTESIAN_POINT('',(-9.5E-1,1.75E-1,1.5E0));
#4850=CARTESIAN_POINT('',(-7.5E-1,1.75E-1,1.5E0));
#4851=VERTEX_POINT('',#4849);
#4852=VERTEX_POINT('',#4850);
#4853=CARTESIAN_POINT('',(7.5E-1,1.75E-1,1.5E0));
#4854=CARTESIAN_POINT('',(9.5E-1,1.75E-1,1.5E0));
#4855=VERTEX_POINT('',#4853);
#4856=VERTEX_POINT('',#4854);
#4857=CARTESIAN_POINT('',(-7.5E-1,7.5E-2,-1.5E0));
#4858=CARTESIAN_POINT('',(-9.5E-1,7.5E-2,-1.5E0));
#4859=VERTEX_POINT('',#4857);
#4860=VERTEX_POINT('',#4858);
#4861=CARTESIAN_POINT('',(9.5E-1,7.5E-2,-1.5E0));
#4862=CARTESIAN_POINT('',(7.5E-1,7.5E-2,-1.5E0));
#4863=VERTEX_POINT('',#4861);
#4864=VERTEX_POINT('',#4862);
#4865=CARTESIAN_POINT('',(-7.5E-1,1.75E-1,-1.5E0));
#4866=CARTESIAN_POINT('',(-9.5E-1,1.75E-1,-1.5E0));
#4867=VERTEX_POINT('',#4865);
#4868=VERTEX_POINT('',#4866);
#4869=CARTESIAN_POINT('',(9.5E-1,1.75E-1,-1.5E0));
#4870=CARTESIAN_POINT('',(7.5E-1,1.75E-1,-1.5E0));
#4871=VERTEX_POINT('',#4869);
#4872=VERTEX_POINT('',#4870);
#4873=CARTESIAN_POINT('',(-1.249E0,1.75E-1,-8.25E-1));
#4874=CARTESIAN_POINT('',(-1.1E0,1.75E-1,-9.74E-1));
#4875=VERTEX_POINT('',#4873);
#4876=VERTEX_POINT('',#4874);
#4877=CARTESIAN_POINT('',(-1.1E0,1.75E-1,-9.76E-1));
#4878=VERTEX_POINT('',#4877);
#4879=CARTESIAN_POINT('',(-1.249E0,1.75E-1,-1.125E0));
#4880=VERTEX_POINT('',#4879);
#4881=CARTESIAN_POINT('',(-1.249E0,1.75E-1,-1.75E-1));
#4882=CARTESIAN_POINT('',(-1.1E0,1.75E-1,-3.24E-1));
#4883=VERTEX_POINT('',#4881);
#4884=VERTEX_POINT('',#4882);
#4885=CARTESIAN_POINT('',(-1.1E0,1.75E-1,-3.26E-1));
#4886=VERTEX_POINT('',#4885);
#4887=CARTESIAN_POINT('',(-1.249E0,1.75E-1,-4.75E-1));
#4888=VERTEX_POINT('',#4887);
#4889=CARTESIAN_POINT('',(-1.249E0,1.75E-1,4.75E-1));
#4890=CARTESIAN_POINT('',(-1.1E0,1.75E-1,3.26E-1));
#4891=VERTEX_POINT('',#4889);
#4892=VERTEX_POINT('',#4890);
#4893=CARTESIAN_POINT('',(-1.1E0,1.75E-1,3.24E-1));
#4894=VERTEX_POINT('',#4893);
#4895=CARTESIAN_POINT('',(-1.249E0,1.75E-1,1.75E-1));
#4896=VERTEX_POINT('',#4895);
#4897=CARTESIAN_POINT('',(-1.249E0,1.75E-1,1.125E0));
#4898=CARTESIAN_POINT('',(-1.1E0,1.75E-1,9.76E-1));
#4899=VERTEX_POINT('',#4897);
#4900=VERTEX_POINT('',#4898);
#4901=CARTESIAN_POINT('',(-1.1E0,1.75E-1,9.74E-1));
#4902=VERTEX_POINT('',#4901);
#4903=CARTESIAN_POINT('',(-1.249E0,1.75E-1,8.25E-1));
#4904=VERTEX_POINT('',#4903);
#4905=CARTESIAN_POINT('',(1.1E0,1.75E-1,-9.76E-1));
#4906=CARTESIAN_POINT('',(1.249E0,1.75E-1,-1.125E0));
#4907=VERTEX_POINT('',#4905);
#4908=VERTEX_POINT('',#4906);
#4909=CARTESIAN_POINT('',(1.249E0,1.75E-1,4.75E-1));
#4910=CARTESIAN_POINT('',(1.1E0,1.75E-1,3.26E-1));
#4911=VERTEX_POINT('',#4909);
#4912=VERTEX_POINT('',#4910);
#4913=CARTESIAN_POINT('',(1.249E0,1.75E-1,1.125E0));
#4914=CARTESIAN_POINT('',(1.1E0,1.75E-1,9.76E-1));
#4915=VERTEX_POINT('',#4913);
#4916=VERTEX_POINT('',#4914);
#4917=CARTESIAN_POINT('',(1.1E0,1.75E-1,9.74E-1));
#4918=VERTEX_POINT('',#4917);
#4919=CARTESIAN_POINT('',(1.249E0,1.75E-1,8.25E-1));
#4920=VERTEX_POINT('',#4919);
#4921=CARTESIAN_POINT('',(-1.1E0,0.E0,-9.74E-1));
#4922=VERTEX_POINT('',#4921);
#4923=CARTESIAN_POINT('',(-1.1E0,0.E0,-9.76E-1));
#4924=VERTEX_POINT('',#4923);
#4925=CARTESIAN_POINT('',(-1.1E0,0.E0,-3.24E-1));
#4926=VERTEX_POINT('',#4925);
#4927=CARTESIAN_POINT('',(-1.1E0,0.E0,-3.26E-1));
#4928=VERTEX_POINT('',#4927);
#4929=CARTESIAN_POINT('',(-1.1E0,0.E0,3.26E-1));
#4930=VERTEX_POINT('',#4929);
#4931=CARTESIAN_POINT('',(-1.1E0,0.E0,3.24E-1));
#4932=VERTEX_POINT('',#4931);
#4933=CARTESIAN_POINT('',(-1.1E0,0.E0,9.76E-1));
#4934=VERTEX_POINT('',#4933);
#4935=CARTESIAN_POINT('',(-1.1E0,0.E0,9.74E-1));
#4936=VERTEX_POINT('',#4935);
#4937=CARTESIAN_POINT('',(1.1E0,0.E0,3.26E-1));
#4938=CARTESIAN_POINT('',(1.1E0,0.E0,-9.76E-1));
#4939=VERTEX_POINT('',#4937);
#4940=VERTEX_POINT('',#4938);
#4941=CARTESIAN_POINT('',(1.1E0,0.E0,9.76E-1));
#4942=VERTEX_POINT('',#4941);
#4943=CARTESIAN_POINT('',(1.1E0,0.E0,9.74E-1));
#4944=VERTEX_POINT('',#4943);
#4945=CARTESIAN_POINT('',(9.5E-1,7.5E-2,1.4E0));
#4946=CARTESIAN_POINT('',(7.5E-1,7.5E-2,1.4E0));
#4947=VERTEX_POINT('',#4945);
#4948=VERTEX_POINT('',#4946);
#4949=CARTESIAN_POINT('',(-9.5E-1,7.5E-2,-1.4E0));
#4950=CARTESIAN_POINT('',(-7.5E-1,7.5E-2,-1.4E0));
#4951=VERTEX_POINT('',#4949);
#4952=VERTEX_POINT('',#4950);
#4953=CARTESIAN_POINT('',(7.5E-1,7.5E-2,-1.4E0));
#4954=CARTESIAN_POINT('',(9.5E-1,7.5E-2,-1.4E0));
#4955=VERTEX_POINT('',#4953);
#4956=VERTEX_POINT('',#4954);
#4957=CARTESIAN_POINT('',(9.5E-1,1.75E-1,1.4E0));
#4958=CARTESIAN_POINT('',(7.5E-1,1.75E-1,1.4E0));
#4959=VERTEX_POINT('',#4957);
#4960=VERTEX_POINT('',#4958);
#4961=CARTESIAN_POINT('',(-9.5E-1,1.75E-1,-1.4E0));
#4962=CARTESIAN_POINT('',(-7.5E-1,1.75E-1,-1.4E0));
#4963=VERTEX_POINT('',#4961);
#4964=VERTEX_POINT('',#4962);
#4965=CARTESIAN_POINT('',(7.5E-1,1.75E-1,-1.4E0));
#4966=CARTESIAN_POINT('',(9.5E-1,1.75E-1,-1.4E0));
#4967=VERTEX_POINT('',#4965);
#4968=VERTEX_POINT('',#4966);
#4969=CARTESIAN_POINT('',(1.3E0,1.75E-1,1.75E-1));
#4970=CARTESIAN_POINT('',(1.3E0,1.75E-1,-1.75E-1));
#4971=VERTEX_POINT('',#4969);
#4972=VERTEX_POINT('',#4970);
#4973=CARTESIAN_POINT('',(1.3E0,1.75E-1,-4.75E-1));
#4974=CARTESIAN_POINT('',(1.3E0,1.75E-1,-8.25E-1));
#4975=VERTEX_POINT('',#4973);
#4976=VERTEX_POINT('',#4974);
#4977=CARTESIAN_POINT('',(0.E0,0.E0,0.E0));
#4978=DIRECTION('',(0.E0,1.E0,0.E0));
#4979=DIRECTION('',(1.E0,0.E0,0.E0));
#4980=AXIS2_PLACEMENT_3D('',#4977,#4978,#4979);
#4981=PLANE('',#4980);
#4983=ORIENTED_EDGE('',*,*,#4982,.F.);
#4985=ORIENTED_EDGE('',*,*,#4984,.T.);
#4987=ORIENTED_EDGE('',*,*,#4986,.T.);
#4989=ORIENTED_EDGE('',*,*,#4988,.F.);
#4991=ORIENTED_EDGE('',*,*,#4990,.F.);
#4993=ORIENTED_EDGE('',*,*,#4992,.F.);
#4995=ORIENTED_EDGE('',*,*,#4994,.F.);
#4997=ORIENTED_EDGE('',*,*,#4996,.T.);
#4999=ORIENTED_EDGE('',*,*,#4998,.T.);
#5001=ORIENTED_EDGE('',*,*,#5000,.F.);
#5003=ORIENTED_EDGE('',*,*,#5002,.F.);
#5005=ORIENTED_EDGE('',*,*,#5004,.F.);
#5007=ORIENTED_EDGE('',*,*,#5006,.F.);
#5009=ORIENTED_EDGE('',*,*,#5008,.T.);
#5011=ORIENTED_EDGE('',*,*,#5010,.T.);
#5013=ORIENTED_EDGE('',*,*,#5012,.F.);
#5015=ORIENTED_EDGE('',*,*,#5014,.F.);
#5017=ORIENTED_EDGE('',*,*,#5016,.F.);
#5019=ORIENTED_EDGE('',*,*,#5018,.F.);
#5021=ORIENTED_EDGE('',*,*,#5020,.T.);
#5023=ORIENTED_EDGE('',*,*,#5022,.T.);
#5025=ORIENTED_EDGE('',*,*,#5024,.T.);
#5027=ORIENTED_EDGE('',*,*,#5026,.T.);
#5029=ORIENTED_EDGE('',*,*,#5028,.T.);
#5031=ORIENTED_EDGE('',*,*,#5030,.T.);
#5033=ORIENTED_EDGE('',*,*,#5032,.T.);
#5035=ORIENTED_EDGE('',*,*,#5034,.F.);
#5037=ORIENTED_EDGE('',*,*,#5036,.T.);
#5039=ORIENTED_EDGE('',*,*,#5038,.T.);
#5041=ORIENTED_EDGE('',*,*,#5040,.T.);
#5043=ORIENTED_EDGE('',*,*,#5042,.T.);
#5045=ORIENTED_EDGE('',*,*,#5044,.T.);
#5047=ORIENTED_EDGE('',*,*,#5046,.F.);
#5049=ORIENTED_EDGE('',*,*,#5048,.T.);
#5051=ORIENTED_EDGE('',*,*,#5050,.T.);
#5053=ORIENTED_EDGE('',*,*,#5052,.T.);
#5055=ORIENTED_EDGE('',*,*,#5054,.T.);
#5057=ORIENTED_EDGE('',*,*,#5056,.F.);
#5059=ORIENTED_EDGE('',*,*,#5058,.F.);
#5061=ORIENTED_EDGE('',*,*,#5060,.F.);
#5062=EDGE_LOOP('',(#4983,#4985,#4987,#4989,#4991,#4993,#4995,#4997,#4999,#5001,
#5003,#5005,#5007,#5009,#5011,#5013,#5015,#5017,#5019,#5021,#5023,#5025,#5027,
#5029,#5031,#5033,#5035,#5037,#5039,#5041,#5043,#5045,#5047,#5049,#5051,#5053,
#5055,#5057,#5059,#5061));
#5063=FACE_OUTER_BOUND('',#5062,.F.);
#5065=ORIENTED_EDGE('',*,*,#5064,.F.);
#5067=ORIENTED_EDGE('',*,*,#5066,.T.);
#5069=ORIENTED_EDGE('',*,*,#5068,.F.);
#5071=ORIENTED_EDGE('',*,*,#5070,.F.);
#5073=ORIENTED_EDGE('',*,*,#5072,.F.);
#5074=EDGE_LOOP('',(#5065,#5067,#5069,#5071,#5073));
#5075=FACE_BOUND('',#5074,.F.);
#5077=CARTESIAN_POINT('',(0.E0,0.E0,0.E0));
#5078=DIRECTION('',(0.E0,1.E0,0.E0));
#5079=DIRECTION('',(1.E0,0.E0,0.E0));
#5080=AXIS2_PLACEMENT_3D('',#5077,#5078,#5079);
#5081=PLANE('',#5080);
#5083=ORIENTED_EDGE('',*,*,#5082,.T.);
#5085=ORIENTED_EDGE('',*,*,#5084,.F.);
#5087=ORIENTED_EDGE('',*,*,#5086,.F.);
#5089=ORIENTED_EDGE('',*,*,#5088,.T.);
#5090=EDGE_LOOP('',(#5083,#5085,#5087,#5089));
#5091=FACE_OUTER_BOUND('',#5090,.F.);
#5093=CARTESIAN_POINT('',(0.E0,0.E0,0.E0));
#5094=DIRECTION('',(0.E0,1.E0,0.E0));
#5095=DIRECTION('',(1.E0,0.E0,0.E0));
#5096=AXIS2_PLACEMENT_3D('',#5093,#5094,#5095);
#5097=PLANE('',#5096);
#5099=ORIENTED_EDGE('',*,*,#5098,.T.);
#5101=ORIENTED_EDGE('',*,*,#5100,.F.);
#5103=ORIENTED_EDGE('',*,*,#5102,.F.);
#5105=ORIENTED_EDGE('',*,*,#5104,.T.);
#5106=EDGE_LOOP('',(#5099,#5101,#5103,#5105));
#5107=FACE_OUTER_BOUND('',#5106,.F.);
#5109=CARTESIAN_POINT('',(-1.6E0,-2.5E-2,-8.25E-1));
#5110=DIRECTION('',(0.E0,0.E0,1.E0));
#5111=DIRECTION('',(1.E0,0.E0,0.E0));
#5112=AXIS2_PLACEMENT_3D('',#5109,#5110,#5111);
#5113=PLANE('',#5112);
#5114=ORIENTED_EDGE('',*,*,#4982,.T.);
#5116=ORIENTED_EDGE('',*,*,#5115,.T.);
#5118=ORIENTED_EDGE('',*,*,#5117,.F.);
#5120=ORIENTED_EDGE('',*,*,#5119,.F.);
#5121=EDGE_LOOP('',(#5114,#5116,#5118,#5120));
#5122=FACE_OUTER_BOUND('',#5121,.F.);
#5124=CARTESIAN_POINT('',(-1.249E0,-2.5E-2,-9.74E-1));
#5125=DIRECTION('',(0.E0,1.E0,0.E0));
#5126=DIRECTION('',(1.E0,0.E0,0.E0));
#5127=AXIS2_PLACEMENT_3D('',#5124,#5125,#5126);
#5128=CYLINDRICAL_SURFACE('',#5127,1.49E-1);
#5129=ORIENTED_EDGE('',*,*,#5060,.T.);
#5131=ORIENTED_EDGE('',*,*,#5130,.T.);
#5133=ORIENTED_EDGE('',*,*,#5132,.F.);
#5134=ORIENTED_EDGE('',*,*,#5115,.F.);
#5135=EDGE_LOOP('',(#5129,#5131,#5133,#5134));
#5136=FACE_OUTER_BOUND('',#5135,.F.);
#5138=CARTESIAN_POINT('',(-1.1E0,-2.5E-2,-9.74E-1));
#5139=DIRECTION('',(1.E0,0.E0,0.E0));
#5140=DIRECTION('',(0.E0,0.E0,-1.E0));
#5141=AXIS2_PLACEMENT_3D('',#5138,#5139,#5140);
#5142=PLANE('',#5141);
#5143=ORIENTED_EDGE('',*,*,#5058,.T.);
#5145=ORIENTED_EDGE('',*,*,#5144,.T.);
#5147=ORIENTED_EDGE('',*,*,#5146,.F.);
#5148=ORIENTED_EDGE('',*,*,#5130,.F.);
#5149=EDGE_LOOP('',(#5143,#5145,#5147,#5148));
#5150=FACE_OUTER_BOUND('',#5149,.F.);
#5152=CARTESIAN_POINT('',(-1.249E0,-2.5E-2,-9.76E-1));
#5153=DIRECTION('',(0.E0,1.E0,0.E0));
#5154=DIRECTION('',(1.E0,0.E0,0.E0));
#5155=AXIS2_PLACEMENT_3D('',#5152,#5153,#5154);
#5156=CYLINDRICAL_SURFACE('',#5155,1.49E-1);
#5157=ORIENTED_EDGE('',*,*,#5056,.T.);
#5159=ORIENTED_EDGE('',*,*,#5158,.T.);
#5161=ORIENTED_EDGE('',*,*,#5160,.F.);
#5162=ORIENTED_EDGE('',*,*,#5144,.F.);
#5163=EDGE_LOOP('',(#5157,#5159,#5161,#5162));
#5164=FACE_OUTER_BOUND('',#5163,.F.);
#5166=CARTESIAN_POINT('',(-1.249E0,-2.5E-2,-1.125E0));
#5167=DIRECTION('',(0.E0,0.E0,-1.E0));
#5168=DIRECTION('',(-1.E0,0.E0,0.E0));
#5169=AXIS2_PLACEMENT_3D('',#5166,#5167,#5168);
#5170=PLANE('',#5169);
#5171=ORIENTED_EDGE('',*,*,#5054,.F.);
#5173=ORIENTED_EDGE('',*,*,#5172,.T.);
#5175=ORIENTED_EDGE('',*,*,#5174,.F.);
#5176=ORIENTED_EDGE('',*,*,#5158,.F.);
#5177=EDGE_LOOP('',(#5171,#5173,#5175,#5176));
#5178=FACE_OUTER_BOUND('',#5177,.F.);
#5180=CARTESIAN_POINT('',(-1.5E0,0.E0,-1.5E0));
#5181=DIRECTION('',(-1.E0,0.E0,0.E0));
#5182=DIRECTION('',(0.E0,0.E0,1.E0));
#5183=AXIS2_PLACEMENT_3D('',#5180,#5181,#5182);
#5184=PLANE('',#5183);
#5186=ORIENTED_EDGE('',*,*,#5185,.T.);
#5187=ORIENTED_EDGE('',*,*,#5172,.F.);
#5188=ORIENTED_EDGE('',*,*,#5052,.F.);
#5190=ORIENTED_EDGE('',*,*,#5189,.T.);
#5192=ORIENTED_EDGE('',*,*,#5191,.T.);
#5194=ORIENTED_EDGE('',*,*,#5193,.F.);
#5195=ORIENTED_EDGE('',*,*,#5020,.F.);
#5197=ORIENTED_EDGE('',*,*,#5196,.T.);
#5199=ORIENTED_EDGE('',*,*,#5198,.T.);
#5201=ORIENTED_EDGE('',*,*,#5200,.F.);
#5202=ORIENTED_EDGE('',*,*,#5008,.F.);
#5204=ORIENTED_EDGE('',*,*,#5203,.T.);
#5206=ORIENTED_EDGE('',*,*,#5205,.T.);
#5208=ORIENTED_EDGE('',*,*,#5207,.F.);
#5209=ORIENTED_EDGE('',*,*,#4996,.F.);
#5211=ORIENTED_EDGE('',*,*,#5210,.T.);
#5213=ORIENTED_EDGE('',*,*,#5212,.T.);
#5215=ORIENTED_EDGE('',*,*,#5214,.F.);
#5216=ORIENTED_EDGE('',*,*,#4984,.F.);
#5217=ORIENTED_EDGE('',*,*,#5119,.T.);
#5218=EDGE_LOOP('',(#5186,#5187,#5188,#5190,#5192,#5194,#5195,#5197,#5199,#5201,
#5202,#5204,#5206,#5208,#5209,#5211,#5213,#5215,#5216,#5217));
#5219=FACE_OUTER_BOUND('',#5218,.F.);
#5221=CARTESIAN_POINT('',(0.E0,1.75E-1,0.E0));
#5222=DIRECTION('',(0.E0,1.E0,0.E0));
#5223=DIRECTION('',(1.E0,0.E0,0.E0));
#5224=AXIS2_PLACEMENT_3D('',#5221,#5222,#5223);
#5225=PLANE('',#5224);
#5226=ORIENTED_EDGE('',*,*,#5185,.F.);
#5227=ORIENTED_EDGE('',*,*,#5117,.T.);
#5228=ORIENTED_EDGE('',*,*,#5132,.T.);
#5229=ORIENTED_EDGE('',*,*,#5146,.T.);
#5230=ORIENTED_EDGE('',*,*,#5160,.T.);
#5231=ORIENTED_EDGE('',*,*,#5174,.T.);
#5232=EDGE_LOOP('',(#5226,#5227,#5228,#5229,#5230,#5231));
#5233=FACE_OUTER_BOUND('',#5232,.F.);
#5235=CARTESIAN_POINT('',(1.5E0,0.E0,-1.5E0));
#5236=DIRECTION('',(0.E0,0.E0,-1.E0));
#5237=DIRECTION('',(-1.E0,0.E0,0.E0));
#5238=AXIS2_PLACEMENT_3D('',#5235,#5236,#5237);
#5239=PLANE('',#5238);
#5240=ORIENTED_EDGE('',*,*,#5050,.F.);
#5242=ORIENTED_EDGE('',*,*,#5241,.T.);
#5244=ORIENTED_EDGE('',*,*,#5243,.T.);
#5245=ORIENTED_EDGE('',*,*,#5189,.F.);
#5246=EDGE_LOOP('',(#5240,#5242,#5244,#5245));
#5247=FACE_OUTER_BOUND('',#5246,.F.);
#5249=ORIENTED_EDGE('',*,*,#5248,.T.);
#5251=ORIENTED_EDGE('',*,*,#5250,.T.);
#5253=ORIENTED_EDGE('',*,*,#5252,.F.);
#5255=ORIENTED_EDGE('',*,*,#5254,.F.);
#5256=EDGE_LOOP('',(#5249,#5251,#5253,#5255));
#5257=FACE_BOUND('',#5256,.F.);
#5259=ORIENTED_EDGE('',*,*,#5258,.T.);
#5261=ORIENTED_EDGE('',*,*,#5260,.T.);
#5263=ORIENTED_EDGE('',*,*,#5262,.F.);
#5265=ORIENTED_EDGE('',*,*,#5264,.F.);
#5266=EDGE_LOOP('',(#5259,#5261,#5263,#5265));
#5267=FACE_BOUND('',#5266,.F.);
#5269=CARTESIAN_POINT('',(1.5E0,0.E0,1.5E0));
#5270=DIRECTION('',(1.E0,0.E0,0.E0));
#5271=DIRECTION('',(0.E0,0.E0,-1.E0));
#5272=AXIS2_PLACEMENT_3D('',#5269,#5270,#5271);
#5273=PLANE('',#5272);
#5275=ORIENTED_EDGE('',*,*,#5274,.F.);
#5277=ORIENTED_EDGE('',*,*,#5276,.F.);
#5278=ORIENTED_EDGE('',*,*,#5036,.F.);
#5280=ORIENTED_EDGE('',*,*,#5279,.T.);
#5282=ORIENTED_EDGE('',*,*,#5281,.F.);
#5284=ORIENTED_EDGE('',*,*,#5283,.F.);
#5285=ORIENTED_EDGE('',*,*,#5024,.F.);
#5287=ORIENTED_EDGE('',*,*,#5286,.T.);
#5289=ORIENTED_EDGE('',*,*,#5288,.T.);
#5290=ORIENTED_EDGE('',*,*,#5241,.F.);
#5291=ORIENTED_EDGE('',*,*,#5048,.F.);
#5293=ORIENTED_EDGE('',*,*,#5292,.T.);
#5295=ORIENTED_EDGE('',*,*,#5294,.F.);
#5297=ORIENTED_EDGE('',*,*,#5296,.F.);
#5298=ORIENTED_EDGE('',*,*,#5088,.F.);
#5300=ORIENTED_EDGE('',*,*,#5299,.T.);
#5302=ORIENTED_EDGE('',*,*,#5301,.F.);
#5304=ORIENTED_EDGE('',*,*,#5303,.F.);
#5305=ORIENTED_EDGE('',*,*,#5104,.F.);
#5307=ORIENTED_EDGE('',*,*,#5306,.T.);
#5308=EDGE_LOOP('',(#5275,#5277,#5278,#5280,#5282,#5284,#5285,#5287,#5289,#5290,
#5291,#5293,#5295,#5297,#5298,#5300,#5302,#5304,#5305,#5307));
#5309=FACE_OUTER_BOUND('',#5308,.F.);
#5311=CARTESIAN_POINT('',(0.E0,1.75E-1,0.E0));
#5312=DIRECTION('',(0.E0,-1.E0,0.E0));
#5313=DIRECTION('',(-1.E0,0.E0,0.E0));
#5314=AXIS2_PLACEMENT_3D('',#5311,#5312,#5313);
#5315=PLANE('',#5314);
#5316=ORIENTED_EDGE('',*,*,#5274,.T.);
#5318=ORIENTED_EDGE('',*,*,#5317,.F.);
#5320=ORIENTED_EDGE('',*,*,#5319,.T.);
#5322=ORIENTED_EDGE('',*,*,#5321,.F.);
#5323=ORIENTED_EDGE('',*,*,#5301,.T.);
#5325=ORIENTED_EDGE('',*,*,#5324,.F.);
#5327=ORIENTED_EDGE('',*,*,#5326,.T.);
#5329=ORIENTED_EDGE('',*,*,#5328,.F.);
#5330=ORIENTED_EDGE('',*,*,#5294,.T.);
#5332=ORIENTED_EDGE('',*,*,#5331,.F.);
#5334=ORIENTED_EDGE('',*,*,#5333,.F.);
#5336=ORIENTED_EDGE('',*,*,#5335,.F.);
#5338=ORIENTED_EDGE('',*,*,#5337,.F.);
#5340=ORIENTED_EDGE('',*,*,#5339,.F.);
#5341=EDGE_LOOP('',(#5316,#5318,#5320,#5322,#5323,#5325,#5327,#5329,#5330,#5332,
#5334,#5336,#5338,#5340));
#5342=FACE_OUTER_BOUND('',#5341,.F.);
#5344=CARTESIAN_POINT('',(1.249E0,-2.5E-2,1.75E-1));
#5345=DIRECTION('',(0.E0,0.E0,1.E0));
#5346=DIRECTION('',(1.E0,0.E0,0.E0));
#5347=AXIS2_PLACEMENT_3D('',#5344,#5345,#5346);
#5348=PLANE('',#5347);
#5349=ORIENTED_EDGE('',*,*,#5102,.T.);
#5351=ORIENTED_EDGE('',*,*,#5350,.T.);
#5352=ORIENTED_EDGE('',*,*,#5317,.T.);
#5353=ORIENTED_EDGE('',*,*,#5306,.F.);
#5354=EDGE_LOOP('',(#5349,#5351,#5352,#5353));
#5355=FACE_OUTER_BOUND('',#5354,.F.);
#5357=CARTESIAN_POINT('',(1.3E0,-2.5E-2,3.26E-1));
#5358=DIRECTION('',(1.E0,0.E0,0.E0));
#5359=DIRECTION('',(0.E0,0.E0,-1.E0));
#5360=AXIS2_PLACEMENT_3D('',#5357,#5358,#5359);
#5361=PLANE('',#5360);
#5362=ORIENTED_EDGE('',*,*,#5100,.T.);
#5364=ORIENTED_EDGE('',*,*,#5363,.T.);
#5365=ORIENTED_EDGE('',*,*,#5319,.F.);
#5366=ORIENTED_EDGE('',*,*,#5350,.F.);
#5367=EDGE_LOOP('',(#5362,#5364,#5365,#5366));
#5368=FACE_OUTER_BOUND('',#5367,.F.);
#5370=CARTESIAN_POINT('',(1.3E0,-2.5E-2,3.26E-1));
#5371=DIRECTION('',(1.E0,0.E0,0.E0));
#5372=DIRECTION('',(0.E0,0.E0,-1.E0));
#5373=AXIS2_PLACEMENT_3D('',#5370,#5371,#5372);
#5374=PLANE('',#5373);
#5375=ORIENTED_EDGE('',*,*,#5084,.T.);
#5377=ORIENTED_EDGE('',*,*,#5376,.T.);
#5378=ORIENTED_EDGE('',*,*,#5326,.F.);
#5380=ORIENTED_EDGE('',*,*,#5379,.F.);
#5381=EDGE_LOOP('',(#5375,#5377,#5378,#5380));
#5382=FACE_OUTER_BOUND('',#5381,.F.);
#5384=CARTESIAN_POINT('',(1.6E0,-2.5E-2,-1.75E-1));
#5385=DIRECTION('',(0.E0,0.E0,-1.E0));
#5386=DIRECTION('',(-1.E0,0.E0,0.E0));
#5387=AXIS2_PLACEMENT_3D('',#5384,#5385,#5386);
#5388=PLANE('',#5387);
#5389=ORIENTED_EDGE('',*,*,#5098,.F.);
#5390=ORIENTED_EDGE('',*,*,#5303,.T.);
#5391=ORIENTED_EDGE('',*,*,#5321,.T.);
#5392=ORIENTED_EDGE('',*,*,#5363,.F.);
#5393=EDGE_LOOP('',(#5389,#5390,#5391,#5392));
#5394=FACE_OUTER_BOUND('',#5393,.F.);
#5396=CARTESIAN_POINT('',(1.6E0,-2.5E-2,-8.25E-1));
#5397=DIRECTION('',(0.E0,0.E0,-1.E0));
#5398=DIRECTION('',(-1.E0,0.E0,0.E0));
#5399=AXIS2_PLACEMENT_3D('',#5396,#5397,#5398);
#5400=PLANE('',#5399);
#5401=ORIENTED_EDGE('',*,*,#5082,.F.);
#5402=ORIENTED_EDGE('',*,*,#5296,.T.);
#5403=ORIENTED_EDGE('',*,*,#5328,.T.);
#5404=ORIENTED_EDGE('',*,*,#5376,.F.);
#5405=EDGE_LOOP('',(#5401,#5402,#5403,#5404));
#5406=FACE_OUTER_BOUND('',#5405,.F.);
#5408=CARTESIAN_POINT('',(1.249E0,-2.5E-2,-4.75E-1));
#5409=DIRECTION('',(0.E0,0.E0,1.E0));
#5410=DIRECTION('',(1.E0,0.E0,0.E0));
#5411=AXIS2_PLACEMENT_3D('',#5408,#5409,#5410);
#5412=PLANE('',#5411);
#5413=ORIENTED_EDGE('',*,*,#5086,.T.);
#5414=ORIENTED_EDGE('',*,*,#5379,.T.);
#5415=ORIENTED_EDGE('',*,*,#5324,.T.);
#5416=ORIENTED_EDGE('',*,*,#5299,.F.);
#5417=EDGE_LOOP('',(#5413,#5414,#5415,#5416));
#5418=FACE_OUTER_BOUND('',#5417,.F.);
#5420=CARTESIAN_POINT('',(1.249E0,-2.5E-2,-1.125E0));
#5421=DIRECTION('',(0.E0,0.E0,1.E0));
#5422=DIRECTION('',(1.E0,0.E0,0.E0));
#5423=AXIS2_PLACEMENT_3D('',#5420,#5421,#5422);
#5424=PLANE('',#5423);
#5425=ORIENTED_EDGE('',*,*,#5046,.T.);
#5427=ORIENTED_EDGE('',*,*,#5426,.T.);
#5428=ORIENTED_EDGE('',*,*,#5331,.T.);
#5429=ORIENTED_EDGE('',*,*,#5292,.F.);
#5430=EDGE_LOOP('',(#5425,#5427,#5428,#5429));
#5431=FACE_OUTER_BOUND('',#5430,.F.);
#5433=CARTESIAN_POINT('',(1.249E0,-2.5E-2,-9.76E-1));
#5434=DIRECTION('',(0.E0,-1.E0,0.E0));
#5435=DIRECTION('',(-1.E0,0.E0,0.E0));
#5436=AXIS2_PLACEMENT_3D('',#5433,#5434,#5435);
#5437=CYLINDRICAL_SURFACE('',#5436,1.49E-1);
#5438=ORIENTED_EDGE('',*,*,#5044,.F.);
#5440=ORIENTED_EDGE('',*,*,#5439,.T.);
#5441=ORIENTED_EDGE('',*,*,#5333,.T.);
#5442=ORIENTED_EDGE('',*,*,#5426,.F.);
#5443=EDGE_LOOP('',(#5438,#5440,#5441,#5442));
#5444=FACE_OUTER_BOUND('',#5443,.F.);
#5446=CARTESIAN_POINT('',(1.1E0,-2.5E-2,-9.74E-1));
#5447=DIRECTION('',(1.E0,0.E0,0.E0));
#5448=DIRECTION('',(0.E0,0.E0,-1.E0));
#5449=AXIS2_PLACEMENT_3D('',#5446,#5447,#5448);
#5450=PLANE('',#5449);
#5451=ORIENTED_EDGE('',*,*,#5042,.F.);
#5453=ORIENTED_EDGE('',*,*,#5452,.T.);
#5454=ORIENTED_EDGE('',*,*,#5335,.T.);
#5455=ORIENTED_EDGE('',*,*,#5439,.F.);
#5456=EDGE_LOOP('',(#5451,#5453,#5454,#5455));
#5457=FACE_OUTER_BOUND('',#5456,.F.);
#5459=CARTESIAN_POINT('',(1.249E0,-2.5E-2,3.26E-1));
#5460=DIRECTION('',(0.E0,-1.E0,0.E0));
#5461=DIRECTION('',(-1.E0,0.E0,0.E0));
#5462=AXIS2_PLACEMENT_3D('',#5459,#5460,#5461);
#5463=CYLINDRICAL_SURFACE('',#5462,1.49E-1);
#5464=ORIENTED_EDGE('',*,*,#5040,.F.);
#5466=ORIENTED_EDGE('',*,*,#5465,.T.);
#5467=ORIENTED_EDGE('',*,*,#5337,.T.);
#5468=ORIENTED_EDGE('',*,*,#5452,.F.);
#5469=EDGE_LOOP('',(#5464,#5466,#5467,#5468));
#5470=FACE_OUTER_BOUND('',#5469,.F.);
#5472=CARTESIAN_POINT('',(1.6E0,-2.5E-2,4.75E-1));
#5473=DIRECTION('',(0.E0,0.E0,-1.E0));
#5474=DIRECTION('',(-1.E0,0.E0,0.E0));
#5475=AXIS2_PLACEMENT_3D('',#5472,#5473,#5474);
#5476=PLANE('',#5475);
#5477=ORIENTED_EDGE('',*,*,#5038,.F.);
#5478=ORIENTED_EDGE('',*,*,#5276,.T.);
#5479=ORIENTED_EDGE('',*,*,#5339,.T.);
#5480=ORIENTED_EDGE('',*,*,#5465,.F.);
#5481=EDGE_LOOP('',(#5477,#5478,#5479,#5480));
#5482=FACE_OUTER_BOUND('',#5481,.F.);
#5484=CARTESIAN_POINT('',(1.249E0,-2.5E-2,8.25E-1));
#5485=DIRECTION('',(0.E0,0.E0,1.E0));
#5486=DIRECTION('',(1.E0,0.E0,0.E0));
#5487=AXIS2_PLACEMENT_3D('',#5484,#5485,#5486);
#5488=PLANE('',#5487);
#5489=ORIENTED_EDGE('',*,*,#5034,.T.);
#5491=ORIENTED_EDGE('',*,*,#5490,.T.);
#5493=ORIENTED_EDGE('',*,*,#5492,.T.);
#5494=ORIENTED_EDGE('',*,*,#5279,.F.);
#5495=EDGE_LOOP('',(#5489,#5491,#5493,#5494));
#5496=FACE_OUTER_BOUND('',#5495,.F.);
#5498=CARTESIAN_POINT('',(1.249E0,-2.5E-2,9.74E-1));
#5499=DIRECTION('',(0.E0,-1.E0,0.E0));
#5500=DIRECTION('',(-1.E0,0.E0,0.E0));
#5501=AXIS2_PLACEMENT_3D('',#5498,#5499,#5500);
#5502=CYLINDRICAL_SURFACE('',#5501,1.49E-1);
#5503=ORIENTED_EDGE('',*,*,#5032,.F.);
#5505=ORIENTED_EDGE('',*,*,#5504,.T.);
#5507=ORIENTED_EDGE('',*,*,#5506,.T.);
#5508=ORIENTED_EDGE('',*,*,#5490,.F.);
#5509=EDGE_LOOP('',(#5503,#5505,#5507,#5508));
#5510=FACE_OUTER_BOUND('',#5509,.F.);
#5512=CARTESIAN_POINT('',(1.1E0,-2.5E-2,9.76E-1));
#5513=DIRECTION('',(1.E0,0.E0,0.E0));
#5514=DIRECTION('',(0.E0,0.E0,-1.E0));
#5515=AXIS2_PLACEMENT_3D('',#5512,#5513,#5514);
#5516=PLANE('',#5515);
#5517=ORIENTED_EDGE('',*,*,#5030,.F.);
#5519=ORIENTED_EDGE('',*,*,#5518,.T.);
#5521=ORIENTED_EDGE('',*,*,#5520,.T.);
#5522=ORIENTED_EDGE('',*,*,#5504,.F.);
#5523=EDGE_LOOP('',(#5517,#5519,#5521,#5522));
#5524=FACE_OUTER_BOUND('',#5523,.F.);
#5526=CARTESIAN_POINT('',(1.249E0,-2.5E-2,9.76E-1));
#5527=DIRECTION('',(0.E0,-1.E0,0.E0));
#5528=DIRECTION('',(-1.E0,0.E0,0.E0));
#5529=AXIS2_PLACEMENT_3D('',#5526,#5527,#5528);
#5530=CYLINDRICAL_SURFACE('',#5529,1.49E-1);
#5531=ORIENTED_EDGE('',*,*,#5028,.F.);
#5533=ORIENTED_EDGE('',*,*,#5532,.T.);
#5535=ORIENTED_EDGE('',*,*,#5534,.T.);
#5536=ORIENTED_EDGE('',*,*,#5518,.F.);
#5537=EDGE_LOOP('',(#5531,#5533,#5535,#5536));
#5538=FACE_OUTER_BOUND('',#5537,.F.);
#5540=CARTESIAN_POINT('',(1.6E0,-2.5E-2,1.125E0));
#5541=DIRECTION('',(0.E0,0.E0,-1.E0));
#5542=DIRECTION('',(-1.E0,0.E0,0.E0));
#5543=AXIS2_PLACEMENT_3D('',#5540,#5541,#5542);
#5544=PLANE('',#5543);
#5545=ORIENTED_EDGE('',*,*,#5026,.F.);
#5546=ORIENTED_EDGE('',*,*,#5283,.T.);
#5548=ORIENTED_EDGE('',*,*,#5547,.T.);
#5549=ORIENTED_EDGE('',*,*,#5532,.F.);
#5550=EDGE_LOOP('',(#5545,#5546,#5548,#5549));
#5551=FACE_OUTER_BOUND('',#5550,.F.);
#5553=CARTESIAN_POINT('',(0.E0,1.75E-1,0.E0));
#5554=DIRECTION('',(0.E0,-1.E0,0.E0));
#5555=DIRECTION('',(-1.E0,0.E0,0.E0));
#5556=AXIS2_PLACEMENT_3D('',#5553,#5554,#5555);
#5557=PLANE('',#5556);
#5558=ORIENTED_EDGE('',*,*,#5281,.T.);
#5559=ORIENTED_EDGE('',*,*,#5492,.F.);
#5560=ORIENTED_EDGE('',*,*,#5506,.F.);
#5561=ORIENTED_EDGE('',*,*,#5520,.F.);
#5562=ORIENTED_EDGE('',*,*,#5534,.F.);
#5563=ORIENTED_EDGE('',*,*,#5547,.F.);
#5564=EDGE_LOOP('',(#5558,#5559,#5560,#5561,#5562,#5563));
#5565=FACE_OUTER_BOUND('',#5564,.F.);
#5567=CARTESIAN_POINT('',(-1.5E0,0.E0,1.5E0));
#5568=DIRECTION('',(0.E0,0.E0,1.E0));
#5569=DIRECTION('',(1.E0,0.E0,0.E0));
#5570=AXIS2_PLACEMENT_3D('',#5567,#5568,#5569);
#5571=PLANE('',#5570);
#5572=ORIENTED_EDGE('',*,*,#5022,.F.);
#5573=ORIENTED_EDGE('',*,*,#5193,.T.);
#5575=ORIENTED_EDGE('',*,*,#5574,.T.);
#5576=ORIENTED_EDGE('',*,*,#5286,.F.);
#5577=EDGE_LOOP('',(#5572,#5573,#5575,#5576));
#5578=FACE_OUTER_BOUND('',#5577,.F.);
#5580=ORIENTED_EDGE('',*,*,#5579,.T.);
#5582=ORIENTED_EDGE('',*,*,#5581,.T.);
#5584=ORIENTED_EDGE('',*,*,#5583,.F.);
#5586=ORIENTED_EDGE('',*,*,#5585,.F.);
#5587=EDGE_LOOP('',(#5580,#5582,#5584,#5586));
#5588=FACE_BOUND('',#5587,.F.);
#5590=ORIENTED_EDGE('',*,*,#5589,.T.);
#5592=ORIENTED_EDGE('',*,*,#5591,.T.);
#5594=ORIENTED_EDGE('',*,*,#5593,.F.);
#5596=ORIENTED_EDGE('',*,*,#5595,.F.);
#5597=EDGE_LOOP('',(#5590,#5592,#5594,#5596));
#5598=FACE_BOUND('',#5597,.F.);
#5600=CARTESIAN_POINT('',(0.E0,7.75E-1,0.E0));
#5601=DIRECTION('',(0.E0,1.E0,0.E0));
#5602=DIRECTION('',(1.E0,0.E0,0.E0));
#5603=AXIS2_PLACEMENT_3D('',#5600,#5601,#5602);
#5604=PLANE('',#5603);
#5605=ORIENTED_EDGE('',*,*,#5191,.F.);
#5606=ORIENTED_EDGE('',*,*,#5243,.F.);
#5607=ORIENTED_EDGE('',*,*,#5288,.F.);
#5608=ORIENTED_EDGE('',*,*,#5574,.F.);
#5609=EDGE_LOOP('',(#5605,#5606,#5607,#5608));
#5610=FACE_OUTER_BOUND('',#5609,.F.);
#5612=CARTESIAN_POINT('',(0.E0,7.5E-2,0.E0));
#5613=DIRECTION('',(0.E0,1.E0,0.E0));
#5614=DIRECTION('',(1.E0,0.E0,0.E0));
#5615=AXIS2_PLACEMENT_3D('',#5612,#5613,#5614);
#5616=PLANE('',#5615);
#5617=ORIENTED_EDGE('',*,*,#5579,.F.);
#5619=ORIENTED_EDGE('',*,*,#5618,.F.);
#5621=ORIENTED_EDGE('',*,*,#5620,.F.);
#5623=ORIENTED_EDGE('',*,*,#5622,.F.);
#5624=EDGE_LOOP('',(#5617,#5619,#5621,#5623));
#5625=FACE_OUTER_BOUND('',#5624,.F.);
#5627=CARTESIAN_POINT('',(0.E0,7.5E-2,0.E0));
#5628=DIRECTION('',(0.E0,1.E0,0.E0));
#5629=DIRECTION('',(1.E0,0.E0,0.E0));
#5630=AXIS2_PLACEMENT_3D('',#5627,#5628,#5629);
#5631=PLANE('',#5630);
#5632=ORIENTED_EDGE('',*,*,#5589,.F.);
#5634=ORIENTED_EDGE('',*,*,#5633,.F.);
#5636=ORIENTED_EDGE('',*,*,#5635,.F.);
#5638=ORIENTED_EDGE('',*,*,#5637,.F.);
#5639=EDGE_LOOP('',(#5632,#5634,#5636,#5638));
#5640=FACE_OUTER_BOUND('',#5639,.F.);
#5642=CARTESIAN_POINT('',(0.E0,7.5E-2,0.E0));
#5643=DIRECTION('',(0.E0,1.E0,0.E0));
#5644=DIRECTION('',(1.E0,0.E0,0.E0));
#5645=AXIS2_PLACEMENT_3D('',#5642,#5643,#5644);
#5646=PLANE('',#5645);
#5647=ORIENTED_EDGE('',*,*,#5248,.F.);
#5649=ORIENTED_EDGE('',*,*,#5648,.F.);
#5651=ORIENTED_EDGE('',*,*,#5650,.F.);
#5653=ORIENTED_EDGE('',*,*,#5652,.F.);
#5654=EDGE_LOOP('',(#5647,#5649,#5651,#5653));
#5655=FACE_OUTER_BOUND('',#5654,.F.);
#5657=CARTESIAN_POINT('',(0.E0,7.5E-2,0.E0));
#5658=DIRECTION('',(0.E0,1.E0,0.E0));
#5659=DIRECTION('',(1.E0,0.E0,0.E0));
#5660=AXIS2_PLACEMENT_3D('',#5657,#5658,#5659);
#5661=PLANE('',#5660);
#5662=ORIENTED_EDGE('',*,*,#5258,.F.);
#5664=ORIENTED_EDGE('',*,*,#5663,.F.);
#5666=ORIENTED_EDGE('',*,*,#5665,.F.);
#5668=ORIENTED_EDGE('',*,*,#5667,.F.);
#5669=EDGE_LOOP('',(#5662,#5664,#5666,#5668));
#5670=FACE_OUTER_BOUND('',#5669,.F.);
#5672=CARTESIAN_POINT('',(-9.5E-1,7.5E-2,1.4E0));
#5673=DIRECTION('',(-1.E0,0.E0,0.E0));
#5674=DIRECTION('',(0.E0,0.E0,1.E0));
#5675=AXIS2_PLACEMENT_3D('',#5672,#5673,#5674);
#5676=PLANE('',#5675);
#5677=ORIENTED_EDGE('',*,*,#5585,.T.);
#5679=ORIENTED_EDGE('',*,*,#5678,.F.);
#5681=ORIENTED_EDGE('',*,*,#5680,.F.);
#5682=ORIENTED_EDGE('',*,*,#5618,.T.);
#5683=EDGE_LOOP('',(#5677,#5679,#5681,#5682));
#5684=FACE_OUTER_BOUND('',#5683,.F.);
#5686=CARTESIAN_POINT('',(0.E0,1.75E-1,0.E0));
#5687=DIRECTION('',(0.E0,1.E0,0.E0));
#5688=DIRECTION('',(1.E0,0.E0,0.E0));
#5689=AXIS2_PLACEMENT_3D('',#5686,#5687,#5688);
#5690=PLANE('',#5689);
#5691=ORIENTED_EDGE('',*,*,#5583,.T.);
#5693=ORIENTED_EDGE('',*,*,#5692,.T.);
#5695=ORIENTED_EDGE('',*,*,#5694,.T.);
#5696=ORIENTED_EDGE('',*,*,#5678,.T.);
#5697=EDGE_LOOP('',(#5691,#5693,#5695,#5696));
#5698=FACE_OUTER_BOUND('',#5697,.F.);
#5700=CARTESIAN_POINT('',(0.E0,1.75E-1,0.E0));
#5701=DIRECTION('',(0.E0,1.E0,0.E0));
#5702=DIRECTION('',(1.E0,0.E0,0.E0));
#5703=AXIS2_PLACEMENT_3D('',#5700,#5701,#5702);
#5704=PLANE('',#5703);
#5705=ORIENTED_EDGE('',*,*,#5593,.T.);
#5707=ORIENTED_EDGE('',*,*,#5706,.T.);
#5709=ORIENTED_EDGE('',*,*,#5708,.T.);
#5711=ORIENTED_EDGE('',*,*,#5710,.T.);
#5712=EDGE_LOOP('',(#5705,#5707,#5709,#5711));
#5713=FACE_OUTER_BOUND('',#5712,.F.);
#5715=CARTESIAN_POINT('',(0.E0,1.75E-1,0.E0));
#5716=DIRECTION('',(0.E0,1.E0,0.E0));
#5717=DIRECTION('',(1.E0,0.E0,0.E0));
#5718=AXIS2_PLACEMENT_3D('',#5715,#5716,#5717);
#5719=PLANE('',#5718);
#5720=ORIENTED_EDGE('',*,*,#5252,.T.);
#5722=ORIENTED_EDGE('',*,*,#5721,.T.);
#5724=ORIENTED_EDGE('',*,*,#5723,.T.);
#5726=ORIENTED_EDGE('',*,*,#5725,.T.);
#5727=EDGE_LOOP('',(#5720,#5722,#5724,#5726));
#5728=FACE_OUTER_BOUND('',#5727,.F.);
#5730=CARTESIAN_POINT('',(0.E0,1.75E-1,0.E0));
#5731=DIRECTION('',(0.E0,1.E0,0.E0));
#5732=DIRECTION('',(1.E0,0.E0,0.E0));
#5733=AXIS2_PLACEMENT_3D('',#5730,#5731,#5732);
#5734=PLANE('',#5733);
#5735=ORIENTED_EDGE('',*,*,#5262,.T.);
#5737=ORIENTED_EDGE('',*,*,#5736,.T.);
#5739=ORIENTED_EDGE('',*,*,#5738,.T.);
#5741=ORIENTED_EDGE('',*,*,#5740,.T.);
#5742=EDGE_LOOP('',(#5735,#5737,#5739,#5741));
#5743=FACE_OUTER_BOUND('',#5742,.F.);
#5745=CARTESIAN_POINT('',(-7.5E-1,7.5E-2,1.6E0));
#5746=DIRECTION('',(1.E0,0.E0,0.E0));
#5747=DIRECTION('',(0.E0,0.E0,-1.E0));
#5748=AXIS2_PLACEMENT_3D('',#5745,#5746,#5747);
#5749=PLANE('',#5748);
#5750=ORIENTED_EDGE('',*,*,#5581,.F.);
#5751=ORIENTED_EDGE('',*,*,#5622,.T.);
#5753=ORIENTED_EDGE('',*,*,#5752,.T.);
#5754=ORIENTED_EDGE('',*,*,#5692,.F.);
#5755=EDGE_LOOP('',(#5750,#5751,#5753,#5754));
#5756=FACE_OUTER_BOUND('',#5755,.F.);
#5758=CARTESIAN_POINT('',(-7.5E-1,7.5E-2,1.4E0));
#5759=DIRECTION('',(0.E0,0.E0,-1.E0));
#5760=DIRECTION('',(-1.E0,0.E0,0.E0));
#5761=AXIS2_PLACEMENT_3D('',#5758,#5759,#5760);
#5762=PLANE('',#5761);
#5763=ORIENTED_EDGE('',*,*,#5620,.T.);
#5764=ORIENTED_EDGE('',*,*,#5680,.T.);
#5765=ORIENTED_EDGE('',*,*,#5694,.F.);
#5766=ORIENTED_EDGE('',*,*,#5752,.F.);
#5767=EDGE_LOOP('',(#5763,#5764,#5765,#5766));
#5768=FACE_OUTER_BOUND('',#5767,.F.);
#5770=CARTESIAN_POINT('',(9.5E-1,7.5E-2,1.6E0));
#5771=DIRECTION('',(1.E0,0.E0,0.E0));
#5772=DIRECTION('',(0.E0,0.E0,-1.E0));
#5773=AXIS2_PLACEMENT_3D('',#5770,#5771,#5772);
#5774=PLANE('',#5773);
#5775=ORIENTED_EDGE('',*,*,#5591,.F.);
#5776=ORIENTED_EDGE('',*,*,#5637,.T.);
#5778=ORIENTED_EDGE('',*,*,#5777,.T.);
#5779=ORIENTED_EDGE('',*,*,#5706,.F.);
#5780=EDGE_LOOP('',(#5775,#5776,#5778,#5779));
#5781=FACE_OUTER_BOUND('',#5780,.F.);
#5783=CARTESIAN_POINT('',(9.5E-1,7.5E-2,1.4E0));
#5784=DIRECTION('',(0.E0,0.E0,-1.E0));
#5785=DIRECTION('',(-1.E0,0.E0,0.E0));
#5786=AXIS2_PLACEMENT_3D('',#5783,#5784,#5785);
#5787=PLANE('',#5786);
#5788=ORIENTED_EDGE('',*,*,#5635,.T.);
#5790=ORIENTED_EDGE('',*,*,#5789,.T.);
#5791=ORIENTED_EDGE('',*,*,#5708,.F.);
#5792=ORIENTED_EDGE('',*,*,#5777,.F.);
#5793=EDGE_LOOP('',(#5788,#5790,#5791,#5792));
#5794=FACE_OUTER_BOUND('',#5793,.F.);
#5796=CARTESIAN_POINT('',(7.5E-1,7.5E-2,1.4E0));
#5797=DIRECTION('',(-1.E0,0.E0,0.E0));
#5798=DIRECTION('',(0.E0,0.E0,1.E0));
#5799=AXIS2_PLACEMENT_3D('',#5796,#5797,#5798);
#5800=PLANE('',#5799);
#5801=ORIENTED_EDGE('',*,*,#5595,.T.);
#5802=ORIENTED_EDGE('',*,*,#5710,.F.);
#5803=ORIENTED_EDGE('',*,*,#5789,.F.);
#5804=ORIENTED_EDGE('',*,*,#5633,.T.);
#5805=EDGE_LOOP('',(#5801,#5802,#5803,#5804));
#5806=FACE_OUTER_BOUND('',#5805,.F.);
#5808=CARTESIAN_POINT('',(-9.5E-1,7.5E-2,-1.6E0));
#5809=DIRECTION('',(-1.E0,0.E0,0.E0));
#5810=DIRECTION('',(0.E0,0.E0,1.E0));
#5811=AXIS2_PLACEMENT_3D('',#5808,#5809,#5810);
#5812=PLANE('',#5811);
#5813=ORIENTED_EDGE('',*,*,#5250,.F.);
#5814=ORIENTED_EDGE('',*,*,#5652,.T.);
#5816=ORIENTED_EDGE('',*,*,#5815,.T.);
#5817=ORIENTED_EDGE('',*,*,#5721,.F.);
#5818=EDGE_LOOP('',(#5813,#5814,#5816,#5817));
#5819=FACE_OUTER_BOUND('',#5818,.F.);
#5821=CARTESIAN_POINT('',(-9.5E-1,7.5E-2,-1.4E0));
#5822=DIRECTION('',(0.E0,0.E0,1.E0));
#5823=DIRECTION('',(1.E0,0.E0,0.E0));
#5824=AXIS2_PLACEMENT_3D('',#5821,#5822,#5823);
#5825=PLANE('',#5824);
#5826=ORIENTED_EDGE('',*,*,#5650,.T.);
#5828=ORIENTED_EDGE('',*,*,#5827,.T.);
#5829=ORIENTED_EDGE('',*,*,#5723,.F.);
#5830=ORIENTED_EDGE('',*,*,#5815,.F.);
#5831=EDGE_LOOP('',(#5826,#5828,#5829,#5830));
#5832=FACE_OUTER_BOUND('',#5831,.F.);
#5834=CARTESIAN_POINT('',(-7.5E-1,7.5E-2,-1.4E0));
#5835=DIRECTION('',(1.E0,0.E0,0.E0));
#5836=DIRECTION('',(0.E0,0.E0,-1.E0));
#5837=AXIS2_PLACEMENT_3D('',#5834,#5835,#5836);
#5838=PLANE('',#5837);
#5839=ORIENTED_EDGE('',*,*,#5254,.T.);
#5840=ORIENTED_EDGE('',*,*,#5725,.F.);
#5841=ORIENTED_EDGE('',*,*,#5827,.F.);
#5842=ORIENTED_EDGE('',*,*,#5648,.T.);
#5843=EDGE_LOOP('',(#5839,#5840,#5841,#5842));
#5844=FACE_OUTER_BOUND('',#5843,.F.);
#5846=CARTESIAN_POINT('',(7.5E-1,7.5E-2,-1.6E0));
#5847=DIRECTION('',(-1.E0,0.E0,0.E0));
#5848=DIRECTION('',(0.E0,0.E0,1.E0));
#5849=AXIS2_PLACEMENT_3D('',#5846,#5847,#5848);
#5850=PLANE('',#5849);
#5851=ORIENTED_EDGE('',*,*,#5260,.F.);
#5852=ORIENTED_EDGE('',*,*,#5667,.T.);
#5854=ORIENTED_EDGE('',*,*,#5853,.T.);
#5855=ORIENTED_EDGE('',*,*,#5736,.F.);
#5856=EDGE_LOOP('',(#5851,#5852,#5854,#5855));
#5857=FACE_OUTER_BOUND('',#5856,.F.);
#5859=CARTESIAN_POINT('',(7.5E-1,7.5E-2,-1.4E0));
#5860=DIRECTION('',(0.E0,0.E0,1.E0));
#5861=DIRECTION('',(1.E0,0.E0,0.E0));
#5862=AXIS2_PLACEMENT_3D('',#5859,#5860,#5861);
#5863=PLANE('',#5862);
#5864=ORIENTED_EDGE('',*,*,#5665,.T.);
#5866=ORIENTED_EDGE('',*,*,#5865,.T.);
#5867=ORIENTED_EDGE('',*,*,#5738,.F.);
#5868=ORIENTED_EDGE('',*,*,#5853,.F.);
#5869=EDGE_LOOP('',(#5864,#5866,#5867,#5868));
#5870=FACE_OUTER_BOUND('',#5869,.F.);
#5872=CARTESIAN_POINT('',(9.5E-1,7.5E-2,-1.4E0));
#5873=DIRECTION('',(1.E0,0.E0,0.E0));
#5874=DIRECTION('',(0.E0,0.E0,-1.E0));
#5875=AXIS2_PLACEMENT_3D('',#5872,#5873,#5874);
#5876=PLANE('',#5875);
#5877=ORIENTED_EDGE('',*,*,#5264,.T.);
#5878=ORIENTED_EDGE('',*,*,#5740,.F.);
#5879=ORIENTED_EDGE('',*,*,#5865,.F.);
#5880=ORIENTED_EDGE('',*,*,#5663,.T.);
#5881=EDGE_LOOP('',(#5877,#5878,#5879,#5880));
#5882=FACE_OUTER_BOUND('',#5881,.F.);
#5884=CARTESIAN_POINT('',(-1.6E0,-2.5E-2,1.125E0));
#5885=DIRECTION('',(0.E0,0.E0,1.E0));
#5886=DIRECTION('',(1.E0,0.E0,0.E0));
#5887=AXIS2_PLACEMENT_3D('',#5884,#5885,#5886);
#5888=PLANE('',#5887);
#5889=ORIENTED_EDGE('',*,*,#5018,.T.);
#5891=ORIENTED_EDGE('',*,*,#5890,.T.);
#5893=ORIENTED_EDGE('',*,*,#5892,.F.);
#5894=ORIENTED_EDGE('',*,*,#5196,.F.);
#5895=EDGE_LOOP('',(#5889,#5891,#5893,#5894));
#5896=FACE_OUTER_BOUND('',#5895,.F.);
#5898=CARTESIAN_POINT('',(-1.249E0,-2.5E-2,9.76E-1));
#5899=DIRECTION('',(0.E0,1.E0,0.E0));
#5900=DIRECTION('',(1.E0,0.E0,0.E0));
#5901=AXIS2_PLACEMENT_3D('',#5898,#5899,#5900);
#5902=CYLINDRICAL_SURFACE('',#5901,1.49E-1);
#5903=ORIENTED_EDGE('',*,*,#5016,.T.);
#5905=ORIENTED_EDGE('',*,*,#5904,.T.);
#5907=ORIENTED_EDGE('',*,*,#5906,.F.);
#5908=ORIENTED_EDGE('',*,*,#5890,.F.);
#5909=EDGE_LOOP('',(#5903,#5905,#5907,#5908));
#5910=FACE_OUTER_BOUND('',#5909,.F.);
#5912=CARTESIAN_POINT('',(-1.1E0,-2.5E-2,9.76E-1));
#5913=DIRECTION('',(1.E0,0.E0,0.E0));
#5914=DIRECTION('',(0.E0,0.E0,-1.E0));
#5915=AXIS2_PLACEMENT_3D('',#5912,#5913,#5914);
#5916=PLANE('',#5915);
#5917=ORIENTED_EDGE('',*,*,#5014,.T.);
#5919=ORIENTED_EDGE('',*,*,#5918,.T.);
#5921=ORIENTED_EDGE('',*,*,#5920,.F.);
#5922=ORIENTED_EDGE('',*,*,#5904,.F.);
#5923=EDGE_LOOP('',(#5917,#5919,#5921,#5922));
#5924=FACE_OUTER_BOUND('',#5923,.F.);
#5926=CARTESIAN_POINT('',(-1.249E0,-2.5E-2,9.74E-1));
#5927=DIRECTION('',(0.E0,1.E0,0.E0));
#5928=DIRECTION('',(1.E0,0.E0,0.E0));
#5929=AXIS2_PLACEMENT_3D('',#5926,#5927,#5928);
#5930=CYLINDRICAL_SURFACE('',#5929,1.49E-1);
#5931=ORIENTED_EDGE('',*,*,#5012,.T.);
#5933=ORIENTED_EDGE('',*,*,#5932,.T.);
#5935=ORIENTED_EDGE('',*,*,#5934,.F.);
#5936=ORIENTED_EDGE('',*,*,#5918,.F.);
#5937=EDGE_LOOP('',(#5931,#5933,#5935,#5936));
#5938=FACE_OUTER_BOUND('',#5937,.F.);
#5940=CARTESIAN_POINT('',(-1.249E0,-2.5E-2,8.25E-1));
#5941=DIRECTION('',(0.E0,0.E0,-1.E0));
#5942=DIRECTION('',(-1.E0,0.E0,0.E0));
#5943=AXIS2_PLACEMENT_3D('',#5940,#5941,#5942);
#5944=PLANE('',#5943);
#5945=ORIENTED_EDGE('',*,*,#5010,.F.);
#5946=ORIENTED_EDGE('',*,*,#5200,.T.);
#5948=ORIENTED_EDGE('',*,*,#5947,.F.);
#5949=ORIENTED_EDGE('',*,*,#5932,.F.);
#5950=EDGE_LOOP('',(#5945,#5946,#5948,#5949));
#5951=FACE_OUTER_BOUND('',#5950,.F.);
#5953=CARTESIAN_POINT('',(0.E0,1.75E-1,0.E0));
#5954=DIRECTION('',(0.E0,1.E0,0.E0));
#5955=DIRECTION('',(1.E0,0.E0,0.E0));
#5956=AXIS2_PLACEMENT_3D('',#5953,#5954,#5955);
#5957=PLANE('',#5956);
#5958=ORIENTED_EDGE('',*,*,#5198,.F.);
#5959=ORIENTED_EDGE('',*,*,#5892,.T.);
#5960=ORIENTED_EDGE('',*,*,#5906,.T.);
#5961=ORIENTED_EDGE('',*,*,#5920,.T.);
#5962=ORIENTED_EDGE('',*,*,#5934,.T.);
#5963=ORIENTED_EDGE('',*,*,#5947,.T.);
#5964=EDGE_LOOP('',(#5958,#5959,#5960,#5961,#5962,#5963));
#5965=FACE_OUTER_BOUND('',#5964,.F.);
#5967=CARTESIAN_POINT('',(-1.6E0,-2.5E-2,4.75E-1));
#5968=DIRECTION('',(0.E0,0.E0,1.E0));
#5969=DIRECTION('',(1.E0,0.E0,0.E0));
#5970=AXIS2_PLACEMENT_3D('',#5967,#5968,#5969);
#5971=PLANE('',#5970);
#5972=ORIENTED_EDGE('',*,*,#5006,.T.);
#5974=ORIENTED_EDGE('',*,*,#5973,.T.);
#5976=ORIENTED_EDGE('',*,*,#5975,.F.);
#5977=ORIENTED_EDGE('',*,*,#5203,.F.);
#5978=EDGE_LOOP('',(#5972,#5974,#5976,#5977));
#5979=FACE_OUTER_BOUND('',#5978,.F.);
#5981=CARTESIAN_POINT('',(-1.249E0,-2.5E-2,3.26E-1));
#5982=DIRECTION('',(0.E0,1.E0,0.E0));
#5983=DIRECTION('',(1.E0,0.E0,0.E0));
#5984=AXIS2_PLACEMENT_3D('',#5981,#5982,#5983);
#5985=CYLINDRICAL_SURFACE('',#5984,1.49E-1);
#5986=ORIENTED_EDGE('',*,*,#5004,.T.);
#5988=ORIENTED_EDGE('',*,*,#5987,.T.);
#5990=ORIENTED_EDGE('',*,*,#5989,.F.);
#5991=ORIENTED_EDGE('',*,*,#5973,.F.);
#5992=EDGE_LOOP('',(#5986,#5988,#5990,#5991));
#5993=FACE_OUTER_BOUND('',#5992,.F.);
#5995=CARTESIAN_POINT('',(-1.1E0,-2.5E-2,3.26E-1));
#5996=DIRECTION('',(1.E0,0.E0,0.E0));
#5997=DIRECTION('',(0.E0,0.E0,-1.E0));
#5998=AXIS2_PLACEMENT_3D('',#5995,#5996,#5997);
#5999=PLANE('',#5998);
#6000=ORIENTED_EDGE('',*,*,#5002,.T.);
#6002=ORIENTED_EDGE('',*,*,#6001,.T.);
#6004=ORIENTED_EDGE('',*,*,#6003,.F.);
#6005=ORIENTED_EDGE('',*,*,#5987,.F.);
#6006=EDGE_LOOP('',(#6000,#6002,#6004,#6005));
#6007=FACE_OUTER_BOUND('',#6006,.F.);
#6009=CARTESIAN_POINT('',(-1.249E0,-2.5E-2,3.24E-1));
#6010=DIRECTION('',(0.E0,1.E0,0.E0));
#6011=DIRECTION('',(1.E0,0.E0,0.E0));
#6012=AXIS2_PLACEMENT_3D('',#6009,#6010,#6011);
#6013=CYLINDRICAL_SURFACE('',#6012,1.49E-1);
#6014=ORIENTED_EDGE('',*,*,#5000,.T.);
#6016=ORIENTED_EDGE('',*,*,#6015,.T.);
#6018=ORIENTED_EDGE('',*,*,#6017,.F.);
#6019=ORIENTED_EDGE('',*,*,#6001,.F.);
#6020=EDGE_LOOP('',(#6014,#6016,#6018,#6019));
#6021=FACE_OUTER_BOUND('',#6020,.F.);
#6023=CARTESIAN_POINT('',(-1.249E0,-2.5E-2,1.75E-1));
#6024=DIRECTION('',(0.E0,0.E0,-1.E0));
#6025=DIRECTION('',(-1.E0,0.E0,0.E0));
#6026=AXIS2_PLACEMENT_3D('',#6023,#6024,#6025);
#6027=PLANE('',#6026);
#6028=ORIENTED_EDGE('',*,*,#4998,.F.);
#6029=ORIENTED_EDGE('',*,*,#5207,.T.);
#6031=ORIENTED_EDGE('',*,*,#6030,.F.);
#6032=ORIENTED_EDGE('',*,*,#6015,.F.);
#6033=EDGE_LOOP('',(#6028,#6029,#6031,#6032));
#6034=FACE_OUTER_BOUND('',#6033,.F.);
#6036=CARTESIAN_POINT('',(0.E0,1.75E-1,0.E0));
#6037=DIRECTION('',(0.E0,1.E0,0.E0));
#6038=DIRECTION('',(1.E0,0.E0,0.E0));
#6039=AXIS2_PLACEMENT_3D('',#6036,#6037,#6038);
#6040=PLANE('',#6039);
#6041=ORIENTED_EDGE('',*,*,#5205,.F.);
#6042=ORIENTED_EDGE('',*,*,#5975,.T.);
#6043=ORIENTED_EDGE('',*,*,#5989,.T.);
#6044=ORIENTED_EDGE('',*,*,#6003,.T.);
#6045=ORIENTED_EDGE('',*,*,#6017,.T.);
#6046=ORIENTED_EDGE('',*,*,#6030,.T.);
#6047=EDGE_LOOP('',(#6041,#6042,#6043,#6044,#6045,#6046));
#6048=FACE_OUTER_BOUND('',#6047,.F.);
#6050=CARTESIAN_POINT('',(-1.6E0,-2.5E-2,-1.75E-1));
#6051=DIRECTION('',(0.E0,0.E0,1.E0));
#6052=DIRECTION('',(1.E0,0.E0,0.E0));
#6053=AXIS2_PLACEMENT_3D('',#6050,#6051,#6052);
#6054=PLANE('',#6053);
#6055=ORIENTED_EDGE('',*,*,#4994,.T.);
#6057=ORIENTED_EDGE('',*,*,#6056,.T.);
#6059=ORIENTED_EDGE('',*,*,#6058,.F.);
#6060=ORIENTED_EDGE('',*,*,#5210,.F.);
#6061=EDGE_LOOP('',(#6055,#6057,#6059,#6060));
#6062=FACE_OUTER_BOUND('',#6061,.F.);
#6064=CARTESIAN_POINT('',(-1.249E0,-2.5E-2,-3.24E-1));
#6065=DIRECTION('',(0.E0,1.E0,0.E0));
#6066=DIRECTION('',(1.E0,0.E0,0.E0));
#6067=AXIS2_PLACEMENT_3D('',#6064,#6065,#6066);
#6068=CYLINDRICAL_SURFACE('',#6067,1.49E-1);
#6069=ORIENTED_EDGE('',*,*,#4992,.T.);
#6071=ORIENTED_EDGE('',*,*,#6070,.T.);
#6073=ORIENTED_EDGE('',*,*,#6072,.F.);
#6074=ORIENTED_EDGE('',*,*,#6056,.F.);
#6075=EDGE_LOOP('',(#6069,#6071,#6073,#6074));
#6076=FACE_OUTER_BOUND('',#6075,.F.);
#6078=CARTESIAN_POINT('',(-1.1E0,-2.5E-2,-3.24E-1));
#6079=DIRECTION('',(1.E0,0.E0,0.E0));
#6080=DIRECTION('',(0.E0,0.E0,-1.E0));
#6081=AXIS2_PLACEMENT_3D('',#6078,#6079,#6080);
#6082=PLANE('',#6081);
#6083=ORIENTED_EDGE('',*,*,#4990,.T.);
#6085=ORIENTED_EDGE('',*,*,#6084,.T.);
#6087=ORIENTED_EDGE('',*,*,#6086,.F.);
#6088=ORIENTED_EDGE('',*,*,#6070,.F.);
#6089=EDGE_LOOP('',(#6083,#6085,#6087,#6088));
#6090=FACE_OUTER_BOUND('',#6089,.F.);
#6092=CARTESIAN_POINT('',(-1.249E0,-2.5E-2,-3.26E-1));
#6093=DIRECTION('',(0.E0,1.E0,0.E0));
#6094=DIRECTION('',(1.E0,0.E0,0.E0));
#6095=AXIS2_PLACEMENT_3D('',#6092,#6093,#6094);
#6096=CYLINDRICAL_SURFACE('',#6095,1.49E-1);
#6097=ORIENTED_EDGE('',*,*,#4988,.T.);
#6099=ORIENTED_EDGE('',*,*,#6098,.T.);
#6101=ORIENTED_EDGE('',*,*,#6100,.F.);
#6102=ORIENTED_EDGE('',*,*,#6084,.F.);
#6103=EDGE_LOOP('',(#6097,#6099,#6101,#6102));
#6104=FACE_OUTER_BOUND('',#6103,.F.);
#6106=CARTESIAN_POINT('',(-1.249E0,-2.5E-2,-4.75E-1));
#6107=DIRECTION('',(0.E0,0.E0,-1.E0));
#6108=DIRECTION('',(-1.E0,0.E0,0.E0));
#6109=AXIS2_PLACEMENT_3D('',#6106,#6107,#6108);
#6110=PLANE('',#6109);
#6111=ORIENTED_EDGE('',*,*,#4986,.F.);
#6112=ORIENTED_EDGE('',*,*,#5214,.T.);
#6114=ORIENTED_EDGE('',*,*,#6113,.F.);
#6115=ORIENTED_EDGE('',*,*,#6098,.F.);
#6116=EDGE_LOOP('',(#6111,#6112,#6114,#6115));
#6117=FACE_OUTER_BOUND('',#6116,.F.);
#6119=CARTESIAN_POINT('',(0.E0,1.75E-1,0.E0));
#6120=DIRECTION('',(0.E0,1.E0,0.E0));
#6121=DIRECTION('',(1.E0,0.E0,0.E0));
#6122=AXIS2_PLACEMENT_3D('',#6119,#6120,#6121);
#6123=PLANE('',#6122);
#6124=ORIENTED_EDGE('',*,*,#5212,.F.);
#6125=ORIENTED_EDGE('',*,*,#6058,.T.);
#6126=ORIENTED_EDGE('',*,*,#6072,.T.);
#6127=ORIENTED_EDGE('',*,*,#6086,.T.);
#6128=ORIENTED_EDGE('',*,*,#6100,.T.);
#6129=ORIENTED_EDGE('',*,*,#6113,.T.);
#6130=EDGE_LOOP('',(#6124,#6125,#6126,#6127,#6128,#6129));
#6131=FACE_OUTER_BOUND('',#6130,.F.);
#6133=CARTESIAN_POINT('',(-8.E-1,-2.5E-2,-1.2E0));
#6134=DIRECTION('',(-1.E0,0.E0,0.E0));
#6135=DIRECTION('',(0.E0,0.E0,1.E0));
#6136=AXIS2_PLACEMENT_3D('',#6133,#6134,#6135);
#6137=PLANE('',#6136);
#6138=ORIENTED_EDGE('',*,*,#5064,.T.);
#6140=ORIENTED_EDGE('',*,*,#6139,.T.);
#6142=ORIENTED_EDGE('',*,*,#6141,.F.);
#6144=ORIENTED_EDGE('',*,*,#6143,.T.);
#6145=EDGE_LOOP('',(#6138,#6140,#6142,#6144));
#6146=FACE_OUTER_BOUND('',#6145,.F.);
#6148=CARTESIAN_POINT('',(-8.E-1,-2.5E-2,1.2E0));
#6149=DIRECTION('',(0.E0,0.E0,1.E0));
#6150=DIRECTION('',(1.E0,0.E0,0.E0));
#6151=AXIS2_PLACEMENT_3D('',#6148,#6149,#6150);
#6152=PLANE('',#6151);
#6153=ORIENTED_EDGE('',*,*,#5072,.T.);
#6155=ORIENTED_EDGE('',*,*,#6154,.T.);
#6157=ORIENTED_EDGE('',*,*,#6156,.F.);
#6158=ORIENTED_EDGE('',*,*,#6139,.F.);
#6159=EDGE_LOOP('',(#6153,#6155,#6157,#6158));
#6160=FACE_OUTER_BOUND('',#6159,.F.);
#6162=CARTESIAN_POINT('',(8.E-1,-2.5E-2,1.2E0));
#6163=DIRECTION('',(1.E0,0.E0,0.E0));
#6164=DIRECTION('',(0.E0,0.E0,-1.E0));
#6165=AXIS2_PLACEMENT_3D('',#6162,#6163,#6164);
#6166=PLANE('',#6165);
#6167=ORIENTED_EDGE('',*,*,#5070,.T.);
#6169=ORIENTED_EDGE('',*,*,#6168,.T.);
#6171=ORIENTED_EDGE('',*,*,#6170,.F.);
#6172=ORIENTED_EDGE('',*,*,#6154,.F.);
#6173=EDGE_LOOP('',(#6167,#6169,#6171,#6172));
#6174=FACE_OUTER_BOUND('',#6173,.F.);
#6176=CARTESIAN_POINT('',(8.E-1,-2.5E-2,-1.2E0));
#6177=DIRECTION('',(0.E0,0.E0,-1.E0));
#6178=DIRECTION('',(-1.E0,0.E0,0.E0));
#6179=AXIS2_PLACEMENT_3D('',#6176,#6177,#6178);
#6180=PLANE('',#6179);
#6181=ORIENTED_EDGE('',*,*,#5068,.T.);
#6183=ORIENTED_EDGE('',*,*,#6182,.F.);
#6185=ORIENTED_EDGE('',*,*,#6184,.F.);
#6186=ORIENTED_EDGE('',*,*,#6168,.F.);
#6187=EDGE_LOOP('',(#6181,#6183,#6185,#6186));
#6188=FACE_OUTER_BOUND('',#6187,.F.);
#6190=CARTESIAN_POINT('',(-6.5E-1,7.5E-2,-1.05E0));
#6191=DIRECTION('',(-7.071067811865E-1,0.E0,-7.071067811865E-1));
#6192=DIRECTION('',(7.071067811865E-1,0.E0,-7.071067811865E-1));
#6193=AXIS2_PLACEMENT_3D('',#6190,#6191,#6192);
#6194=PLANE('',#6193);
#6195=ORIENTED_EDGE('',*,*,#5066,.F.);
#6196=ORIENTED_EDGE('',*,*,#6143,.F.);
#6198=ORIENTED_EDGE('',*,*,#6197,.F.);
#6199=ORIENTED_EDGE('',*,*,#6182,.T.);
#6200=EDGE_LOOP('',(#6195,#6196,#6198,#6199));
#6201=FACE_OUTER_BOUND('',#6200,.F.);
#6203=CARTESIAN_POINT('',(0.E0,1.75E-1,0.E0));
#6204=DIRECTION('',(0.E0,1.E0,0.E0));
#6205=DIRECTION('',(1.E0,0.E0,0.E0));
#6206=AXIS2_PLACEMENT_3D('',#6203,#6204,#6205);
#6207=PLANE('',#6206);
#6208=ORIENTED_EDGE('',*,*,#6197,.T.);
#6209=ORIENTED_EDGE('',*,*,#6141,.T.);
#6210=ORIENTED_EDGE('',*,*,#6156,.T.);
#6211=ORIENTED_EDGE('',*,*,#6170,.T.);
#6212=ORIENTED_EDGE('',*,*,#6184,.T.);
#6213=EDGE_LOOP('',(#6208,#6209,#6210,#6211,#6212));
#6214=FACE_OUTER_BOUND('',#6213,.F.);
#6216=CLOSED_SHELL('',(#5076,#5092,#5108,#5123,#5137,#5151,#5165,#5179,#5220,
#5234,#5268,#5310,#5343,#5356,#5369,#5383,#5395,#5407,#5419,#5432,#5445,#5458,
#5471,#5483,#5497,#5511,#5525,#5539,#5552,#5566,#5599,#5611,#5626,#5641,#5656,
#5671,#5685,#5699,#5714,#5729,#5744,#5757,#5769,#5782,#5795,#5807,#5820,#5833,
#5845,#5858,#5871,#5883,#5897,#5911,#5925,#5939,#5952,#5966,#5980,#5994,#6008,
#6022,#6035,#6049,#6063,#6077,#6091,#6105,#6118,#6132,#6147,#6161,#6175,#6189,
#6202,#6215));
#6217=MANIFOLD_SOLID_BREP('',#6216);
#6218=FILL_AREA_STYLE_COLOUR('',#3);
#6219=FILL_AREA_STYLE('',(#6218));
#6220=SURFACE_STYLE_FILL_AREA(#6219);
#6221=SURFACE_SIDE_STYLE('',(#6220));
#6222=SURFACE_STYLE_USAGE(.BOTH.,#6221);
#6223=PRESENTATION_STYLE_ASSIGNMENT((#6222));
#3227=STYLED_ITEM('',(#6223),#6217);
#6226=PLANE_ANGLE_MEASURE_WITH_UNIT(PLANE_ANGLE_MEASURE(1.745329251994E-2),
#6225);
#6227=(CONVERSION_BASED_UNIT('DEGREE',#6226)NAMED_UNIT(*)PLANE_ANGLE_UNIT());
#6229=UNCERTAINTY_MEASURE_WITH_UNIT(LENGTH_MEASURE(1.944465866517E-4),#6224,
'distance_accuracy_value',
'Maximum model space distance between geometric entities at asserted connectivities');
#6231=CARTESIAN_POINT('',(0.E0,0.E0,0.E0));
#6232=DIRECTION('',(0.E0,0.E0,1.E0));
#6233=DIRECTION('',(1.E0,0.E0,0.E0));
#6236=PRODUCT_CONTEXT('',#3161,'mechanical');
#6237=PRODUCT('BODY','BODY','NOT SPECIFIED',(#6236));
#6238=PRODUCT_DEFINITION_FORMATION('37','LAST_VERSION',#6237);
#6246=DERIVED_UNIT_ELEMENT(#6245,2.E0);
#6247=DERIVED_UNIT((#6246));
#6248=MEASURE_REPRESENTATION_ITEM('surface area measure',AREA_MEASURE(
2.999994838266E1),#6247);
#6253=DERIVED_UNIT_ELEMENT(#6252,3.E0);
#6254=DERIVED_UNIT((#6253));
#6255=MEASURE_REPRESENTATION_ITEM('volume measure',VOLUME_MEASURE(
6.120380162650E0),#6254);
#6259=CARTESIAN_POINT('centre point',(-6.321839993395E-3,4.293415102456E-1,
6.272077120708E-5));
#6264=DERIVED_UNIT_ELEMENT(#6263,2.E0);
#6265=DERIVED_UNIT((#6264));
#6266=MEASURE_REPRESENTATION_ITEM('surface area measure',AREA_MEASURE(
2.999994838266E1),#6265);
#6271=DERIVED_UNIT_ELEMENT(#6270,3.E0);
#6272=DERIVED_UNIT((#6271));
#6273=MEASURE_REPRESENTATION_ITEM('volume measure',VOLUME_MEASURE(
6.120380162650E0),#6272);
#6277=CARTESIAN_POINT('centre point',(-6.321839993395E-3,4.293415102456E-1,
6.272077120708E-5));
#6284=CARTESIAN_POINT('centre point',(-6.321839993395E-3,-6.272077120708E-5,
4.543415102456E-1));
#6288=CARTESIAN_POINT('',(0.E0,0.E0,2.5E-2));
#6289=DIRECTION('',(0.E0,-1.E0,0.E0));
#6290=DIRECTION('',(1.E0,0.E0,0.E0));
#6291=AXIS2_PLACEMENT_3D('',#6288,#6289,#6290);
#6292=ITEM_DEFINED_TRANSFORMATION('','',#6234,#6291);
#6293=(REPRESENTATION_RELATIONSHIP('','',#6235,#3212)REPRESENTATION_RELATIONSHIP_WITH_TRANSFORMATION(#6292)SHAPE_REPRESENTATION_RELATIONSHIP());
#6294=CONTEXT_DEPENDENT_SHAPE_REPRESENTATION(#6293,#6283);
#6297=PLANE_ANGLE_MEASURE_WITH_UNIT(PLANE_ANGLE_MEASURE(1.745329251994E-2),
#6296);
#6298=(CONVERSION_BASED_UNIT('DEGREE',#6297)NAMED_UNIT(*)PLANE_ANGLE_UNIT());
#6300=UNCERTAINTY_MEASURE_WITH_UNIT(LENGTH_MEASURE(1.798847471966E-4),#6295,
'distance_accuracy_value',
'Maximum model space distance between geometric entities at asserted connectivities');
#6302=CARTESIAN_POINT('',(0.E0,0.E0,0.E0));
#6303=DIRECTION('',(0.E0,0.E0,1.E0));
#6304=DIRECTION('',(1.E0,0.E0,0.E0));
#6306=MECHANICAL_DESIGN_GEOMETRIC_PRESENTATION_REPRESENTATION('',(#38,#45,#53,
#60,#68,#75,#82,#89,#96,#103,#110,#117,#124,#131,#139,#146,#154,#161,#232,#30,
#331,#338,#346,#353,#361,#368,#375,#382,#389,#396,#403,#410,#417,#424,#432,#439,
#447,#454,#520,#324,#619,#626,#634,#641,#649,#656,#663,#670,#677,#684,#691,#698,
#705,#712,#720,#727,#735,#742,#808,#612,#907,#914,#922,#929,#937,#944,#951,#958,
#965,#972,#979,#986,#993,#1000,#1008,#1015,#1023,#1030,#1096,#900,#1195,#1202,
#1209,#1216,#1223,#1230,#1237,#1244,#1252,#1260,#1267,#1274,#1281,#1288,#1295,
#1302,#1310,#1317,#1324,#1331,#1338,#1345,#1352,#1359,#1366,#1373,#1380,#1387,
#1395,#1402,#1409,#1416,#1423,#1430,#1437,#1444,#1451,#1458,#1465,#1472,#1479,
#1486,#1565,#1588,#1611,#1188,#1833,#1840,#1848,#1855,#1863,#1870,#1877,#1884,
#1891,#1898,#1905,#1912,#1919,#1926,#1934,#1941,#1949,#1956,#2022,#1826,#2121,
#2128,#2135,#2142,#2149,#2156,#2163,#2170,#2177,#2184,#2191,#2198,#2205,#2212,
#2219,#2114,#2356,#2363,#2370,#2377,#2384,#2391,#2398,#2405,#2412,#2419,#2426,
#2433,#2487,#2349,#2556,#2563,#2570,#2577,#2584,#2591,#2598,#2605,#2612,#2619,
#2626,#2633,#2687,#2549,#2756,#2763,#2770,#2777,#2784,#2791,#2798,#2805,#2812,
#2819,#2826,#2833,#2887,#2749,#2956,#2963,#2970,#2977,#2984,#2991,#2998,#3005,
#3012,#3019,#3026,#3033,#3087,#2949,#3234,#3241,#3248,#3256,#3263,#3271,#3278,
#3285,#3292,#3300,#3307,#3315,#3322,#3329,#3336,#3344,#3351,#3359,#3366,#3373,
#3380,#3387,#3394,#3402,#3409,#3417,#3424,#3431,#3438,#3446,#3453,#3461,#3468,
#3475,#3482,#3489,#3496,#3504,#3511,#3519,#3526,#3533,#3540,#3547,#3554,#3561,
#3568,#3575,#3582,#3589,#3596,#3603,#3610,#3617,#3624,#3631,#3638,#3645,#3652,
#3659,#3666,#3673,#3680,#3687,#3694,#3701,#3708,#3715,#3722,#3729,#3736,#3744,
#3751,#3759,#3766,#3773,#3780,#3787,#3794,#3801,#3808,#3815,#3822,#3829,#3836,
#3843,#3850,#3857,#3864,#3871,#3878,#3885,#3892,#3899,#3906,#3913,#3920,#3927,
#3934,#3941,#3948,#3955,#3962,#3969,#3977,#3984,#3992,#3999,#4006,#4013,#4020,
#4027,#4034,#4041,#4048,#4055,#4062,#4069,#4076,#4083,#4090,#4098,#4105,#4113,
#4120,#4127,#4134,#4141,#4148,#4155,#4162,#4169,#4176,#4183,#4190,#4197,#4204,
#4211,#4218,#4225,#4232,#4239,#4246,#4253,#4260,#4267,#4274,#4281,#4288,#4295,
#4302,#4309,#4316,#4323,#4330,#4337,#4344,#4351,#4358,#4365,#4372,#4379,#4386,
#4393,#4400,#4407,#4414,#4421,#4428,#4435,#4442,#4449,#4456,#4463,#4470,#4478,
#4485,#4493,#4500,#4507,#4514,#4521,#4528,#4535,#4543,#4550,#4558,#4565,#4572,
#4579,#4586,#4593,#4600,#4608,#4615,#4623,#4630,#4637,#4644,#4651,#4658,#4665,
#4672,#4679,#4686,#4693,#4700,#3227),#6301);
#6307=PRODUCT_DEFINITION_CONTEXT('part definition',#3161,'design');
#6308=PRODUCT_CONTEXT('',#3161,'mechanical');
#6309=PRODUCT('SON_ASM','SON_ASM','NOT SPECIFIED',(#6308));
#6310=PRODUCT_DEFINITION_FORMATION('89','LAST_VERSION',#6309);
#6313=DERIVED_UNIT_ELEMENT(#6312,2.E0);
#6314=DERIVED_UNIT((#6313));
#6315=MEASURE_REPRESENTATION_ITEM('surface area measure',AREA_MEASURE(
4.384697295388E1),#6314);
#6320=DERIVED_UNIT_ELEMENT(#6319,3.E0);
#6321=DERIVED_UNIT((#6320));
#6322=MEASURE_REPRESENTATION_ITEM('volume measure',VOLUME_MEASURE(
7.095945662720E0),#6321);
#6326=CARTESIAN_POINT('centre point',(7.789576751412E-4,7.731331328465E-6,
4.056822660729E-1));
#6330=PRODUCT_RELATED_PRODUCT_CATEGORY('part','',(#6309,#3165,#6237));
#1=COLOUR_RGB('',0.E0,4.3E-1,1.E0);
#2=COLOUR_RGB('',0.E0,6.6E-1,0.E0);
#3=COLOUR_RGB('',9.8039E-2,9.8039E-2,9.8039E-2);
#4=COLOUR_RGB('',1.80392E-1,2.7451E-1,9.8039E-2);
#5=COLOUR_RGB('',3.E-1,1.29412E-1,2.5098E-1);
#6=COLOUR_RGB('',3.13725E-1,3.13725E-1,3.13725E-1);
#7=COLOUR_RGB('',3.2E-1,4.9E-1,1.76471E-1);
#8=COLOUR_RGB('',3.5E-1,3.5E-1,3.5E-1);
#9=COLOUR_RGB('',3.92157E-1,3.92157E-1,3.92157E-1);
#10=COLOUR_RGB('',5.7E-1,0.E0,1.E0);
#11=COLOUR_RGB('',5.9E-1,3.E-1,0.E0);
#12=COLOUR_RGB('',6.E-1,6.E-1,6.E-1);
#13=COLOUR_RGB('',6.2E-1,3.3E-1,2.3E-1);
#14=COLOUR_RGB('',6.35294E-1,6.86275E-1,7.4902E-1);
#15=COLOUR_RGB('',6.66667E-1,6.66667E-1,6.66667E-1);
#16=COLOUR_RGB('',6.9E-1,0.E0,0.E0);
#17=COLOUR_RGB('',7.E-1,7.E-1,7.E-1);
#18=COLOUR_RGB('',8.23529E-1,7.05882E-1,4.31373E-1);
#19=COLOUR_RGB('',8.39216E-1,8.90196E-1,7.68627E-1);
#20=COLOUR_RGB('',8.62745E-1,4.98039E-1,3.92157E-1);
#21=COLOUR_RGB('',8.7E-1,7.5E-1,4.9E-1);
#22=COLOUR_RGB('',8.82353E-1,8.82353E-1,8.82353E-1);
#23=COLOUR_RGB('',9.80392E-1,9.80392E-1,9.80392E-1);
#24=COLOUR_RGB('',9.9E-1,1.E0,0.E0);
#25=COLOUR_RGB('',1.E0,5.E-1,0.E0);
#26=COLOUR_RGB('',1.E0,6.19608E-1,5.17647E-1);
#27=DRAUGHTING_PRE_DEFINED_COLOUR('white');
#28=COLOUR_RGB('',8.627450980392E-1,8.627450980392E-1,8.627450980392E-1);
#29=COLOUR_RGB('',1.E0,6.2E-1,5.2E-1);
#50=CIRCLE('',#49,1.49E-1);
#65=CIRCLE('',#64,1.49E-1);
#136=CIRCLE('',#135,1.49E-1);
#151=CIRCLE('',#150,1.49E-1);
#191=EDGE_CURVE('',#180,#181,#34,.T.);
#193=EDGE_CURVE('',#180,#164,#42,.T.);
#195=EDGE_CURVE('',#164,#165,#50,.T.);
#197=EDGE_CURVE('',#165,#167,#57,.T.);
#199=EDGE_CURVE('',#167,#169,#65,.T.);
#201=EDGE_CURVE('',#169,#181,#72,.T.);
#205=ADVANCED_FACE('',(#204),#190,.F.);
#212=EDGE_CURVE('',#181,#185,#79,.T.);
#214=EDGE_CURVE('',#184,#185,#121,.T.);
#216=EDGE_CURVE('',#180,#184,#114,.T.);
#220=ADVANCED_FACE('',(#219),#210,.F.);
#240=EDGE_CURVE('',#169,#177,#86,.T.);
#242=EDGE_CURVE('',#177,#185,#128,.T.);
#246=ADVANCED_FACE('',(#245),#237,.T.);
#253=EDGE_CURVE('',#167,#175,#93,.T.);
#255=EDGE_CURVE('',#175,#177,#136,.T.);
#260=ADVANCED_FACE('',(#259),#251,.T.);
#267=EDGE_CURVE('',#165,#173,#100,.T.);
#269=EDGE_CURVE('',#173,#175,#143,.T.);
#274=ADVANCED_FACE('',(#273),#265,.T.);
#281=EDGE_CURVE('',#164,#172,#107,.T.);
#283=EDGE_CURVE('',#172,#173,#151,.T.);
#288=ADVANCED_FACE('',(#287),#279,.T.);
#295=EDGE_CURVE('',#184,#172,#158,.T.);
#301=ADVANCED_FACE('',(#300),#293,.T.);
#315=ADVANCED_FACE('',(#314),#306,.T.);
#343=CIRCLE('',#342,1.49E-1);
#358=CIRCLE('',#357,1.49E-1);
#429=CIRCLE('',#428,1.49E-1);
#444=CIRCLE('',#443,1.49E-1);
#484=EDGE_CURVE('',#473,#474,#328,.T.);
#486=EDGE_CURVE('',#473,#457,#335,.T.);
#488=EDGE_CURVE('',#457,#458,#343,.T.);
#490=EDGE_CURVE('',#458,#460,#350,.T.);
#492=EDGE_CURVE('',#460,#462,#358,.T.);
#494=EDGE_CURVE('',#462,#474,#365,.T.);
#498=ADVANCED_FACE('',(#497),#483,.F.);
#505=EDGE_CURVE('',#474,#478,#372,.T.);
#507=EDGE_CURVE('',#477,#478,#414,.T.);
#509=EDGE_CURVE('',#473,#477,#407,.T.);
#513=ADVANCED_FACE('',(#512),#503,.F.);
#528=EDGE_CURVE('',#462,#470,#379,.T.);
#530=EDGE_CURVE('',#470,#478,#421,.T.);
#534=ADVANCED_FACE('',(#533),#525,.T.);
#541=EDGE_CURVE('',#460,#468,#386,.T.);
#543=EDGE_CURVE('',#468,#470,#429,.T.);
#548=ADVANCED_FACE('',(#547),#539,.T.);
#555=EDGE_CURVE('',#458,#466,#393,.T.);
#557=EDGE_CURVE('',#466,#468,#436,.T.);
#562=ADVANCED_FACE('',(#561),#553,.T.);
#569=EDGE_CURVE('',#457,#465,#400,.T.);
#571=EDGE_CURVE('',#465,#466,#444,.T.);
#576=ADVANCED_FACE('',(#575),#567,.T.);
#583=EDGE_CURVE('',#477,#465,#451,.T.);
#589=ADVANCED_FACE('',(#588),#581,.T.);
#603=ADVANCED_FACE('',(#602),#594,.T.);
#631=CIRCLE('',#630,1.49E-1);
#646=CIRCLE('',#645,1.49E-1);
#717=CIRCLE('',#716,1.49E-1);
#732=CIRCLE('',#731,1.49E-1);
#772=EDGE_CURVE('',#761,#762,#616,.T.);
#774=EDGE_CURVE('',#761,#745,#623,.T.);
#776=EDGE_CURVE('',#745,#746,#631,.T.);
#778=EDGE_CURVE('',#746,#748,#638,.T.);
#780=EDGE_CURVE('',#748,#750,#646,.T.);
#782=EDGE_CURVE('',#750,#762,#653,.T.);
#786=ADVANCED_FACE('',(#785),#771,.F.);
#793=EDGE_CURVE('',#762,#766,#660,.T.);
#795=EDGE_CURVE('',#765,#766,#702,.T.);
#797=EDGE_CURVE('',#761,#765,#695,.T.);
#801=ADVANCED_FACE('',(#800),#791,.F.);
#816=EDGE_CURVE('',#750,#758,#667,.T.);
#818=EDGE_CURVE('',#758,#766,#709,.T.);
#822=ADVANCED_FACE('',(#821),#813,.T.);
#829=EDGE_CURVE('',#748,#756,#674,.T.);
#831=EDGE_CURVE('',#756,#758,#717,.T.);
#836=ADVANCED_FACE('',(#835),#827,.T.);
#843=EDGE_CURVE('',#746,#754,#681,.T.);
#845=EDGE_CURVE('',#754,#756,#724,.T.);
#850=ADVANCED_FACE('',(#849),#841,.T.);
#857=EDGE_CURVE('',#745,#753,#688,.T.);
#859=EDGE_CURVE('',#753,#754,#732,.T.);
#864=ADVANCED_FACE('',(#863),#855,.T.);
#871=EDGE_CURVE('',#765,#753,#739,.T.);
#877=ADVANCED_FACE('',(#876),#869,.T.);
#891=ADVANCED_FACE('',(#890),#882,.T.);
#919=CIRCLE('',#918,1.49E-1);
#934=CIRCLE('',#933,1.49E-1);
#1005=CIRCLE('',#1004,1.49E-1);
#1020=CIRCLE('',#1019,1.49E-1);
#1060=EDGE_CURVE('',#1049,#1050,#904,.T.);
#1062=EDGE_CURVE('',#1049,#1033,#911,.T.);
#1064=EDGE_CURVE('',#1033,#1034,#919,.T.);
#1066=EDGE_CURVE('',#1034,#1036,#926,.T.);
#1068=EDGE_CURVE('',#1036,#1038,#934,.T.);
#1070=EDGE_CURVE('',#1038,#1050,#941,.T.);
#1074=ADVANCED_FACE('',(#1073),#1059,.F.);
#1081=EDGE_CURVE('',#1050,#1054,#948,.T.);
#1083=EDGE_CURVE('',#1053,#1054,#990,.T.);
#1085=EDGE_CURVE('',#1049,#1053,#983,.T.);
#1089=ADVANCED_FACE('',(#1088),#1079,.F.);
#1104=EDGE_CURVE('',#1038,#1046,#955,.T.);
#1106=EDGE_CURVE('',#1046,#1054,#997,.T.);
#1110=ADVANCED_FACE('',(#1109),#1101,.T.);
#1117=EDGE_CURVE('',#1036,#1044,#962,.T.);
#1119=EDGE_CURVE('',#1044,#1046,#1005,.T.);
#1124=ADVANCED_FACE('',(#1123),#1115,.T.);
#1131=EDGE_CURVE('',#1034,#1042,#969,.T.);
#1133=EDGE_CURVE('',#1042,#1044,#1012,.T.);
#1138=ADVANCED_FACE('',(#1137),#1129,.T.);
#1145=EDGE_CURVE('',#1033,#1041,#976,.T.);
#1147=EDGE_CURVE('',#1041,#1042,#1020,.T.);
#1152=ADVANCED_FACE('',(#1151),#1143,.T.);
#1159=EDGE_CURVE('',#1053,#1041,#1027,.T.);
#1165=ADVANCED_FACE('',(#1164),#1157,.T.);
#1179=ADVANCED_FACE('',(#1178),#1170,.T.);
#1249=CIRCLE('',#1248,1.49E-1);
#1257=CIRCLE('',#1256,1.49E-1);
#1307=CIRCLE('',#1306,1.49E-1);
#1392=CIRCLE('',#1391,1.49E-1);
#1548=EDGE_CURVE('',#1505,#1506,#1234,.T.);
#1550=EDGE_CURVE('',#1505,#1509,#1292,.T.);
#1552=EDGE_CURVE('',#1509,#1510,#1321,.T.);
#1554=EDGE_CURVE('',#1506,#1510,#1420,.T.);
#1558=ADVANCED_FACE('',(#1557),#1547,.F.);
#1571=EDGE_CURVE('',#1513,#1514,#1206,.T.);
#1573=EDGE_CURVE('',#1513,#1517,#1469,.T.);
#1575=EDGE_CURVE('',#1517,#1518,#1349,.T.);
#1577=EDGE_CURVE('',#1514,#1518,#1455,.T.);
#1581=ADVANCED_FACE('',(#1580),#1570,.F.);
#1594=EDGE_CURVE('',#1521,#1522,#1271,.T.);
#1596=EDGE_CURVE('',#1521,#1525,#1441,.T.);
#1598=EDGE_CURVE('',#1525,#1526,#1377,.T.);
#1600=EDGE_CURVE('',#1522,#1526,#1483,.T.);
#1604=ADVANCED_FACE('',(#1603),#1593,.F.);
#1617=EDGE_CURVE('',#1541,#1533,#1192,.T.);
#1619=EDGE_CURVE('',#1513,#1533,#1199,.T.);
#1622=EDGE_CURVE('',#1537,#1514,#1213,.T.);
#1624=EDGE_CURVE('',#1537,#1529,#1220,.T.);
#1626=EDGE_CURVE('',#1505,#1529,#1227,.T.);
#1629=EDGE_CURVE('',#1490,#1506,#1241,.T.);
#1631=EDGE_CURVE('',#1489,#1490,#1249,.T.);
#1633=EDGE_CURVE('',#1498,#1489,#1399,.T.);
#1635=EDGE_CURVE('',#1497,#1498,#1257,.T.);
#1637=EDGE_CURVE('',#1521,#1497,#1264,.T.);
#1640=EDGE_CURVE('',#1541,#1522,#1278,.T.);
#1644=ADVANCED_FACE('',(#1643),#1616,.T.);
#1650=EDGE_CURVE('',#1529,#1530,#1285,.T.);
#1653=EDGE_CURVE('',#1537,#1538,#1448,.T.);
#1655=EDGE_CURVE('',#1538,#1530,#1335,.T.);
#1659=ADVANCED_FACE('',(#1658),#1649,.T.);
#1665=EDGE_CURVE('',#1533,#1534,#1462,.T.);
#1668=EDGE_CURVE('',#1541,#1542,#1476,.T.);
#1670=EDGE_CURVE('',#1542,#1534,#1363,.T.);
#1674=ADVANCED_FACE('',(#1673),#1664,.T.);
#1681=EDGE_CURVE('',#1509,#1530,#1328,.T.);
#1687=ADVANCED_FACE('',(#1686),#1679,.F.);
#1693=EDGE_CURVE('',#1502,#1493,#1299,.T.);
#1695=EDGE_CURVE('',#1493,#1494,#1307,.T.);
#1697=EDGE_CURVE('',#1494,#1510,#1314,.T.);
#1702=EDGE_CURVE('',#1538,#1518,#1342,.T.);
#1705=EDGE_CURVE('',#1517,#1534,#1356,.T.);
#1708=EDGE_CURVE('',#1542,#1526,#1370,.T.);
#1711=EDGE_CURVE('',#1525,#1501,#1384,.T.);
#1713=EDGE_CURVE('',#1501,#1502,#1392,.T.);
#1717=ADVANCED_FACE('',(#1716),#1692,.F.);
#1724=EDGE_CURVE('',#1489,#1493,#1413,.T.);
#1727=EDGE_CURVE('',#1498,#1502,#1406,.T.);
#1731=ADVANCED_FACE('',(#1730),#1722,.F.);
#1738=EDGE_CURVE('',#1490,#1494,#1427,.T.);
#1744=ADVANCED_FACE('',(#1743),#1736,.T.);
#1756=ADVANCED_FACE('',(#1755),#1749,.F.);
#1765=EDGE_CURVE('',#1497,#1501,#1434,.T.);
#1769=ADVANCED_FACE('',(#1768),#1761,.T.);
#1781=ADVANCED_FACE('',(#1780),#1774,.F.);
#1793=ADVANCED_FACE('',(#1792),#1786,.F.);
#1805=ADVANCED_FACE('',(#1804),#1798,.F.);
#1817=ADVANCED_FACE('',(#1816),#1810,.F.);
#1845=CIRCLE('',#1844,1.49E-1);
#1860=CIRCLE('',#1859,1.49E-1);
#1931=CIRCLE('',#1930,1.49E-1);
#1946=CIRCLE('',#1945,1.49E-1);
#1986=EDGE_CURVE('',#1975,#1976,#1830,.T.);
#1988=EDGE_CURVE('',#1964,#1976,#1837,.T.);
#1990=EDGE_CURVE('',#1962,#1964,#1845,.T.);
#1992=EDGE_CURVE('',#1960,#1962,#1852,.T.);
#1994=EDGE_CURVE('',#1959,#1960,#1860,.T.);
#1996=EDGE_CURVE('',#1975,#1959,#1867,.T.);
#2000=ADVANCED_FACE('',(#1999),#1985,.T.);
#2007=EDGE_CURVE('',#1975,#1979,#1874,.T.);
#2009=EDGE_CURVE('',#1979,#1980,#1916,.T.);
#2011=EDGE_CURVE('',#1976,#1980,#1902,.T.);
#2015=ADVANCED_FACE('',(#2014),#2005,.F.);
#2030=EDGE_CURVE('',#1959,#1967,#1881,.T.);
#2032=EDGE_CURVE('',#1979,#1967,#1923,.T.);
#2036=ADVANCED_FACE('',(#2035),#2027,.F.);
#2043=EDGE_CURVE('',#1960,#1968,#1888,.T.);
#2045=EDGE_CURVE('',#1967,#1968,#1931,.T.);
#2050=ADVANCED_FACE('',(#2049),#2041,.T.);
#2057=EDGE_CURVE('',#1962,#1970,#1895,.T.);
#2059=EDGE_CURVE('',#1968,#1970,#1938,.T.);
#2064=ADVANCED_FACE('',(#2063),#2055,.F.);
#2071=EDGE_CURVE('',#1964,#1972,#1909,.T.);
#2073=EDGE_CURVE('',#1970,#1972,#1946,.T.);
#2078=ADVANCED_FACE('',(#2077),#2069,.T.);
#2085=EDGE_CURVE('',#1972,#1980,#1953,.T.);
#2091=ADVANCED_FACE('',(#2090),#2083,.F.);
#2105=ADVANCED_FACE('',(#2104),#2096,.F.);
#2245=EDGE_CURVE('',#2234,#2235,#2118,.T.);
#2247=EDGE_CURVE('',#2234,#2222,#2125,.T.);
#2249=EDGE_CURVE('',#2222,#2223,#2132,.T.);
#2251=EDGE_CURVE('',#2223,#2225,#2139,.T.);
#2253=EDGE_CURVE('',#2225,#2235,#2146,.T.);
#2257=ADVANCED_FACE('',(#2256),#2244,.F.);
#2264=EDGE_CURVE('',#2237,#2235,#2153,.T.);
#2266=EDGE_CURVE('',#2237,#2239,#2188,.T.);
#2268=EDGE_CURVE('',#2239,#2234,#2181,.T.);
#2272=ADVANCED_FACE('',(#2271),#2262,.T.);
#2280=EDGE_CURVE('',#2225,#2231,#2160,.T.);
#2282=EDGE_CURVE('',#2231,#2237,#2195,.T.);
#2286=ADVANCED_FACE('',(#2285),#2277,.T.);
#2293=EDGE_CURVE('',#2223,#2229,#2167,.T.);
#2295=EDGE_CURVE('',#2229,#2231,#2202,.T.);
#2300=ADVANCED_FACE('',(#2299),#2291,.T.);
#2307=EDGE_CURVE('',#2222,#2228,#2174,.T.);
#2309=EDGE_CURVE('',#2228,#2229,#2209,.T.);
#2314=ADVANCED_FACE('',(#2313),#2305,.T.);
#2321=EDGE_CURVE('',#2239,#2228,#2216,.T.);
#2327=ADVANCED_FACE('',(#2326),#2319,.T.);
#2340=ADVANCED_FACE('',(#2339),#2332,.T.);
#2455=EDGE_CURVE('',#2444,#2445,#2353,.T.);
#2457=EDGE_CURVE('',#2444,#2436,#2360,.T.);
#2459=EDGE_CURVE('',#2436,#2437,#2367,.T.);
#2461=EDGE_CURVE('',#2437,#2445,#2374,.T.);
#2465=ADVANCED_FACE('',(#2464),#2454,.F.);
#2472=EDGE_CURVE('',#2445,#2449,#2381,.T.);
#2474=EDGE_CURVE('',#2448,#2449,#2409,.T.);
#2476=EDGE_CURVE('',#2444,#2448,#2402,.T.);
#2480=ADVANCED_FACE('',(#2479),#2470,.F.);
#2495=EDGE_CURVE('',#2437,#2441,#2388,.T.);
#2497=EDGE_CURVE('',#2441,#2449,#2416,.T.);
#2501=ADVANCED_FACE('',(#2500),#2492,.T.);
#2508=EDGE_CURVE('',#2436,#2440,#2395,.T.);
#2510=EDGE_CURVE('',#2440,#2441,#2423,.T.);
#2515=ADVANCED_FACE('',(#2514),#2506,.T.);
#2522=EDGE_CURVE('',#2448,#2440,#2430,.T.);
#2528=ADVANCED_FACE('',(#2527),#2520,.T.);
#2540=ADVANCED_FACE('',(#2539),#2533,.T.);
#2655=EDGE_CURVE('',#2636,#2637,#2553,.T.);
#2657=EDGE_CURVE('',#2636,#2644,#2560,.T.);
#2659=EDGE_CURVE('',#2644,#2645,#2567,.T.);
#2661=EDGE_CURVE('',#2645,#2637,#2574,.T.);
#2665=ADVANCED_FACE('',(#2664),#2654,.F.);
#2672=EDGE_CURVE('',#2637,#2641,#2581,.T.);
#2674=EDGE_CURVE('',#2640,#2641,#2609,.T.);
#2676=EDGE_CURVE('',#2636,#2640,#2602,.T.);
#2680=ADVANCED_FACE('',(#2679),#2670,.F.);
#2695=EDGE_CURVE('',#2645,#2649,#2588,.T.);
#2697=EDGE_CURVE('',#2649,#2641,#2616,.T.);
#2701=ADVANCED_FACE('',(#2700),#2692,.T.);
#2708=EDGE_CURVE('',#2644,#2648,#2595,.T.);
#2710=EDGE_CURVE('',#2648,#2649,#2623,.T.);
#2715=ADVANCED_FACE('',(#2714),#2706,.T.);
#2722=EDGE_CURVE('',#2640,#2648,#2630,.T.);
#2728=ADVANCED_FACE('',(#2727),#2720,.T.);
#2740=ADVANCED_FACE('',(#2739),#2733,.T.);
#2855=EDGE_CURVE('',#2836,#2837,#2753,.T.);
#2857=EDGE_CURVE('',#2836,#2844,#2760,.T.);
#2859=EDGE_CURVE('',#2844,#2845,#2767,.T.);
#2861=EDGE_CURVE('',#2845,#2837,#2774,.T.);
#2865=ADVANCED_FACE('',(#2864),#2854,.F.);
#2872=EDGE_CURVE('',#2837,#2841,#2781,.T.);
#2874=EDGE_CURVE('',#2840,#2841,#2809,.T.);
#2876=EDGE_CURVE('',#2836,#2840,#2802,.T.);
#2880=ADVANCED_FACE('',(#2879),#2870,.F.);
#2895=EDGE_CURVE('',#2845,#2849,#2788,.T.);
#2897=EDGE_CURVE('',#2849,#2841,#2816,.T.);
#2901=ADVANCED_FACE('',(#2900),#2892,.T.);
#2908=EDGE_CURVE('',#2844,#2848,#2795,.T.);
#2910=EDGE_CURVE('',#2848,#2849,#2823,.T.);
#2915=ADVANCED_FACE('',(#2914),#2906,.T.);
#2922=EDGE_CURVE('',#2840,#2848,#2830,.T.);
#2928=ADVANCED_FACE('',(#2927),#2920,.T.);
#2940=ADVANCED_FACE('',(#2939),#2933,.T.);
#3055=EDGE_CURVE('',#3036,#3037,#2953,.T.);
#3057=EDGE_CURVE('',#3036,#3044,#2960,.T.);
#3059=EDGE_CURVE('',#3044,#3045,#2967,.T.);
#3061=EDGE_CURVE('',#3045,#3037,#2974,.T.);
#3065=ADVANCED_FACE('',(#3064),#3054,.F.);
#3072=EDGE_CURVE('',#3037,#3041,#2981,.T.);
#3074=EDGE_CURVE('',#3040,#3041,#3009,.T.);
#3076=EDGE_CURVE('',#3036,#3040,#3002,.T.);
#3080=ADVANCED_FACE('',(#3079),#3070,.F.);
#3095=EDGE_CURVE('',#3045,#3049,#2988,.T.);
#3097=EDGE_CURVE('',#3049,#3041,#3016,.T.);
#3101=ADVANCED_FACE('',(#3100),#3092,.T.);
#3108=EDGE_CURVE('',#3044,#3048,#2995,.T.);
#3110=EDGE_CURVE('',#3048,#3049,#3023,.T.);
#3115=ADVANCED_FACE('',(#3114),#3106,.T.);
#3122=EDGE_CURVE('',#3040,#3048,#3030,.T.);
#3128=ADVANCED_FACE('',(#3127),#3120,.T.);
#3140=ADVANCED_FACE('',(#3139),#3133,.T.);
#3149=(LENGTH_UNIT()NAMED_UNIT(*)SI_UNIT(.MILLI.,.METRE.));
#3150=(NAMED_UNIT(*)PLANE_ANGLE_UNIT()SI_UNIT($,.RADIAN.));
#3153=(NAMED_UNIT(*)SI_UNIT($,.STERADIAN.)SOLID_ANGLE_UNIT());
#3155=(GEOMETRIC_REPRESENTATION_CONTEXT(3)GLOBAL_UNCERTAINTY_ASSIGNED_CONTEXT((
#3154))GLOBAL_UNIT_ASSIGNED_CONTEXT((#3149,#3152,#3153))REPRESENTATION_CONTEXT(
'ID1','3'));
#3159=AXIS2_PLACEMENT_3D('',#3156,#3157,#3158);
#3160=ADVANCED_BREP_SHAPE_REPRESENTATION('',(#3159,#317,#605,#893,#1181,#1819,
#2107,#2342,#2542,#2742,#2942,#3142),#3155);
#3167=PRODUCT_DEFINITION('part definition','',#3166,#3163);
#3168=PRODUCT_DEFINITION_SHAPE('','SHAPE FOR FRAME.',#3167);
#3169=SHAPE_ASPECT('','solid data associated with FRAME',#3168,.F.);
#3170=PROPERTY_DEFINITION('',
'shape for solid data with which properties are associated',#3169);
#3171=SHAPE_REPRESENTATION('',(#3142),#3155);
#3172=SHAPE_DEFINITION_REPRESENTATION(#3170,#3171);
#3173=(LENGTH_UNIT()NAMED_UNIT(*)SI_UNIT(.MILLI.,.METRE.));
#3177=PROPERTY_DEFINITION('geometric validation property','area of FRAME',
#3169);
#3178=REPRESENTATION('surface area',(#3176),#3155);
#3179=PROPERTY_DEFINITION_REPRESENTATION(#3177,#3178);
#3180=(LENGTH_UNIT()NAMED_UNIT(*)SI_UNIT(.MILLI.,.METRE.));
#3184=PROPERTY_DEFINITION('geometric validation property','volume of FRAME',
#3169);
#3185=REPRESENTATION('volume',(#3183),#3155);
#3186=PROPERTY_DEFINITION_REPRESENTATION(#3184,#3185);
#3188=PROPERTY_DEFINITION('geometric validation property','centroid of FRAME',
#3169);
#3189=REPRESENTATION('centroid',(#3187),#3155);
#3190=PROPERTY_DEFINITION_REPRESENTATION(#3188,#3189);
#3191=(LENGTH_UNIT()NAMED_UNIT(*)SI_UNIT(.MILLI.,.METRE.));
#3195=PROPERTY_DEFINITION('geometric validation property','area of FRAME',
#3168);
#3196=REPRESENTATION('surface area',(#3194),#3155);
#3197=PROPERTY_DEFINITION_REPRESENTATION(#3195,#3196);
#3198=(LENGTH_UNIT()NAMED_UNIT(*)SI_UNIT(.MILLI.,.METRE.));
#3202=PROPERTY_DEFINITION('geometric validation property','volume of FRAME',
#3168);
#3203=REPRESENTATION('volume',(#3201),#3155);
#3204=PROPERTY_DEFINITION_REPRESENTATION(#3202,#3203);
#3206=PROPERTY_DEFINITION('geometric validation property','centroid of FRAME',
#3168);
#3207=REPRESENTATION('centroid',(#3205),#3155);
#3208=PROPERTY_DEFINITION_REPRESENTATION(#3206,#3207);
#3209=SHAPE_DEFINITION_REPRESENTATION(#3168,#3160);
#3210=SHAPE_DEFINITION_REPRESENTATION(#3211,#3212);
#3211=PRODUCT_DEFINITION_SHAPE('','SHAPE FOR SON_ASM.',#6311);
#3212=SHAPE_REPRESENTATION('',(#3222,#6291,#6305),#6301);
#3213=NEXT_ASSEMBLY_USAGE_OCCURRENCE('2','Next assembly relationship','FRAME',
#6311,#3167,$);
#3214=PRODUCT_DEFINITION_SHAPE('Placement #2',
'Placement of FRAME with respect to SON_ASM',#3213);
#3216=PROPERTY_DEFINITION('geometric validation property','centroid of FRAME',
#3214);
#3217=REPRESENTATION('centroid',(#3215),#3155);
#3218=PROPERTY_DEFINITION_REPRESENTATION(#3216,#3217);
#3226=COLOUR_RGB('',1.E0,6.2E-1,5.2E-1);
#3253=CIRCLE('',#3252,1.49E-1);
#3268=CIRCLE('',#3267,1.49E-1);
#3297=CIRCLE('',#3296,1.49E-1);
#3312=CIRCLE('',#3311,1.49E-1);
#3341=CIRCLE('',#3340,1.49E-1);
#3356=CIRCLE('',#3355,1.49E-1);
#3399=CIRCLE('',#3398,1.49E-1);
#3414=CIRCLE('',#3413,1.49E-1);
#3443=CIRCLE('',#3442,1.49E-1);
#3458=CIRCLE('',#3457,1.49E-1);
#3501=CIRCLE('',#3500,1.49E-1);
#3516=CIRCLE('',#3515,1.49E-1);
#3741=CIRCLE('',#3740,1.49E-1);
#3756=CIRCLE('',#3755,1.49E-1);
#3974=CIRCLE('',#3973,1.49E-1);
#3989=CIRCLE('',#3988,1.49E-1);
#4095=CIRCLE('',#4094,1.49E-1);
#4110=CIRCLE('',#4109,1.49E-1);
#4475=CIRCLE('',#4474,1.49E-1);
#4490=CIRCLE('',#4489,1.49E-1);
#4540=CIRCLE('',#4539,1.49E-1);
#4555=CIRCLE('',#4554,1.49E-1);
#4605=CIRCLE('',#4604,1.49E-1);
#4620=CIRCLE('',#4619,1.49E-1);
#4982=EDGE_CURVE('',#4729,#4730,#3231,.T.);
#4984=EDGE_CURVE('',#4729,#4741,#3238,.T.);
#4986=EDGE_CURVE('',#4741,#4742,#3245,.T.);
#4988=EDGE_CURVE('',#4928,#4742,#3253,.T.);
#4990=EDGE_CURVE('',#4926,#4928,#3260,.T.);
#4992=EDGE_CURVE('',#4738,#4926,#3268,.T.);
#4994=EDGE_CURVE('',#4737,#4738,#3275,.T.);
#4996=EDGE_CURVE('',#4737,#4749,#3282,.T.);
#4998=EDGE_CURVE('',#4749,#4750,#3289,.T.);
#5000=EDGE_CURVE('',#4932,#4750,#3297,.T.);
#5002=EDGE_CURVE('',#4930,#4932,#3304,.T.);
#5004=EDGE_CURVE('',#4746,#4930,#3312,.T.);
#5006=EDGE_CURVE('',#4745,#4746,#3319,.T.);
#5008=EDGE_CURVE('',#4745,#4757,#3326,.T.);
#5010=EDGE_CURVE('',#4757,#4758,#3333,.T.);
#5012=EDGE_CURVE('',#4936,#4758,#3341,.T.);
#5014=EDGE_CURVE('',#4934,#4936,#3348,.T.);
#5016=EDGE_CURVE('',#4754,#4934,#3356,.T.);
#5018=EDGE_CURVE('',#4753,#4754,#3363,.T.);
#5020=EDGE_CURVE('',#4753,#4703,#3370,.T.);
#5022=EDGE_CURVE('',#4703,#4704,#3377,.T.);
#5024=EDGE_CURVE('',#4704,#4785,#3384,.T.);
#5026=EDGE_CURVE('',#4785,#4786,#3391,.T.);
#5028=EDGE_CURVE('',#4786,#4942,#3399,.T.);
#5030=EDGE_CURVE('',#4942,#4944,#3406,.T.);
#5032=EDGE_CURVE('',#4944,#4790,#3414,.T.);
#5034=EDGE_CURVE('',#4789,#4790,#3421,.T.);
#5036=EDGE_CURVE('',#4789,#4777,#3428,.T.);
#5038=EDGE_CURVE('',#4777,#4778,#3435,.T.);
#5040=EDGE_CURVE('',#4778,#4939,#3443,.T.);
#5042=EDGE_CURVE('',#4939,#4940,#3450,.T.);
#5044=EDGE_CURVE('',#4940,#4766,#3458,.T.);
#5046=EDGE_CURVE('',#4765,#4766,#3465,.T.);
#5048=EDGE_CURVE('',#4765,#4707,#3472,.T.);
#5050=EDGE_CURVE('',#4707,#4708,#3479,.T.);
#5052=EDGE_CURVE('',#4708,#4733,#3486,.T.);
#5054=EDGE_CURVE('',#4733,#4734,#3493,.T.);
#5056=EDGE_CURVE('',#4924,#4734,#3501,.T.);
#5058=EDGE_CURVE('',#4922,#4924,#3508,.T.);
#5060=EDGE_CURVE('',#4730,#4922,#3516,.T.);
#5064=EDGE_CURVE('',#4793,#4794,#3579,.T.);
#5066=EDGE_CURVE('',#4793,#4800,#3586,.T.);
#5068=EDGE_CURVE('',#4798,#4800,#3593,.T.);
#5070=EDGE_CURVE('',#4796,#4798,#3600,.T.);
#5072=EDGE_CURVE('',#4794,#4796,#3607,.T.);
#5076=ADVANCED_FACE('',(#5063,#5075),#4981,.F.);
#5082=EDGE_CURVE('',#4761,#4762,#3523,.T.);
#5084=EDGE_CURVE('',#4774,#4762,#3530,.T.);
#5086=EDGE_CURVE('',#4773,#4774,#3537,.T.);
#5088=EDGE_CURVE('',#4773,#4761,#3544,.T.);
#5092=ADVANCED_FACE('',(#5091),#5081,.F.);
#5098=EDGE_CURVE('',#4769,#4770,#3551,.T.);
#5100=EDGE_CURVE('',#4782,#4770,#3558,.T.);
#5102=EDGE_CURVE('',#4781,#4782,#3565,.T.);
#5104=EDGE_CURVE('',#4781,#4769,#3572,.T.);
#5108=ADVANCED_FACE('',(#5107),#5097,.F.);
#5115=EDGE_CURVE('',#4730,#4875,#3614,.T.);
#5117=EDGE_CURVE('',#4803,#4875,#3733,.T.);
#5119=EDGE_CURVE('',#4729,#4803,#3726,.T.);
#5123=ADVANCED_FACE('',(#5122),#5113,.F.);
#5130=EDGE_CURVE('',#4922,#4876,#3621,.T.);
#5132=EDGE_CURVE('',#4875,#4876,#3741,.T.);
#5137=ADVANCED_FACE('',(#5136),#5128,.F.);
#5144=EDGE_CURVE('',#4924,#4878,#3628,.T.);
#5146=EDGE_CURVE('',#4876,#4878,#3748,.T.);
#5151=ADVANCED_FACE('',(#5150),#5142,.F.);
#5158=EDGE_CURVE('',#4734,#4880,#3635,.T.);
#5160=EDGE_CURVE('',#4878,#4880,#3756,.T.);
#5165=ADVANCED_FACE('',(#5164),#5156,.F.);
#5172=EDGE_CURVE('',#4733,#4804,#3649,.T.);
#5174=EDGE_CURVE('',#4880,#4804,#3763,.T.);
#5179=ADVANCED_FACE('',(#5178),#5170,.F.);
#5185=EDGE_CURVE('',#4803,#4804,#3642,.T.);
#5189=EDGE_CURVE('',#4708,#4711,#3656,.T.);
#5191=EDGE_CURVE('',#4711,#4712,#4187,.T.);
#5193=EDGE_CURVE('',#4703,#4712,#4124,.T.);
#5196=EDGE_CURVE('',#4753,#4815,#3663,.T.);
#5198=EDGE_CURVE('',#4815,#4816,#3670,.T.);
#5200=EDGE_CURVE('',#4757,#4816,#3677,.T.);
#5203=EDGE_CURVE('',#4745,#4811,#3684,.T.);
#5205=EDGE_CURVE('',#4811,#4812,#3691,.T.);
#5207=EDGE_CURVE('',#4749,#4812,#3698,.T.);
#5210=EDGE_CURVE('',#4737,#4807,#3705,.T.);
#5212=EDGE_CURVE('',#4807,#4808,#3712,.T.);
#5214=EDGE_CURVE('',#4741,#4808,#3719,.T.);
#5220=ADVANCED_FACE('',(#5219),#5184,.T.);
#5234=ADVANCED_FACE('',(#5233),#5225,.F.);
#5241=EDGE_CURVE('',#4707,#4716,#3770,.T.);
#5243=EDGE_CURVE('',#4716,#4711,#4194,.T.);
#5248=EDGE_CURVE('',#4859,#4860,#3777,.T.);
#5250=EDGE_CURVE('',#4860,#4868,#3784,.T.);
#5252=EDGE_CURVE('',#4867,#4868,#3791,.T.);
#5254=EDGE_CURVE('',#4859,#4867,#3798,.T.);
#5258=EDGE_CURVE('',#4863,#4864,#3805,.T.);
#5260=EDGE_CURVE('',#4864,#4872,#3812,.T.);
#5262=EDGE_CURVE('',#4871,#4872,#3819,.T.);
#5264=EDGE_CURVE('',#4863,#4871,#3826,.T.);
#5268=ADVANCED_FACE('',(#5247,#5257,#5267),#5239,.T.);
#5274=EDGE_CURVE('',#4819,#4820,#3833,.T.);
#5276=EDGE_CURVE('',#4777,#4819,#3840,.T.);
#5279=EDGE_CURVE('',#4789,#4832,#3847,.T.);
#5281=EDGE_CURVE('',#4831,#4832,#3854,.T.);
#5283=EDGE_CURVE('',#4785,#4831,#3861,.T.);
#5286=EDGE_CURVE('',#4704,#4714,#3868,.T.);
#5288=EDGE_CURVE('',#4714,#4716,#4201,.T.);
#5292=EDGE_CURVE('',#4765,#4824,#3875,.T.);
#5294=EDGE_CURVE('',#4822,#4824,#3882,.T.);
#5296=EDGE_CURVE('',#4761,#4822,#3889,.T.);
#5299=EDGE_CURVE('',#4773,#4828,#3896,.T.);
#5301=EDGE_CURVE('',#4826,#4828,#3903,.T.);
#5303=EDGE_CURVE('',#4769,#4826,#3910,.T.);
#5306=EDGE_CURVE('',#4781,#4820,#3917,.T.);
#5310=ADVANCED_FACE('',(#5309),#5273,.T.);
#5317=EDGE_CURVE('',#4971,#4820,#3924,.T.);
#5319=EDGE_CURVE('',#4971,#4972,#3931,.T.);
#5321=EDGE_CURVE('',#4826,#4972,#3938,.T.);
#5324=EDGE_CURVE('',#4975,#4828,#3945,.T.);
#5326=EDGE_CURVE('',#4975,#4976,#3952,.T.);
#5328=EDGE_CURVE('',#4822,#4976,#3959,.T.);
#5331=EDGE_CURVE('',#4908,#4824,#3966,.T.);
#5333=EDGE_CURVE('',#4907,#4908,#3974,.T.);
#5335=EDGE_CURVE('',#4912,#4907,#3981,.T.);
#5337=EDGE_CURVE('',#4911,#4912,#3989,.T.);
#5339=EDGE_CURVE('',#4819,#4911,#3996,.T.);
#5343=ADVANCED_FACE('',(#5342),#5315,.T.);
#5350=EDGE_CURVE('',#4782,#4971,#4003,.T.);
#5356=ADVANCED_FACE('',(#5355),#5348,.T.);
#5363=EDGE_CURVE('',#4770,#4972,#4010,.T.);
#5369=ADVANCED_FACE('',(#5368),#5361,.F.);
#5376=EDGE_CURVE('',#4762,#4976,#4017,.T.);
#5379=EDGE_CURVE('',#4774,#4975,#4024,.T.);
#5383=ADVANCED_FACE('',(#5382),#5374,.F.);
#5395=ADVANCED_FACE('',(#5394),#5388,.T.);
#5407=ADVANCED_FACE('',(#5406),#5400,.T.);
#5419=ADVANCED_FACE('',(#5418),#5412,.T.);
#5426=EDGE_CURVE('',#4766,#4908,#4031,.T.);
#5432=ADVANCED_FACE('',(#5431),#5424,.T.);
#5439=EDGE_CURVE('',#4940,#4907,#4038,.T.);
#5445=ADVANCED_FACE('',(#5444),#5437,.F.);
#5452=EDGE_CURVE('',#4939,#4912,#4045,.T.);
#5458=ADVANCED_FACE('',(#5457),#5450,.T.);
#5465=EDGE_CURVE('',#4778,#4911,#4052,.T.);
#5471=ADVANCED_FACE('',(#5470),#5463,.F.);
#5483=ADVANCED_FACE('',(#5482),#5476,.T.);
#5490=EDGE_CURVE('',#4790,#4920,#4059,.T.);
#5492=EDGE_CURVE('',#4920,#4832,#4087,.T.);
#5497=ADVANCED_FACE('',(#5496),#5488,.T.);
#5504=EDGE_CURVE('',#4944,#4918,#4066,.T.);
#5506=EDGE_CURVE('',#4918,#4920,#4095,.T.);
#5511=ADVANCED_FACE('',(#5510),#5502,.F.);
#5518=EDGE_CURVE('',#4942,#4916,#4073,.T.);
#5520=EDGE_CURVE('',#4916,#4918,#4102,.T.);
#5525=ADVANCED_FACE('',(#5524),#5516,.T.);
#5532=EDGE_CURVE('',#4786,#4915,#4080,.T.);
#5534=EDGE_CURVE('',#4915,#4916,#4110,.T.);
#5539=ADVANCED_FACE('',(#5538),#5530,.F.);
#5547=EDGE_CURVE('',#4831,#4915,#4117,.T.);
#5552=ADVANCED_FACE('',(#5551),#5544,.T.);
#5566=ADVANCED_FACE('',(#5565),#5557,.T.);
#5574=EDGE_CURVE('',#4712,#4714,#4208,.T.);
#5579=EDGE_CURVE('',#4843,#4844,#4131,.T.);
#5581=EDGE_CURVE('',#4844,#4852,#4138,.T.);
#5583=EDGE_CURVE('',#4851,#4852,#4145,.T.);
#5585=EDGE_CURVE('',#4843,#4851,#4152,.T.);
#5589=EDGE_CURVE('',#4847,#4848,#4159,.T.);
#5591=EDGE_CURVE('',#4848,#4856,#4166,.T.);
#5593=EDGE_CURVE('',#4855,#4856,#4173,.T.);
#5595=EDGE_CURVE('',#4847,#4855,#4180,.T.);
#5599=ADVANCED_FACE('',(#5578,#5588,#5598),#5571,.T.);
#5611=ADVANCED_FACE('',(#5610),#5604,.T.);
#5618=EDGE_CURVE('',#4836,#4843,#4215,.T.);
#5620=EDGE_CURVE('',#4835,#4836,#4222,.T.);
#5622=EDGE_CURVE('',#4844,#4835,#4229,.T.);
#5626=ADVANCED_FACE('',(#5625),#5616,.T.);
#5633=EDGE_CURVE('',#4948,#4847,#4236,.T.);
#5635=EDGE_CURVE('',#4947,#4948,#4243,.T.);
#5637=EDGE_CURVE('',#4848,#4947,#4250,.T.);
#5641=ADVANCED_FACE('',(#5640),#5631,.T.);
#5648=EDGE_CURVE('',#4952,#4859,#4257,.T.);
#5650=EDGE_CURVE('',#4951,#4952,#4264,.T.);
#5652=EDGE_CURVE('',#4860,#4951,#4271,.T.);
#5656=ADVANCED_FACE('',(#5655),#5646,.T.);
#5663=EDGE_CURVE('',#4956,#4863,#4278,.T.);
#5665=EDGE_CURVE('',#4955,#4956,#4285,.T.);
#5667=EDGE_CURVE('',#4864,#4955,#4292,.T.);
#5671=ADVANCED_FACE('',(#5670),#5661,.T.);
#5678=EDGE_CURVE('',#4840,#4851,#4320,.T.);
#5680=EDGE_CURVE('',#4836,#4840,#4299,.T.);
#5685=ADVANCED_FACE('',(#5684),#5676,.F.);
#5692=EDGE_CURVE('',#4852,#4839,#4306,.T.);
#5694=EDGE_CURVE('',#4839,#4840,#4313,.T.);
#5699=ADVANCED_FACE('',(#5698),#5690,.F.);
#5706=EDGE_CURVE('',#4856,#4959,#4327,.T.);
#5708=EDGE_CURVE('',#4959,#4960,#4334,.T.);
#5710=EDGE_CURVE('',#4960,#4855,#4341,.T.);
#5714=ADVANCED_FACE('',(#5713),#5704,.F.);
#5721=EDGE_CURVE('',#4868,#4963,#4348,.T.);
#5723=EDGE_CURVE('',#4963,#4964,#4355,.T.);
#5725=EDGE_CURVE('',#4964,#4867,#4362,.T.);
#5729=ADVANCED_FACE('',(#5728),#5719,.F.);
#5736=EDGE_CURVE('',#4872,#4967,#4369,.T.);
#5738=EDGE_CURVE('',#4967,#4968,#4376,.T.);
#5740=EDGE_CURVE('',#4968,#4871,#4383,.T.);
#5744=ADVANCED_FACE('',(#5743),#5734,.F.);
#5752=EDGE_CURVE('',#4835,#4839,#4390,.T.);
#5757=ADVANCED_FACE('',(#5756),#5749,.F.);
#5769=ADVANCED_FACE('',(#5768),#5762,.F.);
#5777=EDGE_CURVE('',#4947,#4959,#4397,.T.);
#5782=ADVANCED_FACE('',(#5781),#5774,.F.);
#5789=EDGE_CURVE('',#4948,#4960,#4404,.T.);
#5795=ADVANCED_FACE('',(#5794),#5787,.F.);
#5807=ADVANCED_FACE('',(#5806),#5800,.F.);
#5815=EDGE_CURVE('',#4951,#4963,#4411,.T.);
#5820=ADVANCED_FACE('',(#5819),#5812,.F.);
#5827=EDGE_CURVE('',#4952,#4964,#4418,.T.);
#5833=ADVANCED_FACE('',(#5832),#5825,.F.);
#5845=ADVANCED_FACE('',(#5844),#5838,.F.);
#5853=EDGE_CURVE('',#4955,#4967,#4425,.T.);
#5858=ADVANCED_FACE('',(#5857),#5850,.F.);
#5865=EDGE_CURVE('',#4956,#4968,#4432,.T.);
#5871=ADVANCED_FACE('',(#5870),#5863,.F.);
#5883=ADVANCED_FACE('',(#5882),#5876,.F.);
#5890=EDGE_CURVE('',#4754,#4899,#4439,.T.);
#5892=EDGE_CURVE('',#4815,#4899,#4467,.T.);
#5897=ADVANCED_FACE('',(#5896),#5888,.F.);
#5904=EDGE_CURVE('',#4934,#4900,#4446,.T.);
#5906=EDGE_CURVE('',#4899,#4900,#4475,.T.);
#5911=ADVANCED_FACE('',(#5910),#5902,.F.);
#5918=EDGE_CURVE('',#4936,#4902,#4453,.T.);
#5920=EDGE_CURVE('',#4900,#4902,#4482,.T.);
#5925=ADVANCED_FACE('',(#5924),#5916,.F.);
#5932=EDGE_CURVE('',#4758,#4904,#4460,.T.);
#5934=EDGE_CURVE('',#4902,#4904,#4490,.T.);
#5939=ADVANCED_FACE('',(#5938),#5930,.F.);
#5947=EDGE_CURVE('',#4904,#4816,#4497,.T.);
#5952=ADVANCED_FACE('',(#5951),#5944,.F.);
#5966=ADVANCED_FACE('',(#5965),#5957,.F.);
#5973=EDGE_CURVE('',#4746,#4891,#4504,.T.);
#5975=EDGE_CURVE('',#4811,#4891,#4532,.T.);
#5980=ADVANCED_FACE('',(#5979),#5971,.F.);
#5987=EDGE_CURVE('',#4930,#4892,#4511,.T.);
#5989=EDGE_CURVE('',#4891,#4892,#4540,.T.);
#5994=ADVANCED_FACE('',(#5993),#5985,.F.);
#6001=EDGE_CURVE('',#4932,#4894,#4518,.T.);
#6003=EDGE_CURVE('',#4892,#4894,#4547,.T.);
#6008=ADVANCED_FACE('',(#6007),#5999,.F.);
#6015=EDGE_CURVE('',#4750,#4896,#4525,.T.);
#6017=EDGE_CURVE('',#4894,#4896,#4555,.T.);
#6022=ADVANCED_FACE('',(#6021),#6013,.F.);
#6030=EDGE_CURVE('',#4896,#4812,#4562,.T.);
#6035=ADVANCED_FACE('',(#6034),#6027,.F.);
#6049=ADVANCED_FACE('',(#6048),#6040,.F.);
#6056=EDGE_CURVE('',#4738,#4883,#4569,.T.);
#6058=EDGE_CURVE('',#4807,#4883,#4597,.T.);
#6063=ADVANCED_FACE('',(#6062),#6054,.F.);
#6070=EDGE_CURVE('',#4926,#4884,#4576,.T.);
#6072=EDGE_CURVE('',#4883,#4884,#4605,.T.);
#6077=ADVANCED_FACE('',(#6076),#6068,.F.);
#6084=EDGE_CURVE('',#4928,#4886,#4583,.T.);
#6086=EDGE_CURVE('',#4884,#4886,#4612,.T.);
#6091=ADVANCED_FACE('',(#6090),#6082,.F.);
#6098=EDGE_CURVE('',#4742,#4888,#4590,.T.);
#6100=EDGE_CURVE('',#4886,#4888,#4620,.T.);
#6105=ADVANCED_FACE('',(#6104),#6096,.F.);
#6113=EDGE_CURVE('',#4888,#4808,#4627,.T.);
#6118=ADVANCED_FACE('',(#6117),#6110,.F.);
#6132=ADVANCED_FACE('',(#6131),#6123,.F.);
#6139=EDGE_CURVE('',#4794,#4719,#4641,.T.);
#6141=EDGE_CURVE('',#4726,#4719,#4676,.T.);
#6143=EDGE_CURVE('',#4726,#4793,#4634,.T.);
#6147=ADVANCED_FACE('',(#6146),#6137,.F.);
#6154=EDGE_CURVE('',#4796,#4720,#4648,.T.);
#6156=EDGE_CURVE('',#4719,#4720,#4683,.T.);
#6161=ADVANCED_FACE('',(#6160),#6152,.F.);
#6168=EDGE_CURVE('',#4798,#4722,#4662,.T.);
#6170=EDGE_CURVE('',#4720,#4722,#4690,.T.);
#6175=ADVANCED_FACE('',(#6174),#6166,.F.);
#6182=EDGE_CURVE('',#4725,#4800,#4655,.T.);
#6184=EDGE_CURVE('',#4722,#4725,#4697,.T.);
#6189=ADVANCED_FACE('',(#6188),#6180,.F.);
#6197=EDGE_CURVE('',#4725,#4726,#4669,.T.);
#6202=ADVANCED_FACE('',(#6201),#6194,.F.);
#6215=ADVANCED_FACE('',(#6214),#6207,.F.);
#6224=(LENGTH_UNIT()NAMED_UNIT(*)SI_UNIT(.MILLI.,.METRE.));
#6225=(NAMED_UNIT(*)PLANE_ANGLE_UNIT()SI_UNIT($,.RADIAN.));
#6228=(NAMED_UNIT(*)SI_UNIT($,.STERADIAN.)SOLID_ANGLE_UNIT());
#6230=(GEOMETRIC_REPRESENTATION_CONTEXT(3)GLOBAL_UNCERTAINTY_ASSIGNED_CONTEXT((
#6229))GLOBAL_UNIT_ASSIGNED_CONTEXT((#6224,#6227,#6228))REPRESENTATION_CONTEXT(
'ID2','3'));
#6234=AXIS2_PLACEMENT_3D('',#6231,#6232,#6233);
#6235=ADVANCED_BREP_SHAPE_REPRESENTATION('',(#6234,#6217),#6230);
#6239=PRODUCT_DEFINITION('part definition','',#6238,#3163);
#6240=PRODUCT_DEFINITION_SHAPE('','SHAPE FOR BODY.',#6239);
#6241=SHAPE_ASPECT('','solid data associated with BODY',#6240,.F.);
#6242=PROPERTY_DEFINITION('',
'shape for solid data with which properties are associated',#6241);
#6243=SHAPE_REPRESENTATION('',(#6217),#6230);
#6244=SHAPE_DEFINITION_REPRESENTATION(#6242,#6243);
#6245=(LENGTH_UNIT()NAMED_UNIT(*)SI_UNIT(.MILLI.,.METRE.));
#6249=PROPERTY_DEFINITION('geometric validation property','area of BODY',#6241);
#6250=REPRESENTATION('surface area',(#6248),#6230);
#6251=PROPERTY_DEFINITION_REPRESENTATION(#6249,#6250);
#6252=(LENGTH_UNIT()NAMED_UNIT(*)SI_UNIT(.MILLI.,.METRE.));
#6256=PROPERTY_DEFINITION('geometric validation property','volume of BODY',
#6241);
#6257=REPRESENTATION('volume',(#6255),#6230);
#6258=PROPERTY_DEFINITION_REPRESENTATION(#6256,#6257);
#6260=PROPERTY_DEFINITION('geometric validation property','centroid of BODY',
#6241);
#6261=REPRESENTATION('centroid',(#6259),#6230);
#6262=PROPERTY_DEFINITION_REPRESENTATION(#6260,#6261);
#6263=(LENGTH_UNIT()NAMED_UNIT(*)SI_UNIT(.MILLI.,.METRE.));
#6267=PROPERTY_DEFINITION('geometric validation property','area of BODY',#6240);
#6268=REPRESENTATION('surface area',(#6266),#6230);
#6269=PROPERTY_DEFINITION_REPRESENTATION(#6267,#6268);
#6270=(LENGTH_UNIT()NAMED_UNIT(*)SI_UNIT(.MILLI.,.METRE.));
#6274=PROPERTY_DEFINITION('geometric validation property','volume of BODY',
#6240);
#6275=REPRESENTATION('volume',(#6273),#6230);
#6276=PROPERTY_DEFINITION_REPRESENTATION(#6274,#6275);
#6278=PROPERTY_DEFINITION('geometric validation property','centroid of BODY',
#6240);
#6279=REPRESENTATION('centroid',(#6277),#6230);
#6280=PROPERTY_DEFINITION_REPRESENTATION(#6278,#6279);
#6281=SHAPE_DEFINITION_REPRESENTATION(#6240,#6235);
#6282=NEXT_ASSEMBLY_USAGE_OCCURRENCE('3','Next assembly relationship','BODY',
#6311,#6239,$);
#6283=PRODUCT_DEFINITION_SHAPE('Placement #3',
'Placement of BODY with respect to SON_ASM',#6282);
#6285=PROPERTY_DEFINITION('geometric validation property','centroid of BODY',
#6283);
#6286=REPRESENTATION('centroid',(#6284),#6230);
#6287=PROPERTY_DEFINITION_REPRESENTATION(#6285,#6286);
#6295=(LENGTH_UNIT()NAMED_UNIT(*)SI_UNIT(.MILLI.,.METRE.));
#6296=(NAMED_UNIT(*)PLANE_ANGLE_UNIT()SI_UNIT($,.RADIAN.));
#6299=(NAMED_UNIT(*)SI_UNIT($,.STERADIAN.)SOLID_ANGLE_UNIT());
#6301=(GEOMETRIC_REPRESENTATION_CONTEXT(3)GLOBAL_UNCERTAINTY_ASSIGNED_CONTEXT((
#6300))GLOBAL_UNIT_ASSIGNED_CONTEXT((#6295,#6298,#6299))REPRESENTATION_CONTEXT(
'ID3','3'));
#6305=AXIS2_PLACEMENT_3D('',#6302,#6303,#6304);
#6311=PRODUCT_DEFINITION('part definition','',#6310,#6307);
#6312=(LENGTH_UNIT()NAMED_UNIT(*)SI_UNIT(.MILLI.,.METRE.));
#6316=PROPERTY_DEFINITION('geometric validation property','area of SON_ASM',
#3211);
#6317=REPRESENTATION('surface area',(#6315),#6301);
#6318=PROPERTY_DEFINITION_REPRESENTATION(#6316,#6317);
#6319=(LENGTH_UNIT()NAMED_UNIT(*)SI_UNIT(.MILLI.,.METRE.));
#6323=PROPERTY_DEFINITION('geometric validation property','volume of SON_ASM',
#3211);
#6324=REPRESENTATION('volume',(#6322),#6301);
#6325=PROPERTY_DEFINITION_REPRESENTATION(#6323,#6324);
#6327=PROPERTY_DEFINITION('geometric validation property','centroid of SON_ASM',
#3211);
#6328=REPRESENTATION('centroid',(#6326),#6301);
#6329=PROPERTY_DEFINITION_REPRESENTATION(#6327,#6328);
ENDSEC;
END-ISO-10303-21;
