ISO-10303-21;
HEADER;
/* Generated by software containing ST-Developer
 * from STEP Tools, Inc. (www.steptools.com) 
 */

FILE_DESCRIPTION(
/* description */ ('STEP AP214'),
/* implementation_level */ '2;1');

FILE_NAME(
/* name */ 'CapHat v3.step',
/* time_stamp */ '2025-06-10T23:32:39-07:00',
/* author */ (''),
/* organization */ (''),
/* preprocessor_version */ 'ST-DEVELOPER v20.1',
/* originating_system */ 'Autodesk Translation Framework v14.10.0.0',
/* authorisation */ '');

FILE_SCHEMA (('AUTOMOTIVE_DESIGN { 1 0 10303 214 3 1 1 }'));
ENDSEC;

DATA;
#10=MECHANICAL_DESIGN_GEOMETRIC_PRESENTATION_REPRESENTATION('',(#13,#14),
#2454);
#11=SHAPE_REPRESENTATION_RELATIONSHIP('SRR','None',#2460,#12);
#12=ADVANCED_BREP_SHAPE_REPRESENTATION('',(#15,#16),#2453);
#13=STYLED_ITEM('',(#2469),#15);
#14=STYLED_ITEM('',(#2469),#16);
#15=MANIFOLD_SOLID_BREP('Camera',#1461);
#16=MANIFOLD_SOLID_BREP('Body3',#1462);
#17=FACE_BOUND('',#209,.T.);
#18=FACE_BOUND('',#264,.T.);
#19=FACE_BOUND('',#265,.T.);
#20=FACE_BOUND('',#266,.T.);
#21=FACE_BOUND('',#267,.T.);
#22=FACE_BOUND('',#268,.T.);
#23=FACE_BOUND('',#269,.T.);
#24=FACE_BOUND('',#270,.T.);
#25=FACE_BOUND('',#271,.T.);
#26=FACE_BOUND('',#272,.T.);
#27=FACE_BOUND('',#273,.T.);
#28=FACE_BOUND('',#274,.T.);
#29=FACE_BOUND('',#275,.T.);
#30=FACE_BOUND('',#276,.T.);
#31=FACE_BOUND('',#277,.T.);
#32=FACE_BOUND('',#278,.T.);
#33=FACE_BOUND('',#279,.T.);
#34=FACE_BOUND('',#280,.T.);
#35=FACE_BOUND('',#281,.T.);
#36=FACE_BOUND('',#282,.T.);
#37=FACE_BOUND('',#283,.T.);
#38=FACE_BOUND('',#284,.T.);
#39=FACE_BOUND('',#285,.T.);
#40=FACE_BOUND('',#286,.T.);
#41=FACE_BOUND('',#287,.T.);
#42=FACE_BOUND('',#288,.T.);
#43=FACE_BOUND('',#289,.T.);
#44=FACE_BOUND('',#290,.T.);
#45=FACE_BOUND('',#291,.T.);
#46=FACE_BOUND('',#292,.T.);
#47=FACE_BOUND('',#293,.T.);
#48=FACE_BOUND('',#294,.T.);
#49=FACE_BOUND('',#295,.T.);
#50=FACE_BOUND('',#296,.T.);
#51=FACE_BOUND('',#297,.T.);
#52=FACE_BOUND('',#298,.T.);
#53=FACE_BOUND('',#299,.T.);
#54=FACE_BOUND('',#300,.T.);
#55=FACE_BOUND('',#301,.T.);
#56=FACE_BOUND('',#302,.T.);
#57=FACE_BOUND('',#303,.T.);
#58=FACE_BOUND('',#304,.T.);
#59=FACE_BOUND('',#305,.T.);
#60=FACE_BOUND('',#306,.T.);
#61=FACE_BOUND('',#307,.T.);
#62=FACE_BOUND('',#309,.T.);
#63=FACE_BOUND('',#310,.T.);
#64=FACE_BOUND('',#311,.T.);
#65=FACE_BOUND('',#312,.T.);
#66=FACE_BOUND('',#313,.T.);
#67=FACE_BOUND('',#314,.T.);
#68=FACE_BOUND('',#315,.T.);
#69=FACE_BOUND('',#316,.T.);
#70=FACE_BOUND('',#317,.T.);
#71=FACE_BOUND('',#318,.T.);
#72=FACE_BOUND('',#319,.T.);
#73=FACE_BOUND('',#320,.T.);
#74=FACE_BOUND('',#321,.T.);
#75=FACE_BOUND('',#322,.T.);
#76=FACE_BOUND('',#323,.T.);
#77=FACE_BOUND('',#324,.T.);
#78=FACE_BOUND('',#325,.T.);
#79=FACE_BOUND('',#326,.T.);
#80=FACE_BOUND('',#327,.T.);
#81=FACE_BOUND('',#328,.T.);
#82=FACE_BOUND('',#329,.T.);
#83=FACE_BOUND('',#330,.T.);
#84=FACE_BOUND('',#331,.T.);
#85=FACE_BOUND('',#332,.T.);
#86=FACE_BOUND('',#333,.T.);
#87=FACE_BOUND('',#334,.T.);
#88=FACE_BOUND('',#335,.T.);
#89=FACE_BOUND('',#336,.T.);
#90=FACE_BOUND('',#337,.T.);
#91=FACE_BOUND('',#338,.T.);
#92=FACE_BOUND('',#339,.T.);
#93=FACE_BOUND('',#340,.T.);
#94=FACE_BOUND('',#341,.T.);
#95=FACE_BOUND('',#342,.T.);
#96=FACE_BOUND('',#343,.T.);
#97=FACE_BOUND('',#344,.T.);
#98=FACE_BOUND('',#345,.T.);
#99=FACE_BOUND('',#346,.T.);
#100=FACE_BOUND('',#347,.T.);
#101=FACE_BOUND('',#348,.T.);
#102=FACE_BOUND('',#349,.T.);
#103=FACE_BOUND('',#350,.T.);
#104=FACE_BOUND('',#351,.T.);
#105=FACE_BOUND('',#352,.T.);
#106=PLANE('',#1467);
#107=PLANE('',#1468);
#108=PLANE('',#1469);
#109=PLANE('',#1470);
#110=PLANE('',#1471);
#111=PLANE('',#1472);
#112=PLANE('',#1473);
#113=PLANE('',#1474);
#114=PLANE('',#1475);
#115=PLANE('',#1476);
#116=PLANE('',#1477);
#117=PLANE('',#1478);
#118=PLANE('',#1479);
#119=PLANE('',#1480);
#120=PLANE('',#1613);
#121=PLANE('',#1617);
#122=PLANE('',#1621);
#123=PLANE('',#1625);
#124=PLANE('',#1629);
#125=PLANE('',#1630);
#126=FACE_OUTER_BOUND('',#195,.T.);
#127=FACE_OUTER_BOUND('',#196,.T.);
#128=FACE_OUTER_BOUND('',#197,.T.);
#129=FACE_OUTER_BOUND('',#198,.T.);
#130=FACE_OUTER_BOUND('',#199,.T.);
#131=FACE_OUTER_BOUND('',#200,.T.);
#132=FACE_OUTER_BOUND('',#201,.T.);
#133=FACE_OUTER_BOUND('',#202,.T.);
#134=FACE_OUTER_BOUND('',#203,.T.);
#135=FACE_OUTER_BOUND('',#204,.T.);
#136=FACE_OUTER_BOUND('',#205,.T.);
#137=FACE_OUTER_BOUND('',#206,.T.);
#138=FACE_OUTER_BOUND('',#207,.T.);
#139=FACE_OUTER_BOUND('',#208,.T.);
#140=FACE_OUTER_BOUND('',#210,.T.);
#141=FACE_OUTER_BOUND('',#211,.T.);
#142=FACE_OUTER_BOUND('',#212,.T.);
#143=FACE_OUTER_BOUND('',#213,.T.);
#144=FACE_OUTER_BOUND('',#214,.T.);
#145=FACE_OUTER_BOUND('',#215,.T.);
#146=FACE_OUTER_BOUND('',#216,.T.);
#147=FACE_OUTER_BOUND('',#217,.T.);
#148=FACE_OUTER_BOUND('',#218,.T.);
#149=FACE_OUTER_BOUND('',#219,.T.);
#150=FACE_OUTER_BOUND('',#220,.T.);
#151=FACE_OUTER_BOUND('',#221,.T.);
#152=FACE_OUTER_BOUND('',#222,.T.);
#153=FACE_OUTER_BOUND('',#223,.T.);
#154=FACE_OUTER_BOUND('',#224,.T.);
#155=FACE_OUTER_BOUND('',#225,.T.);
#156=FACE_OUTER_BOUND('',#226,.T.);
#157=FACE_OUTER_BOUND('',#227,.T.);
#158=FACE_OUTER_BOUND('',#228,.T.);
#159=FACE_OUTER_BOUND('',#229,.T.);
#160=FACE_OUTER_BOUND('',#230,.T.);
#161=FACE_OUTER_BOUND('',#231,.T.);
#162=FACE_OUTER_BOUND('',#232,.T.);
#163=FACE_OUTER_BOUND('',#233,.T.);
#164=FACE_OUTER_BOUND('',#234,.T.);
#165=FACE_OUTER_BOUND('',#235,.T.);
#166=FACE_OUTER_BOUND('',#236,.T.);
#167=FACE_OUTER_BOUND('',#237,.T.);
#168=FACE_OUTER_BOUND('',#238,.T.);
#169=FACE_OUTER_BOUND('',#239,.T.);
#170=FACE_OUTER_BOUND('',#240,.T.);
#171=FACE_OUTER_BOUND('',#241,.T.);
#172=FACE_OUTER_BOUND('',#242,.T.);
#173=FACE_OUTER_BOUND('',#243,.T.);
#174=FACE_OUTER_BOUND('',#244,.T.);
#175=FACE_OUTER_BOUND('',#245,.T.);
#176=FACE_OUTER_BOUND('',#246,.T.);
#177=FACE_OUTER_BOUND('',#247,.T.);
#178=FACE_OUTER_BOUND('',#248,.T.);
#179=FACE_OUTER_BOUND('',#249,.T.);
#180=FACE_OUTER_BOUND('',#250,.T.);
#181=FACE_OUTER_BOUND('',#251,.T.);
#182=FACE_OUTER_BOUND('',#252,.T.);
#183=FACE_OUTER_BOUND('',#253,.T.);
#184=FACE_OUTER_BOUND('',#254,.T.);
#185=FACE_OUTER_BOUND('',#255,.T.);
#186=FACE_OUTER_BOUND('',#256,.T.);
#187=FACE_OUTER_BOUND('',#257,.T.);
#188=FACE_OUTER_BOUND('',#258,.T.);
#189=FACE_OUTER_BOUND('',#259,.T.);
#190=FACE_OUTER_BOUND('',#260,.T.);
#191=FACE_OUTER_BOUND('',#261,.T.);
#192=FACE_OUTER_BOUND('',#262,.T.);
#193=FACE_OUTER_BOUND('',#263,.T.);
#194=FACE_OUTER_BOUND('',#308,.T.);
#195=EDGE_LOOP('',(#959,#960,#961,#962));
#196=EDGE_LOOP('',(#963));
#197=EDGE_LOOP('',(#964,#965,#966,#967,#968,#969,#970,#971));
#198=EDGE_LOOP('',(#972,#973,#974,#975));
#199=EDGE_LOOP('',(#976,#977,#978,#979));
#200=EDGE_LOOP('',(#980,#981,#982,#983));
#201=EDGE_LOOP('',(#984,#985,#986,#987));
#202=EDGE_LOOP('',(#988,#989,#990,#991));
#203=EDGE_LOOP('',(#992,#993,#994,#995));
#204=EDGE_LOOP('',(#996,#997,#998,#999,#1000,#1001));
#205=EDGE_LOOP('',(#1002,#1003,#1004,#1005));
#206=EDGE_LOOP('',(#1006,#1007,#1008,#1009));
#207=EDGE_LOOP('',(#1010,#1011,#1012,#1013,#1014,#1015));
#208=EDGE_LOOP('',(#1016,#1017,#1018,#1019));
#209=EDGE_LOOP('',(#1020));
#210=EDGE_LOOP('',(#1021,#1022,#1023,#1024,#1025,#1026,#1027,#1028,#1029,
#1030));
#211=EDGE_LOOP('',(#1031,#1032,#1033,#1034));
#212=EDGE_LOOP('',(#1035,#1036,#1037,#1038));
#213=EDGE_LOOP('',(#1039,#1040,#1041,#1042));
#214=EDGE_LOOP('',(#1043,#1044,#1045,#1046));
#215=EDGE_LOOP('',(#1047,#1048,#1049,#1050));
#216=EDGE_LOOP('',(#1051,#1052,#1053,#1054));
#217=EDGE_LOOP('',(#1055,#1056,#1057,#1058));
#218=EDGE_LOOP('',(#1059,#1060,#1061,#1062));
#219=EDGE_LOOP('',(#1063,#1064,#1065,#1066));
#220=EDGE_LOOP('',(#1067,#1068,#1069,#1070));
#221=EDGE_LOOP('',(#1071,#1072,#1073,#1074));
#222=EDGE_LOOP('',(#1075,#1076,#1077,#1078));
#223=EDGE_LOOP('',(#1079,#1080,#1081,#1082));
#224=EDGE_LOOP('',(#1083,#1084,#1085,#1086));
#225=EDGE_LOOP('',(#1087,#1088,#1089,#1090));
#226=EDGE_LOOP('',(#1091,#1092,#1093,#1094));
#227=EDGE_LOOP('',(#1095,#1096,#1097,#1098));
#228=EDGE_LOOP('',(#1099,#1100,#1101,#1102));
#229=EDGE_LOOP('',(#1103,#1104,#1105,#1106));
#230=EDGE_LOOP('',(#1107,#1108,#1109,#1110));
#231=EDGE_LOOP('',(#1111,#1112,#1113,#1114));
#232=EDGE_LOOP('',(#1115,#1116,#1117,#1118));
#233=EDGE_LOOP('',(#1119,#1120,#1121,#1122));
#234=EDGE_LOOP('',(#1123,#1124,#1125,#1126));
#235=EDGE_LOOP('',(#1127,#1128,#1129,#1130));
#236=EDGE_LOOP('',(#1131,#1132,#1133,#1134));
#237=EDGE_LOOP('',(#1135,#1136,#1137,#1138));
#238=EDGE_LOOP('',(#1139,#1140,#1141,#1142));
#239=EDGE_LOOP('',(#1143,#1144,#1145,#1146));
#240=EDGE_LOOP('',(#1147,#1148,#1149,#1150));
#241=EDGE_LOOP('',(#1151,#1152,#1153,#1154));
#242=EDGE_LOOP('',(#1155,#1156,#1157,#1158));
#243=EDGE_LOOP('',(#1159,#1160,#1161,#1162));
#244=EDGE_LOOP('',(#1163,#1164,#1165,#1166));
#245=EDGE_LOOP('',(#1167,#1168,#1169,#1170));
#246=EDGE_LOOP('',(#1171,#1172,#1173,#1174));
#247=EDGE_LOOP('',(#1175,#1176,#1177,#1178));
#248=EDGE_LOOP('',(#1179,#1180,#1181,#1182));
#249=EDGE_LOOP('',(#1183,#1184,#1185,#1186));
#250=EDGE_LOOP('',(#1187,#1188,#1189,#1190));
#251=EDGE_LOOP('',(#1191,#1192,#1193,#1194));
#252=EDGE_LOOP('',(#1195,#1196,#1197,#1198));
#253=EDGE_LOOP('',(#1199,#1200,#1201,#1202));
#254=EDGE_LOOP('',(#1203,#1204,#1205,#1206));
#255=EDGE_LOOP('',(#1207,#1208,#1209,#1210));
#256=EDGE_LOOP('',(#1211,#1212,#1213,#1214));
#257=EDGE_LOOP('',(#1215,#1216,#1217,#1218));
#258=EDGE_LOOP('',(#1219,#1220,#1221,#1222));
#259=EDGE_LOOP('',(#1223,#1224,#1225,#1226));
#260=EDGE_LOOP('',(#1227,#1228,#1229,#1230));
#261=EDGE_LOOP('',(#1231,#1232,#1233,#1234));
#262=EDGE_LOOP('',(#1235,#1236,#1237,#1238));
#263=EDGE_LOOP('',(#1239,#1240,#1241,#1242,#1243,#1244,#1245,#1246));
#264=EDGE_LOOP('',(#1247));
#265=EDGE_LOOP('',(#1248));
#266=EDGE_LOOP('',(#1249));
#267=EDGE_LOOP('',(#1250));
#268=EDGE_LOOP('',(#1251));
#269=EDGE_LOOP('',(#1252));
#270=EDGE_LOOP('',(#1253));
#271=EDGE_LOOP('',(#1254));
#272=EDGE_LOOP('',(#1255));
#273=EDGE_LOOP('',(#1256));
#274=EDGE_LOOP('',(#1257));
#275=EDGE_LOOP('',(#1258));
#276=EDGE_LOOP('',(#1259));
#277=EDGE_LOOP('',(#1260));
#278=EDGE_LOOP('',(#1261));
#279=EDGE_LOOP('',(#1262));
#280=EDGE_LOOP('',(#1263));
#281=EDGE_LOOP('',(#1264));
#282=EDGE_LOOP('',(#1265));
#283=EDGE_LOOP('',(#1266));
#284=EDGE_LOOP('',(#1267));
#285=EDGE_LOOP('',(#1268));
#286=EDGE_LOOP('',(#1269));
#287=EDGE_LOOP('',(#1270));
#288=EDGE_LOOP('',(#1271));
#289=EDGE_LOOP('',(#1272));
#290=EDGE_LOOP('',(#1273));
#291=EDGE_LOOP('',(#1274));
#292=EDGE_LOOP('',(#1275));
#293=EDGE_LOOP('',(#1276));
#294=EDGE_LOOP('',(#1277));
#295=EDGE_LOOP('',(#1278));
#296=EDGE_LOOP('',(#1279));
#297=EDGE_LOOP('',(#1280));
#298=EDGE_LOOP('',(#1281));
#299=EDGE_LOOP('',(#1282));
#300=EDGE_LOOP('',(#1283));
#301=EDGE_LOOP('',(#1284));
#302=EDGE_LOOP('',(#1285));
#303=EDGE_LOOP('',(#1286));
#304=EDGE_LOOP('',(#1287));
#305=EDGE_LOOP('',(#1288));
#306=EDGE_LOOP('',(#1289));
#307=EDGE_LOOP('',(#1290));
#308=EDGE_LOOP('',(#1291,#1292,#1293,#1294,#1295,#1296,#1297,#1298));
#309=EDGE_LOOP('',(#1299));
#310=EDGE_LOOP('',(#1300));
#311=EDGE_LOOP('',(#1301));
#312=EDGE_LOOP('',(#1302));
#313=EDGE_LOOP('',(#1303));
#314=EDGE_LOOP('',(#1304));
#315=EDGE_LOOP('',(#1305));
#316=EDGE_LOOP('',(#1306));
#317=EDGE_LOOP('',(#1307));
#318=EDGE_LOOP('',(#1308));
#319=EDGE_LOOP('',(#1309));
#320=EDGE_LOOP('',(#1310));
#321=EDGE_LOOP('',(#1311));
#322=EDGE_LOOP('',(#1312));
#323=EDGE_LOOP('',(#1313));
#324=EDGE_LOOP('',(#1314));
#325=EDGE_LOOP('',(#1315));
#326=EDGE_LOOP('',(#1316));
#327=EDGE_LOOP('',(#1317));
#328=EDGE_LOOP('',(#1318));
#329=EDGE_LOOP('',(#1319));
#330=EDGE_LOOP('',(#1320));
#331=EDGE_LOOP('',(#1321));
#332=EDGE_LOOP('',(#1322));
#333=EDGE_LOOP('',(#1323));
#334=EDGE_LOOP('',(#1324));
#335=EDGE_LOOP('',(#1325));
#336=EDGE_LOOP('',(#1326));
#337=EDGE_LOOP('',(#1327));
#338=EDGE_LOOP('',(#1328));
#339=EDGE_LOOP('',(#1329));
#340=EDGE_LOOP('',(#1330));
#341=EDGE_LOOP('',(#1331));
#342=EDGE_LOOP('',(#1332));
#343=EDGE_LOOP('',(#1333));
#344=EDGE_LOOP('',(#1334));
#345=EDGE_LOOP('',(#1335));
#346=EDGE_LOOP('',(#1336));
#347=EDGE_LOOP('',(#1337));
#348=EDGE_LOOP('',(#1338));
#349=EDGE_LOOP('',(#1339));
#350=EDGE_LOOP('',(#1340));
#351=EDGE_LOOP('',(#1341));
#352=EDGE_LOOP('',(#1342));
#353=LINE('',#2066,#447);
#354=LINE('',#2072,#448);
#355=LINE('',#2074,#449);
#356=LINE('',#2076,#450);
#357=LINE('',#2078,#451);
#358=LINE('',#2080,#452);
#359=LINE('',#2082,#453);
#360=LINE('',#2084,#454);
#361=LINE('',#2085,#455);
#362=LINE('',#2089,#456);
#363=LINE('',#2091,#457);
#364=LINE('',#2093,#458);
#365=LINE('',#2094,#459);
#366=LINE('',#2096,#460);
#367=LINE('',#2097,#461);
#368=LINE('',#2099,#462);
#369=LINE('',#2100,#463);
#370=LINE('',#2104,#464);
#371=LINE('',#2106,#465);
#372=LINE('',#2107,#466);
#373=LINE('',#2110,#467);
#374=LINE('',#2111,#468);
#375=LINE('',#2114,#469);
#376=LINE('',#2116,#470);
#377=LINE('',#2118,#471);
#378=LINE('',#2119,#472);
#379=LINE('',#2122,#473);
#380=LINE('',#2124,#474);
#381=LINE('',#2125,#475);
#382=LINE('',#2128,#476);
#383=LINE('',#2130,#477);
#384=LINE('',#2131,#478);
#385=LINE('',#2133,#479);
#386=LINE('',#2134,#480);
#387=LINE('',#2141,#481);
#388=LINE('',#2147,#482);
#389=LINE('',#2153,#483);
#390=LINE('',#2159,#484);
#391=LINE('',#2165,#485);
#392=LINE('',#2171,#486);
#393=LINE('',#2177,#487);
#394=LINE('',#2183,#488);
#395=LINE('',#2189,#489);
#396=LINE('',#2195,#490);
#397=LINE('',#2201,#491);
#398=LINE('',#2207,#492);
#399=LINE('',#2213,#493);
#400=LINE('',#2219,#494);
#401=LINE('',#2225,#495);
#402=LINE('',#2231,#496);
#403=LINE('',#2237,#497);
#404=LINE('',#2243,#498);
#405=LINE('',#2249,#499);
#406=LINE('',#2255,#500);
#407=LINE('',#2261,#501);
#408=LINE('',#2267,#502);
#409=LINE('',#2273,#503);
#410=LINE('',#2279,#504);
#411=LINE('',#2285,#505);
#412=LINE('',#2291,#506);
#413=LINE('',#2297,#507);
#414=LINE('',#2303,#508);
#415=LINE('',#2309,#509);
#416=LINE('',#2315,#510);
#417=LINE('',#2321,#511);
#418=LINE('',#2327,#512);
#419=LINE('',#2333,#513);
#420=LINE('',#2339,#514);
#421=LINE('',#2345,#515);
#422=LINE('',#2351,#516);
#423=LINE('',#2357,#517);
#424=LINE('',#2363,#518);
#425=LINE('',#2369,#519);
#426=LINE('',#2375,#520);
#427=LINE('',#2381,#521);
#428=LINE('',#2387,#522);
#429=LINE('',#2393,#523);
#430=LINE('',#2399,#524);
#431=LINE('',#2404,#525);
#432=LINE('',#2406,#526);
#433=LINE('',#2408,#527);
#434=LINE('',#2409,#528);
#435=LINE('',#2415,#529);
#436=LINE('',#2418,#530);
#437=LINE('',#2420,#531);
#438=LINE('',#2421,#532);
#439=LINE('',#2427,#533);
#440=LINE('',#2430,#534);
#441=LINE('',#2432,#535);
#442=LINE('',#2433,#536);
#443=LINE('',#2439,#537);
#444=LINE('',#2442,#538);
#445=LINE('',#2444,#539);
#446=LINE('',#2445,#540);
#447=VECTOR('',#1637,2.25);
#448=VECTOR('',#1644,10.);
#449=VECTOR('',#1645,10.);
#450=VECTOR('',#1646,10.);
#451=VECTOR('',#1647,10.);
#452=VECTOR('',#1648,10.);
#453=VECTOR('',#1649,10.);
#454=VECTOR('',#1650,10.);
#455=VECTOR('',#1651,10.);
#456=VECTOR('',#1654,10.);
#457=VECTOR('',#1655,10.);
#458=VECTOR('',#1656,10.);
#459=VECTOR('',#1657,10.);
#460=VECTOR('',#1660,10.);
#461=VECTOR('',#1661,10.);
#462=VECTOR('',#1664,10.);
#463=VECTOR('',#1665,10.);
#464=VECTOR('',#1670,10.);
#465=VECTOR('',#1671,10.);
#466=VECTOR('',#1672,10.);
#467=VECTOR('',#1675,10.);
#468=VECTOR('',#1676,10.);
#469=VECTOR('',#1679,10.);
#470=VECTOR('',#1680,10.);
#471=VECTOR('',#1681,10.);
#472=VECTOR('',#1682,10.);
#473=VECTOR('',#1685,10.);
#474=VECTOR('',#1686,10.);
#475=VECTOR('',#1687,10.);
#476=VECTOR('',#1690,10.);
#477=VECTOR('',#1691,10.);
#478=VECTOR('',#1692,10.);
#479=VECTOR('',#1695,10.);
#480=VECTOR('',#1696,10.);
#481=VECTOR('',#1705,0.699999999999991);
#482=VECTOR('',#1712,0.69999999999999);
#483=VECTOR('',#1719,0.699999999999991);
#484=VECTOR('',#1726,0.69999999999999);
#485=VECTOR('',#1733,2.99999999999999);
#486=VECTOR('',#1740,0.69999999999999);
#487=VECTOR('',#1747,0.69999999999999);
#488=VECTOR('',#1754,0.699999999999991);
#489=VECTOR('',#1761,0.69999999999999);
#490=VECTOR('',#1768,0.699999999999991);
#491=VECTOR('',#1775,0.69999999999999);
#492=VECTOR('',#1782,0.69999999999999);
#493=VECTOR('',#1789,0.699999999999991);
#494=VECTOR('',#1796,0.69999999999999);
#495=VECTOR('',#1803,0.699999999999991);
#496=VECTOR('',#1810,0.699999999999991);
#497=VECTOR('',#1817,2.99999999999999);
#498=VECTOR('',#1824,2.99999999999999);
#499=VECTOR('',#1831,0.69999999999999);
#500=VECTOR('',#1838,0.699999999999991);
#501=VECTOR('',#1845,0.69999999999999);
#502=VECTOR('',#1852,0.699999999999991);
#503=VECTOR('',#1859,0.69999999999999);
#504=VECTOR('',#1866,0.699999999999991);
#505=VECTOR('',#1873,0.69999999999999);
#506=VECTOR('',#1880,0.699999999999991);
#507=VECTOR('',#1887,0.699999999999991);
#508=VECTOR('',#1894,0.69999999999999);
#509=VECTOR('',#1901,0.69999999999999);
#510=VECTOR('',#1908,0.69999999999999);
#511=VECTOR('',#1915,0.699999999999991);
#512=VECTOR('',#1922,0.69999999999999);
#513=VECTOR('',#1929,0.69999999999999);
#514=VECTOR('',#1936,0.69999999999999);
#515=VECTOR('',#1943,0.69999999999999);
#516=VECTOR('',#1950,0.69999999999999);
#517=VECTOR('',#1957,0.69999999999999);
#518=VECTOR('',#1964,0.699999999999991);
#519=VECTOR('',#1971,0.69999999999999);
#520=VECTOR('',#1978,0.69999999999999);
#521=VECTOR('',#1985,0.69999999999999);
#522=VECTOR('',#1992,2.99999999999999);
#523=VECTOR('',#1999,0.69999999999999);
#524=VECTOR('',#2006,0.69999999999999);
#525=VECTOR('',#2011,10.);
#526=VECTOR('',#2012,10.);
#527=VECTOR('',#2013,10.);
#528=VECTOR('',#2014,10.);
#529=VECTOR('',#2021,10.);
#530=VECTOR('',#2024,10.);
#531=VECTOR('',#2025,10.);
#532=VECTOR('',#2026,10.);
#533=VECTOR('',#2033,10.);
#534=VECTOR('',#2036,10.);
#535=VECTOR('',#2037,10.);
#536=VECTOR('',#2038,10.);
#537=VECTOR('',#2045,10.);
#538=VECTOR('',#2048,10.);
#539=VECTOR('',#2049,10.);
#540=VECTOR('',#2050,10.);
#541=CIRCLE('',#1465,2.25);
#542=CIRCLE('',#1466,2.25);
#543=CIRCLE('',#1482,0.699999999999991);
#544=CIRCLE('',#1483,0.699999999999991);
#545=CIRCLE('',#1485,0.69999999999999);
#546=CIRCLE('',#1486,0.69999999999999);
#547=CIRCLE('',#1488,0.699999999999991);
#548=CIRCLE('',#1489,0.699999999999991);
#549=CIRCLE('',#1491,0.69999999999999);
#550=CIRCLE('',#1492,0.69999999999999);
#551=CIRCLE('',#1494,2.99999999999999);
#552=CIRCLE('',#1495,2.99999999999999);
#553=CIRCLE('',#1497,0.69999999999999);
#554=CIRCLE('',#1498,0.69999999999999);
#555=CIRCLE('',#1500,0.69999999999999);
#556=CIRCLE('',#1501,0.69999999999999);
#557=CIRCLE('',#1503,0.699999999999991);
#558=CIRCLE('',#1504,0.699999999999991);
#559=CIRCLE('',#1506,0.69999999999999);
#560=CIRCLE('',#1507,0.69999999999999);
#561=CIRCLE('',#1509,0.699999999999991);
#562=CIRCLE('',#1510,0.699999999999991);
#563=CIRCLE('',#1512,0.69999999999999);
#564=CIRCLE('',#1513,0.69999999999999);
#565=CIRCLE('',#1515,0.69999999999999);
#566=CIRCLE('',#1516,0.69999999999999);
#567=CIRCLE('',#1518,0.699999999999991);
#568=CIRCLE('',#1519,0.699999999999991);
#569=CIRCLE('',#1521,0.69999999999999);
#570=CIRCLE('',#1522,0.69999999999999);
#571=CIRCLE('',#1524,0.699999999999991);
#572=CIRCLE('',#1525,0.699999999999991);
#573=CIRCLE('',#1527,0.699999999999991);
#574=CIRCLE('',#1528,0.699999999999991);
#575=CIRCLE('',#1530,2.99999999999999);
#576=CIRCLE('',#1531,2.99999999999999);
#577=CIRCLE('',#1533,2.99999999999999);
#578=CIRCLE('',#1534,2.99999999999999);
#579=CIRCLE('',#1536,0.69999999999999);
#580=CIRCLE('',#1537,0.69999999999999);
#581=CIRCLE('',#1539,0.699999999999991);
#582=CIRCLE('',#1540,0.699999999999991);
#583=CIRCLE('',#1542,0.69999999999999);
#584=CIRCLE('',#1543,0.69999999999999);
#585=CIRCLE('',#1545,0.699999999999991);
#586=CIRCLE('',#1546,0.699999999999991);
#587=CIRCLE('',#1548,0.69999999999999);
#588=CIRCLE('',#1549,0.69999999999999);
#589=CIRCLE('',#1551,0.699999999999991);
#590=CIRCLE('',#1552,0.699999999999991);
#591=CIRCLE('',#1554,0.69999999999999);
#592=CIRCLE('',#1555,0.69999999999999);
#593=CIRCLE('',#1557,0.699999999999991);
#594=CIRCLE('',#1558,0.699999999999991);
#595=CIRCLE('',#1560,0.699999999999991);
#596=CIRCLE('',#1561,0.699999999999991);
#597=CIRCLE('',#1563,0.69999999999999);
#598=CIRCLE('',#1564,0.69999999999999);
#599=CIRCLE('',#1566,0.69999999999999);
#600=CIRCLE('',#1567,0.69999999999999);
#601=CIRCLE('',#1569,0.69999999999999);
#602=CIRCLE('',#1570,0.69999999999999);
#603=CIRCLE('',#1572,0.699999999999991);
#604=CIRCLE('',#1573,0.699999999999991);
#605=CIRCLE('',#1575,0.69999999999999);
#606=CIRCLE('',#1576,0.69999999999999);
#607=CIRCLE('',#1578,0.69999999999999);
#608=CIRCLE('',#1579,0.69999999999999);
#609=CIRCLE('',#1581,0.69999999999999);
#610=CIRCLE('',#1582,0.69999999999999);
#611=CIRCLE('',#1584,0.69999999999999);
#612=CIRCLE('',#1585,0.69999999999999);
#613=CIRCLE('',#1587,0.69999999999999);
#614=CIRCLE('',#1588,0.69999999999999);
#615=CIRCLE('',#1590,0.69999999999999);
#616=CIRCLE('',#1591,0.69999999999999);
#617=CIRCLE('',#1593,0.699999999999991);
#618=CIRCLE('',#1594,0.699999999999991);
#619=CIRCLE('',#1596,0.69999999999999);
#620=CIRCLE('',#1597,0.69999999999999);
#621=CIRCLE('',#1599,0.69999999999999);
#622=CIRCLE('',#1600,0.69999999999999);
#623=CIRCLE('',#1602,0.69999999999999);
#624=CIRCLE('',#1603,0.69999999999999);
#625=CIRCLE('',#1605,2.99999999999999);
#626=CIRCLE('',#1606,2.99999999999999);
#627=CIRCLE('',#1608,0.69999999999999);
#628=CIRCLE('',#1609,0.69999999999999);
#629=CIRCLE('',#1611,0.69999999999999);
#630=CIRCLE('',#1612,0.69999999999999);
#631=CIRCLE('',#1615,3.);
#632=CIRCLE('',#1616,3.);
#633=CIRCLE('',#1619,2.99999999999999);
#634=CIRCLE('',#1620,2.99999999999999);
#635=CIRCLE('',#1623,3.);
#636=CIRCLE('',#1624,3.);
#637=CIRCLE('',#1627,2.99999999999999);
#638=CIRCLE('',#1628,2.99999999999999);
#639=VERTEX_POINT('',#2063);
#640=VERTEX_POINT('',#2065);
#641=VERTEX_POINT('',#2070);
#642=VERTEX_POINT('',#2071);
#643=VERTEX_POINT('',#2073);
#644=VERTEX_POINT('',#2075);
#645=VERTEX_POINT('',#2077);
#646=VERTEX_POINT('',#2079);
#647=VERTEX_POINT('',#2081);
#648=VERTEX_POINT('',#2083);
#649=VERTEX_POINT('',#2087);
#650=VERTEX_POINT('',#2088);
#651=VERTEX_POINT('',#2090);
#652=VERTEX_POINT('',#2092);
#653=VERTEX_POINT('',#2103);
#654=VERTEX_POINT('',#2105);
#655=VERTEX_POINT('',#2109);
#656=VERTEX_POINT('',#2113);
#657=VERTEX_POINT('',#2115);
#658=VERTEX_POINT('',#2117);
#659=VERTEX_POINT('',#2121);
#660=VERTEX_POINT('',#2123);
#661=VERTEX_POINT('',#2127);
#662=VERTEX_POINT('',#2129);
#663=VERTEX_POINT('',#2138);
#664=VERTEX_POINT('',#2140);
#665=VERTEX_POINT('',#2144);
#666=VERTEX_POINT('',#2146);
#667=VERTEX_POINT('',#2150);
#668=VERTEX_POINT('',#2152);
#669=VERTEX_POINT('',#2156);
#670=VERTEX_POINT('',#2158);
#671=VERTEX_POINT('',#2162);
#672=VERTEX_POINT('',#2164);
#673=VERTEX_POINT('',#2168);
#674=VERTEX_POINT('',#2170);
#675=VERTEX_POINT('',#2174);
#676=VERTEX_POINT('',#2176);
#677=VERTEX_POINT('',#2180);
#678=VERTEX_POINT('',#2182);
#679=VERTEX_POINT('',#2186);
#680=VERTEX_POINT('',#2188);
#681=VERTEX_POINT('',#2192);
#682=VERTEX_POINT('',#2194);
#683=VERTEX_POINT('',#2198);
#684=VERTEX_POINT('',#2200);
#685=VERTEX_POINT('',#2204);
#686=VERTEX_POINT('',#2206);
#687=VERTEX_POINT('',#2210);
#688=VERTEX_POINT('',#2212);
#689=VERTEX_POINT('',#2216);
#690=VERTEX_POINT('',#2218);
#691=VERTEX_POINT('',#2222);
#692=VERTEX_POINT('',#2224);
#693=VERTEX_POINT('',#2228);
#694=VERTEX_POINT('',#2230);
#695=VERTEX_POINT('',#2234);
#696=VERTEX_POINT('',#2236);
#697=VERTEX_POINT('',#2240);
#698=VERTEX_POINT('',#2242);
#699=VERTEX_POINT('',#2246);
#700=VERTEX_POINT('',#2248);
#701=VERTEX_POINT('',#2252);
#702=VERTEX_POINT('',#2254);
#703=VERTEX_POINT('',#2258);
#704=VERTEX_POINT('',#2260);
#705=VERTEX_POINT('',#2264);
#706=VERTEX_POINT('',#2266);
#707=VERTEX_POINT('',#2270);
#708=VERTEX_POINT('',#2272);
#709=VERTEX_POINT('',#2276);
#710=VERTEX_POINT('',#2278);
#711=VERTEX_POINT('',#2282);
#712=VERTEX_POINT('',#2284);
#713=VERTEX_POINT('',#2288);
#714=VERTEX_POINT('',#2290);
#715=VERTEX_POINT('',#2294);
#716=VERTEX_POINT('',#2296);
#717=VERTEX_POINT('',#2300);
#718=VERTEX_POINT('',#2302);
#719=VERTEX_POINT('',#2306);
#720=VERTEX_POINT('',#2308);
#721=VERTEX_POINT('',#2312);
#722=VERTEX_POINT('',#2314);
#723=VERTEX_POINT('',#2318);
#724=VERTEX_POINT('',#2320);
#725=VERTEX_POINT('',#2324);
#726=VERTEX_POINT('',#2326);
#727=VERTEX_POINT('',#2330);
#728=VERTEX_POINT('',#2332);
#729=VERTEX_POINT('',#2336);
#730=VERTEX_POINT('',#2338);
#731=VERTEX_POINT('',#2342);
#732=VERTEX_POINT('',#2344);
#733=VERTEX_POINT('',#2348);
#734=VERTEX_POINT('',#2350);
#735=VERTEX_POINT('',#2354);
#736=VERTEX_POINT('',#2356);
#737=VERTEX_POINT('',#2360);
#738=VERTEX_POINT('',#2362);
#739=VERTEX_POINT('',#2366);
#740=VERTEX_POINT('',#2368);
#741=VERTEX_POINT('',#2372);
#742=VERTEX_POINT('',#2374);
#743=VERTEX_POINT('',#2378);
#744=VERTEX_POINT('',#2380);
#745=VERTEX_POINT('',#2384);
#746=VERTEX_POINT('',#2386);
#747=VERTEX_POINT('',#2390);
#748=VERTEX_POINT('',#2392);
#749=VERTEX_POINT('',#2396);
#750=VERTEX_POINT('',#2398);
#751=VERTEX_POINT('',#2402);
#752=VERTEX_POINT('',#2403);
#753=VERTEX_POINT('',#2405);
#754=VERTEX_POINT('',#2407);
#755=VERTEX_POINT('',#2411);
#756=VERTEX_POINT('',#2413);
#757=VERTEX_POINT('',#2417);
#758=VERTEX_POINT('',#2419);
#759=VERTEX_POINT('',#2423);
#760=VERTEX_POINT('',#2425);
#761=VERTEX_POINT('',#2429);
#762=VERTEX_POINT('',#2431);
#763=VERTEX_POINT('',#2435);
#764=VERTEX_POINT('',#2437);
#765=VERTEX_POINT('',#2441);
#766=VERTEX_POINT('',#2443);
#767=EDGE_CURVE('',#639,#639,#541,.T.);
#768=EDGE_CURVE('',#639,#640,#353,.T.);
#769=EDGE_CURVE('',#640,#640,#542,.T.);
#770=EDGE_CURVE('',#641,#642,#354,.T.);
#771=EDGE_CURVE('',#643,#642,#355,.T.);
#772=EDGE_CURVE('',#644,#643,#356,.T.);
#773=EDGE_CURVE('',#644,#645,#357,.T.);
#774=EDGE_CURVE('',#645,#646,#358,.T.);
#775=EDGE_CURVE('',#647,#646,#359,.T.);
#776=EDGE_CURVE('',#648,#647,#360,.T.);
#777=EDGE_CURVE('',#648,#641,#361,.T.);
#778=EDGE_CURVE('',#649,#650,#362,.T.);
#779=EDGE_CURVE('',#650,#651,#363,.T.);
#780=EDGE_CURVE('',#652,#651,#364,.T.);
#781=EDGE_CURVE('',#649,#652,#365,.T.);
#782=EDGE_CURVE('',#645,#649,#366,.T.);
#783=EDGE_CURVE('',#646,#652,#367,.T.);
#784=EDGE_CURVE('',#650,#648,#368,.T.);
#785=EDGE_CURVE('',#651,#647,#369,.T.);
#786=EDGE_CURVE('',#653,#644,#370,.T.);
#787=EDGE_CURVE('',#654,#643,#371,.T.);
#788=EDGE_CURVE('',#653,#654,#372,.T.);
#789=EDGE_CURVE('',#642,#655,#373,.T.);
#790=EDGE_CURVE('',#654,#655,#374,.T.);
#791=EDGE_CURVE('',#655,#656,#375,.T.);
#792=EDGE_CURVE('',#657,#656,#376,.T.);
#793=EDGE_CURVE('',#658,#657,#377,.T.);
#794=EDGE_CURVE('',#658,#653,#378,.T.);
#795=EDGE_CURVE('',#659,#658,#379,.T.);
#796=EDGE_CURVE('',#660,#657,#380,.T.);
#797=EDGE_CURVE('',#659,#660,#381,.T.);
#798=EDGE_CURVE('',#661,#659,#382,.T.);
#799=EDGE_CURVE('',#662,#660,#383,.T.);
#800=EDGE_CURVE('',#661,#662,#384,.T.);
#801=EDGE_CURVE('',#641,#661,#385,.T.);
#802=EDGE_CURVE('',#656,#662,#386,.T.);
#803=EDGE_CURVE('',#663,#663,#543,.T.);
#804=EDGE_CURVE('',#663,#664,#387,.T.);
#805=EDGE_CURVE('',#664,#664,#544,.T.);
#806=EDGE_CURVE('',#665,#665,#545,.T.);
#807=EDGE_CURVE('',#665,#666,#388,.T.);
#808=EDGE_CURVE('',#666,#666,#546,.T.);
#809=EDGE_CURVE('',#667,#667,#547,.T.);
#810=EDGE_CURVE('',#667,#668,#389,.T.);
#811=EDGE_CURVE('',#668,#668,#548,.T.);
#812=EDGE_CURVE('',#669,#669,#549,.T.);
#813=EDGE_CURVE('',#669,#670,#390,.T.);
#814=EDGE_CURVE('',#670,#670,#550,.T.);
#815=EDGE_CURVE('',#671,#671,#551,.T.);
#816=EDGE_CURVE('',#671,#672,#391,.T.);
#817=EDGE_CURVE('',#672,#672,#552,.T.);
#818=EDGE_CURVE('',#673,#673,#553,.T.);
#819=EDGE_CURVE('',#673,#674,#392,.T.);
#820=EDGE_CURVE('',#674,#674,#554,.T.);
#821=EDGE_CURVE('',#675,#675,#555,.T.);
#822=EDGE_CURVE('',#675,#676,#393,.T.);
#823=EDGE_CURVE('',#676,#676,#556,.T.);
#824=EDGE_CURVE('',#677,#677,#557,.T.);
#825=EDGE_CURVE('',#677,#678,#394,.T.);
#826=EDGE_CURVE('',#678,#678,#558,.T.);
#827=EDGE_CURVE('',#679,#679,#559,.T.);
#828=EDGE_CURVE('',#679,#680,#395,.T.);
#829=EDGE_CURVE('',#680,#680,#560,.T.);
#830=EDGE_CURVE('',#681,#681,#561,.T.);
#831=EDGE_CURVE('',#681,#682,#396,.T.);
#832=EDGE_CURVE('',#682,#682,#562,.T.);
#833=EDGE_CURVE('',#683,#683,#563,.T.);
#834=EDGE_CURVE('',#683,#684,#397,.T.);
#835=EDGE_CURVE('',#684,#684,#564,.T.);
#836=EDGE_CURVE('',#685,#685,#565,.T.);
#837=EDGE_CURVE('',#685,#686,#398,.T.);
#838=EDGE_CURVE('',#686,#686,#566,.T.);
#839=EDGE_CURVE('',#687,#687,#567,.T.);
#840=EDGE_CURVE('',#687,#688,#399,.T.);
#841=EDGE_CURVE('',#688,#688,#568,.T.);
#842=EDGE_CURVE('',#689,#689,#569,.T.);
#843=EDGE_CURVE('',#689,#690,#400,.T.);
#844=EDGE_CURVE('',#690,#690,#570,.T.);
#845=EDGE_CURVE('',#691,#691,#571,.T.);
#846=EDGE_CURVE('',#691,#692,#401,.T.);
#847=EDGE_CURVE('',#692,#692,#572,.T.);
#848=EDGE_CURVE('',#693,#693,#573,.T.);
#849=EDGE_CURVE('',#693,#694,#402,.T.);
#850=EDGE_CURVE('',#694,#694,#574,.T.);
#851=EDGE_CURVE('',#695,#695,#575,.T.);
#852=EDGE_CURVE('',#695,#696,#403,.T.);
#853=EDGE_CURVE('',#696,#696,#576,.T.);
#854=EDGE_CURVE('',#697,#697,#577,.T.);
#855=EDGE_CURVE('',#697,#698,#404,.T.);
#856=EDGE_CURVE('',#698,#698,#578,.T.);
#857=EDGE_CURVE('',#699,#699,#579,.T.);
#858=EDGE_CURVE('',#699,#700,#405,.T.);
#859=EDGE_CURVE('',#700,#700,#580,.T.);
#860=EDGE_CURVE('',#701,#701,#581,.T.);
#861=EDGE_CURVE('',#701,#702,#406,.T.);
#862=EDGE_CURVE('',#702,#702,#582,.T.);
#863=EDGE_CURVE('',#703,#703,#583,.T.);
#864=EDGE_CURVE('',#703,#704,#407,.T.);
#865=EDGE_CURVE('',#704,#704,#584,.T.);
#866=EDGE_CURVE('',#705,#705,#585,.T.);
#867=EDGE_CURVE('',#705,#706,#408,.T.);
#868=EDGE_CURVE('',#706,#706,#586,.T.);
#869=EDGE_CURVE('',#707,#707,#587,.T.);
#870=EDGE_CURVE('',#707,#708,#409,.T.);
#871=EDGE_CURVE('',#708,#708,#588,.T.);
#872=EDGE_CURVE('',#709,#709,#589,.T.);
#873=EDGE_CURVE('',#709,#710,#410,.T.);
#874=EDGE_CURVE('',#710,#710,#590,.T.);
#875=EDGE_CURVE('',#711,#711,#591,.T.);
#876=EDGE_CURVE('',#711,#712,#411,.T.);
#877=EDGE_CURVE('',#712,#712,#592,.T.);
#878=EDGE_CURVE('',#713,#713,#593,.T.);
#879=EDGE_CURVE('',#713,#714,#412,.T.);
#880=EDGE_CURVE('',#714,#714,#594,.T.);
#881=EDGE_CURVE('',#715,#715,#595,.T.);
#882=EDGE_CURVE('',#715,#716,#413,.T.);
#883=EDGE_CURVE('',#716,#716,#596,.T.);
#884=EDGE_CURVE('',#717,#717,#597,.T.);
#885=EDGE_CURVE('',#717,#718,#414,.T.);
#886=EDGE_CURVE('',#718,#718,#598,.T.);
#887=EDGE_CURVE('',#719,#719,#599,.T.);
#888=EDGE_CURVE('',#719,#720,#415,.T.);
#889=EDGE_CURVE('',#720,#720,#600,.T.);
#890=EDGE_CURVE('',#721,#721,#601,.T.);
#891=EDGE_CURVE('',#721,#722,#416,.T.);
#892=EDGE_CURVE('',#722,#722,#602,.T.);
#893=EDGE_CURVE('',#723,#723,#603,.T.);
#894=EDGE_CURVE('',#723,#724,#417,.T.);
#895=EDGE_CURVE('',#724,#724,#604,.T.);
#896=EDGE_CURVE('',#725,#725,#605,.T.);
#897=EDGE_CURVE('',#725,#726,#418,.T.);
#898=EDGE_CURVE('',#726,#726,#606,.T.);
#899=EDGE_CURVE('',#727,#727,#607,.T.);
#900=EDGE_CURVE('',#727,#728,#419,.T.);
#901=EDGE_CURVE('',#728,#728,#608,.T.);
#902=EDGE_CURVE('',#729,#729,#609,.T.);
#903=EDGE_CURVE('',#729,#730,#420,.T.);
#904=EDGE_CURVE('',#730,#730,#610,.T.);
#905=EDGE_CURVE('',#731,#731,#611,.T.);
#906=EDGE_CURVE('',#731,#732,#421,.T.);
#907=EDGE_CURVE('',#732,#732,#612,.T.);
#908=EDGE_CURVE('',#733,#733,#613,.T.);
#909=EDGE_CURVE('',#733,#734,#422,.T.);
#910=EDGE_CURVE('',#734,#734,#614,.T.);
#911=EDGE_CURVE('',#735,#735,#615,.T.);
#912=EDGE_CURVE('',#735,#736,#423,.T.);
#913=EDGE_CURVE('',#736,#736,#616,.T.);
#914=EDGE_CURVE('',#737,#737,#617,.T.);
#915=EDGE_CURVE('',#737,#738,#424,.T.);
#916=EDGE_CURVE('',#738,#738,#618,.T.);
#917=EDGE_CURVE('',#739,#739,#619,.T.);
#918=EDGE_CURVE('',#739,#740,#425,.T.);
#919=EDGE_CURVE('',#740,#740,#620,.T.);
#920=EDGE_CURVE('',#741,#741,#621,.T.);
#921=EDGE_CURVE('',#741,#742,#426,.T.);
#922=EDGE_CURVE('',#742,#742,#622,.T.);
#923=EDGE_CURVE('',#743,#743,#623,.T.);
#924=EDGE_CURVE('',#743,#744,#427,.T.);
#925=EDGE_CURVE('',#744,#744,#624,.T.);
#926=EDGE_CURVE('',#745,#745,#625,.T.);
#927=EDGE_CURVE('',#745,#746,#428,.T.);
#928=EDGE_CURVE('',#746,#746,#626,.T.);
#929=EDGE_CURVE('',#747,#747,#627,.T.);
#930=EDGE_CURVE('',#747,#748,#429,.T.);
#931=EDGE_CURVE('',#748,#748,#628,.T.);
#932=EDGE_CURVE('',#749,#749,#629,.T.);
#933=EDGE_CURVE('',#749,#750,#430,.T.);
#934=EDGE_CURVE('',#750,#750,#630,.T.);
#935=EDGE_CURVE('',#751,#752,#431,.T.);
#936=EDGE_CURVE('',#752,#753,#432,.T.);
#937=EDGE_CURVE('',#754,#753,#433,.T.);
#938=EDGE_CURVE('',#751,#754,#434,.T.);
#939=EDGE_CURVE('',#751,#755,#631,.T.);
#940=EDGE_CURVE('',#756,#754,#632,.T.);
#941=EDGE_CURVE('',#755,#756,#435,.T.);
#942=EDGE_CURVE('',#757,#755,#436,.T.);
#943=EDGE_CURVE('',#758,#756,#437,.T.);
#944=EDGE_CURVE('',#757,#758,#438,.T.);
#945=EDGE_CURVE('',#757,#759,#633,.T.);
#946=EDGE_CURVE('',#760,#758,#634,.T.);
#947=EDGE_CURVE('',#759,#760,#439,.T.);
#948=EDGE_CURVE('',#761,#759,#440,.T.);
#949=EDGE_CURVE('',#762,#760,#441,.T.);
#950=EDGE_CURVE('',#761,#762,#442,.T.);
#951=EDGE_CURVE('',#761,#763,#635,.T.);
#952=EDGE_CURVE('',#764,#762,#636,.T.);
#953=EDGE_CURVE('',#763,#764,#443,.T.);
#954=EDGE_CURVE('',#765,#763,#444,.T.);
#955=EDGE_CURVE('',#766,#764,#445,.T.);
#956=EDGE_CURVE('',#765,#766,#446,.T.);
#957=EDGE_CURVE('',#765,#752,#637,.T.);
#958=EDGE_CURVE('',#753,#766,#638,.T.);
#959=ORIENTED_EDGE('',*,*,#767,.F.);
#960=ORIENTED_EDGE('',*,*,#768,.T.);
#961=ORIENTED_EDGE('',*,*,#769,.F.);
#962=ORIENTED_EDGE('',*,*,#768,.F.);
#963=ORIENTED_EDGE('',*,*,#767,.T.);
#964=ORIENTED_EDGE('',*,*,#770,.T.);
#965=ORIENTED_EDGE('',*,*,#771,.F.);
#966=ORIENTED_EDGE('',*,*,#772,.F.);
#967=ORIENTED_EDGE('',*,*,#773,.T.);
#968=ORIENTED_EDGE('',*,*,#774,.T.);
#969=ORIENTED_EDGE('',*,*,#775,.F.);
#970=ORIENTED_EDGE('',*,*,#776,.F.);
#971=ORIENTED_EDGE('',*,*,#777,.T.);
#972=ORIENTED_EDGE('',*,*,#778,.T.);
#973=ORIENTED_EDGE('',*,*,#779,.T.);
#974=ORIENTED_EDGE('',*,*,#780,.F.);
#975=ORIENTED_EDGE('',*,*,#781,.F.);
#976=ORIENTED_EDGE('',*,*,#782,.T.);
#977=ORIENTED_EDGE('',*,*,#781,.T.);
#978=ORIENTED_EDGE('',*,*,#783,.F.);
#979=ORIENTED_EDGE('',*,*,#774,.F.);
#980=ORIENTED_EDGE('',*,*,#784,.T.);
#981=ORIENTED_EDGE('',*,*,#776,.T.);
#982=ORIENTED_EDGE('',*,*,#785,.F.);
#983=ORIENTED_EDGE('',*,*,#779,.F.);
#984=ORIENTED_EDGE('',*,*,#785,.T.);
#985=ORIENTED_EDGE('',*,*,#775,.T.);
#986=ORIENTED_EDGE('',*,*,#783,.T.);
#987=ORIENTED_EDGE('',*,*,#780,.T.);
#988=ORIENTED_EDGE('',*,*,#786,.T.);
#989=ORIENTED_EDGE('',*,*,#772,.T.);
#990=ORIENTED_EDGE('',*,*,#787,.F.);
#991=ORIENTED_EDGE('',*,*,#788,.F.);
#992=ORIENTED_EDGE('',*,*,#787,.T.);
#993=ORIENTED_EDGE('',*,*,#771,.T.);
#994=ORIENTED_EDGE('',*,*,#789,.T.);
#995=ORIENTED_EDGE('',*,*,#790,.F.);
#996=ORIENTED_EDGE('',*,*,#788,.T.);
#997=ORIENTED_EDGE('',*,*,#790,.T.);
#998=ORIENTED_EDGE('',*,*,#791,.T.);
#999=ORIENTED_EDGE('',*,*,#792,.F.);
#1000=ORIENTED_EDGE('',*,*,#793,.F.);
#1001=ORIENTED_EDGE('',*,*,#794,.T.);
#1002=ORIENTED_EDGE('',*,*,#795,.T.);
#1003=ORIENTED_EDGE('',*,*,#793,.T.);
#1004=ORIENTED_EDGE('',*,*,#796,.F.);
#1005=ORIENTED_EDGE('',*,*,#797,.F.);
#1006=ORIENTED_EDGE('',*,*,#798,.T.);
#1007=ORIENTED_EDGE('',*,*,#797,.T.);
#1008=ORIENTED_EDGE('',*,*,#799,.F.);
#1009=ORIENTED_EDGE('',*,*,#800,.F.);
#1010=ORIENTED_EDGE('',*,*,#801,.T.);
#1011=ORIENTED_EDGE('',*,*,#800,.T.);
#1012=ORIENTED_EDGE('',*,*,#802,.F.);
#1013=ORIENTED_EDGE('',*,*,#791,.F.);
#1014=ORIENTED_EDGE('',*,*,#789,.F.);
#1015=ORIENTED_EDGE('',*,*,#770,.F.);
#1016=ORIENTED_EDGE('',*,*,#802,.T.);
#1017=ORIENTED_EDGE('',*,*,#799,.T.);
#1018=ORIENTED_EDGE('',*,*,#796,.T.);
#1019=ORIENTED_EDGE('',*,*,#792,.T.);
#1020=ORIENTED_EDGE('',*,*,#769,.T.);
#1021=ORIENTED_EDGE('',*,*,#801,.F.);
#1022=ORIENTED_EDGE('',*,*,#777,.F.);
#1023=ORIENTED_EDGE('',*,*,#784,.F.);
#1024=ORIENTED_EDGE('',*,*,#778,.F.);
#1025=ORIENTED_EDGE('',*,*,#782,.F.);
#1026=ORIENTED_EDGE('',*,*,#773,.F.);
#1027=ORIENTED_EDGE('',*,*,#786,.F.);
#1028=ORIENTED_EDGE('',*,*,#794,.F.);
#1029=ORIENTED_EDGE('',*,*,#795,.F.);
#1030=ORIENTED_EDGE('',*,*,#798,.F.);
#1031=ORIENTED_EDGE('',*,*,#803,.F.);
#1032=ORIENTED_EDGE('',*,*,#804,.T.);
#1033=ORIENTED_EDGE('',*,*,#805,.F.);
#1034=ORIENTED_EDGE('',*,*,#804,.F.);
#1035=ORIENTED_EDGE('',*,*,#806,.F.);
#1036=ORIENTED_EDGE('',*,*,#807,.T.);
#1037=ORIENTED_EDGE('',*,*,#808,.F.);
#1038=ORIENTED_EDGE('',*,*,#807,.F.);
#1039=ORIENTED_EDGE('',*,*,#809,.F.);
#1040=ORIENTED_EDGE('',*,*,#810,.T.);
#1041=ORIENTED_EDGE('',*,*,#811,.F.);
#1042=ORIENTED_EDGE('',*,*,#810,.F.);
#1043=ORIENTED_EDGE('',*,*,#812,.F.);
#1044=ORIENTED_EDGE('',*,*,#813,.T.);
#1045=ORIENTED_EDGE('',*,*,#814,.F.);
#1046=ORIENTED_EDGE('',*,*,#813,.F.);
#1047=ORIENTED_EDGE('',*,*,#815,.F.);
#1048=ORIENTED_EDGE('',*,*,#816,.T.);
#1049=ORIENTED_EDGE('',*,*,#817,.F.);
#1050=ORIENTED_EDGE('',*,*,#816,.F.);
#1051=ORIENTED_EDGE('',*,*,#818,.F.);
#1052=ORIENTED_EDGE('',*,*,#819,.T.);
#1053=ORIENTED_EDGE('',*,*,#820,.F.);
#1054=ORIENTED_EDGE('',*,*,#819,.F.);
#1055=ORIENTED_EDGE('',*,*,#821,.F.);
#1056=ORIENTED_EDGE('',*,*,#822,.T.);
#1057=ORIENTED_EDGE('',*,*,#823,.F.);
#1058=ORIENTED_EDGE('',*,*,#822,.F.);
#1059=ORIENTED_EDGE('',*,*,#824,.F.);
#1060=ORIENTED_EDGE('',*,*,#825,.T.);
#1061=ORIENTED_EDGE('',*,*,#826,.F.);
#1062=ORIENTED_EDGE('',*,*,#825,.F.);
#1063=ORIENTED_EDGE('',*,*,#827,.F.);
#1064=ORIENTED_EDGE('',*,*,#828,.T.);
#1065=ORIENTED_EDGE('',*,*,#829,.F.);
#1066=ORIENTED_EDGE('',*,*,#828,.F.);
#1067=ORIENTED_EDGE('',*,*,#830,.F.);
#1068=ORIENTED_EDGE('',*,*,#831,.T.);
#1069=ORIENTED_EDGE('',*,*,#832,.F.);
#1070=ORIENTED_EDGE('',*,*,#831,.F.);
#1071=ORIENTED_EDGE('',*,*,#833,.F.);
#1072=ORIENTED_EDGE('',*,*,#834,.T.);
#1073=ORIENTED_EDGE('',*,*,#835,.F.);
#1074=ORIENTED_EDGE('',*,*,#834,.F.);
#1075=ORIENTED_EDGE('',*,*,#836,.F.);
#1076=ORIENTED_EDGE('',*,*,#837,.T.);
#1077=ORIENTED_EDGE('',*,*,#838,.F.);
#1078=ORIENTED_EDGE('',*,*,#837,.F.);
#1079=ORIENTED_EDGE('',*,*,#839,.F.);
#1080=ORIENTED_EDGE('',*,*,#840,.T.);
#1081=ORIENTED_EDGE('',*,*,#841,.F.);
#1082=ORIENTED_EDGE('',*,*,#840,.F.);
#1083=ORIENTED_EDGE('',*,*,#842,.F.);
#1084=ORIENTED_EDGE('',*,*,#843,.T.);
#1085=ORIENTED_EDGE('',*,*,#844,.F.);
#1086=ORIENTED_EDGE('',*,*,#843,.F.);
#1087=ORIENTED_EDGE('',*,*,#845,.F.);
#1088=ORIENTED_EDGE('',*,*,#846,.T.);
#1089=ORIENTED_EDGE('',*,*,#847,.F.);
#1090=ORIENTED_EDGE('',*,*,#846,.F.);
#1091=ORIENTED_EDGE('',*,*,#848,.F.);
#1092=ORIENTED_EDGE('',*,*,#849,.T.);
#1093=ORIENTED_EDGE('',*,*,#850,.F.);
#1094=ORIENTED_EDGE('',*,*,#849,.F.);
#1095=ORIENTED_EDGE('',*,*,#851,.F.);
#1096=ORIENTED_EDGE('',*,*,#852,.T.);
#1097=ORIENTED_EDGE('',*,*,#853,.F.);
#1098=ORIENTED_EDGE('',*,*,#852,.F.);
#1099=ORIENTED_EDGE('',*,*,#854,.F.);
#1100=ORIENTED_EDGE('',*,*,#855,.T.);
#1101=ORIENTED_EDGE('',*,*,#856,.F.);
#1102=ORIENTED_EDGE('',*,*,#855,.F.);
#1103=ORIENTED_EDGE('',*,*,#857,.F.);
#1104=ORIENTED_EDGE('',*,*,#858,.T.);
#1105=ORIENTED_EDGE('',*,*,#859,.F.);
#1106=ORIENTED_EDGE('',*,*,#858,.F.);
#1107=ORIENTED_EDGE('',*,*,#860,.F.);
#1108=ORIENTED_EDGE('',*,*,#861,.T.);
#1109=ORIENTED_EDGE('',*,*,#862,.F.);
#1110=ORIENTED_EDGE('',*,*,#861,.F.);
#1111=ORIENTED_EDGE('',*,*,#863,.F.);
#1112=ORIENTED_EDGE('',*,*,#864,.T.);
#1113=ORIENTED_EDGE('',*,*,#865,.F.);
#1114=ORIENTED_EDGE('',*,*,#864,.F.);
#1115=ORIENTED_EDGE('',*,*,#866,.F.);
#1116=ORIENTED_EDGE('',*,*,#867,.T.);
#1117=ORIENTED_EDGE('',*,*,#868,.F.);
#1118=ORIENTED_EDGE('',*,*,#867,.F.);
#1119=ORIENTED_EDGE('',*,*,#869,.F.);
#1120=ORIENTED_EDGE('',*,*,#870,.T.);
#1121=ORIENTED_EDGE('',*,*,#871,.F.);
#1122=ORIENTED_EDGE('',*,*,#870,.F.);
#1123=ORIENTED_EDGE('',*,*,#872,.F.);
#1124=ORIENTED_EDGE('',*,*,#873,.T.);
#1125=ORIENTED_EDGE('',*,*,#874,.F.);
#1126=ORIENTED_EDGE('',*,*,#873,.F.);
#1127=ORIENTED_EDGE('',*,*,#875,.F.);
#1128=ORIENTED_EDGE('',*,*,#876,.T.);
#1129=ORIENTED_EDGE('',*,*,#877,.F.);
#1130=ORIENTED_EDGE('',*,*,#876,.F.);
#1131=ORIENTED_EDGE('',*,*,#878,.F.);
#1132=ORIENTED_EDGE('',*,*,#879,.T.);
#1133=ORIENTED_EDGE('',*,*,#880,.F.);
#1134=ORIENTED_EDGE('',*,*,#879,.F.);
#1135=ORIENTED_EDGE('',*,*,#881,.F.);
#1136=ORIENTED_EDGE('',*,*,#882,.T.);
#1137=ORIENTED_EDGE('',*,*,#883,.F.);
#1138=ORIENTED_EDGE('',*,*,#882,.F.);
#1139=ORIENTED_EDGE('',*,*,#884,.F.);
#1140=ORIENTED_EDGE('',*,*,#885,.T.);
#1141=ORIENTED_EDGE('',*,*,#886,.F.);
#1142=ORIENTED_EDGE('',*,*,#885,.F.);
#1143=ORIENTED_EDGE('',*,*,#887,.F.);
#1144=ORIENTED_EDGE('',*,*,#888,.T.);
#1145=ORIENTED_EDGE('',*,*,#889,.F.);
#1146=ORIENTED_EDGE('',*,*,#888,.F.);
#1147=ORIENTED_EDGE('',*,*,#890,.F.);
#1148=ORIENTED_EDGE('',*,*,#891,.T.);
#1149=ORIENTED_EDGE('',*,*,#892,.F.);
#1150=ORIENTED_EDGE('',*,*,#891,.F.);
#1151=ORIENTED_EDGE('',*,*,#893,.F.);
#1152=ORIENTED_EDGE('',*,*,#894,.T.);
#1153=ORIENTED_EDGE('',*,*,#895,.F.);
#1154=ORIENTED_EDGE('',*,*,#894,.F.);
#1155=ORIENTED_EDGE('',*,*,#896,.F.);
#1156=ORIENTED_EDGE('',*,*,#897,.T.);
#1157=ORIENTED_EDGE('',*,*,#898,.F.);
#1158=ORIENTED_EDGE('',*,*,#897,.F.);
#1159=ORIENTED_EDGE('',*,*,#899,.F.);
#1160=ORIENTED_EDGE('',*,*,#900,.T.);
#1161=ORIENTED_EDGE('',*,*,#901,.F.);
#1162=ORIENTED_EDGE('',*,*,#900,.F.);
#1163=ORIENTED_EDGE('',*,*,#902,.F.);
#1164=ORIENTED_EDGE('',*,*,#903,.T.);
#1165=ORIENTED_EDGE('',*,*,#904,.F.);
#1166=ORIENTED_EDGE('',*,*,#903,.F.);
#1167=ORIENTED_EDGE('',*,*,#905,.F.);
#1168=ORIENTED_EDGE('',*,*,#906,.T.);
#1169=ORIENTED_EDGE('',*,*,#907,.F.);
#1170=ORIENTED_EDGE('',*,*,#906,.F.);
#1171=ORIENTED_EDGE('',*,*,#908,.F.);
#1172=ORIENTED_EDGE('',*,*,#909,.T.);
#1173=ORIENTED_EDGE('',*,*,#910,.F.);
#1174=ORIENTED_EDGE('',*,*,#909,.F.);
#1175=ORIENTED_EDGE('',*,*,#911,.F.);
#1176=ORIENTED_EDGE('',*,*,#912,.T.);
#1177=ORIENTED_EDGE('',*,*,#913,.F.);
#1178=ORIENTED_EDGE('',*,*,#912,.F.);
#1179=ORIENTED_EDGE('',*,*,#914,.F.);
#1180=ORIENTED_EDGE('',*,*,#915,.T.);
#1181=ORIENTED_EDGE('',*,*,#916,.F.);
#1182=ORIENTED_EDGE('',*,*,#915,.F.);
#1183=ORIENTED_EDGE('',*,*,#917,.F.);
#1184=ORIENTED_EDGE('',*,*,#918,.T.);
#1185=ORIENTED_EDGE('',*,*,#919,.F.);
#1186=ORIENTED_EDGE('',*,*,#918,.F.);
#1187=ORIENTED_EDGE('',*,*,#920,.F.);
#1188=ORIENTED_EDGE('',*,*,#921,.T.);
#1189=ORIENTED_EDGE('',*,*,#922,.F.);
#1190=ORIENTED_EDGE('',*,*,#921,.F.);
#1191=ORIENTED_EDGE('',*,*,#923,.F.);
#1192=ORIENTED_EDGE('',*,*,#924,.T.);
#1193=ORIENTED_EDGE('',*,*,#925,.F.);
#1194=ORIENTED_EDGE('',*,*,#924,.F.);
#1195=ORIENTED_EDGE('',*,*,#926,.F.);
#1196=ORIENTED_EDGE('',*,*,#927,.T.);
#1197=ORIENTED_EDGE('',*,*,#928,.F.);
#1198=ORIENTED_EDGE('',*,*,#927,.F.);
#1199=ORIENTED_EDGE('',*,*,#929,.F.);
#1200=ORIENTED_EDGE('',*,*,#930,.T.);
#1201=ORIENTED_EDGE('',*,*,#931,.F.);
#1202=ORIENTED_EDGE('',*,*,#930,.F.);
#1203=ORIENTED_EDGE('',*,*,#932,.F.);
#1204=ORIENTED_EDGE('',*,*,#933,.T.);
#1205=ORIENTED_EDGE('',*,*,#934,.F.);
#1206=ORIENTED_EDGE('',*,*,#933,.F.);
#1207=ORIENTED_EDGE('',*,*,#935,.T.);
#1208=ORIENTED_EDGE('',*,*,#936,.T.);
#1209=ORIENTED_EDGE('',*,*,#937,.F.);
#1210=ORIENTED_EDGE('',*,*,#938,.F.);
#1211=ORIENTED_EDGE('',*,*,#939,.F.);
#1212=ORIENTED_EDGE('',*,*,#938,.T.);
#1213=ORIENTED_EDGE('',*,*,#940,.F.);
#1214=ORIENTED_EDGE('',*,*,#941,.F.);
#1215=ORIENTED_EDGE('',*,*,#942,.T.);
#1216=ORIENTED_EDGE('',*,*,#941,.T.);
#1217=ORIENTED_EDGE('',*,*,#943,.F.);
#1218=ORIENTED_EDGE('',*,*,#944,.F.);
#1219=ORIENTED_EDGE('',*,*,#945,.F.);
#1220=ORIENTED_EDGE('',*,*,#944,.T.);
#1221=ORIENTED_EDGE('',*,*,#946,.F.);
#1222=ORIENTED_EDGE('',*,*,#947,.F.);
#1223=ORIENTED_EDGE('',*,*,#948,.T.);
#1224=ORIENTED_EDGE('',*,*,#947,.T.);
#1225=ORIENTED_EDGE('',*,*,#949,.F.);
#1226=ORIENTED_EDGE('',*,*,#950,.F.);
#1227=ORIENTED_EDGE('',*,*,#951,.F.);
#1228=ORIENTED_EDGE('',*,*,#950,.T.);
#1229=ORIENTED_EDGE('',*,*,#952,.F.);
#1230=ORIENTED_EDGE('',*,*,#953,.F.);
#1231=ORIENTED_EDGE('',*,*,#954,.T.);
#1232=ORIENTED_EDGE('',*,*,#953,.T.);
#1233=ORIENTED_EDGE('',*,*,#955,.F.);
#1234=ORIENTED_EDGE('',*,*,#956,.F.);
#1235=ORIENTED_EDGE('',*,*,#957,.F.);
#1236=ORIENTED_EDGE('',*,*,#956,.T.);
#1237=ORIENTED_EDGE('',*,*,#958,.F.);
#1238=ORIENTED_EDGE('',*,*,#936,.F.);
#1239=ORIENTED_EDGE('',*,*,#957,.T.);
#1240=ORIENTED_EDGE('',*,*,#935,.F.);
#1241=ORIENTED_EDGE('',*,*,#939,.T.);
#1242=ORIENTED_EDGE('',*,*,#942,.F.);
#1243=ORIENTED_EDGE('',*,*,#945,.T.);
#1244=ORIENTED_EDGE('',*,*,#948,.F.);
#1245=ORIENTED_EDGE('',*,*,#951,.T.);
#1246=ORIENTED_EDGE('',*,*,#954,.F.);
#1247=ORIENTED_EDGE('',*,*,#934,.T.);
#1248=ORIENTED_EDGE('',*,*,#931,.T.);
#1249=ORIENTED_EDGE('',*,*,#928,.T.);
#1250=ORIENTED_EDGE('',*,*,#925,.T.);
#1251=ORIENTED_EDGE('',*,*,#922,.T.);
#1252=ORIENTED_EDGE('',*,*,#919,.T.);
#1253=ORIENTED_EDGE('',*,*,#916,.T.);
#1254=ORIENTED_EDGE('',*,*,#913,.T.);
#1255=ORIENTED_EDGE('',*,*,#910,.T.);
#1256=ORIENTED_EDGE('',*,*,#907,.T.);
#1257=ORIENTED_EDGE('',*,*,#904,.T.);
#1258=ORIENTED_EDGE('',*,*,#901,.T.);
#1259=ORIENTED_EDGE('',*,*,#898,.T.);
#1260=ORIENTED_EDGE('',*,*,#895,.T.);
#1261=ORIENTED_EDGE('',*,*,#892,.T.);
#1262=ORIENTED_EDGE('',*,*,#889,.T.);
#1263=ORIENTED_EDGE('',*,*,#886,.T.);
#1264=ORIENTED_EDGE('',*,*,#883,.T.);
#1265=ORIENTED_EDGE('',*,*,#880,.T.);
#1266=ORIENTED_EDGE('',*,*,#877,.T.);
#1267=ORIENTED_EDGE('',*,*,#874,.T.);
#1268=ORIENTED_EDGE('',*,*,#871,.T.);
#1269=ORIENTED_EDGE('',*,*,#868,.T.);
#1270=ORIENTED_EDGE('',*,*,#865,.T.);
#1271=ORIENTED_EDGE('',*,*,#862,.T.);
#1272=ORIENTED_EDGE('',*,*,#859,.T.);
#1273=ORIENTED_EDGE('',*,*,#856,.T.);
#1274=ORIENTED_EDGE('',*,*,#853,.T.);
#1275=ORIENTED_EDGE('',*,*,#850,.T.);
#1276=ORIENTED_EDGE('',*,*,#847,.T.);
#1277=ORIENTED_EDGE('',*,*,#844,.T.);
#1278=ORIENTED_EDGE('',*,*,#841,.T.);
#1279=ORIENTED_EDGE('',*,*,#838,.T.);
#1280=ORIENTED_EDGE('',*,*,#835,.T.);
#1281=ORIENTED_EDGE('',*,*,#832,.T.);
#1282=ORIENTED_EDGE('',*,*,#829,.T.);
#1283=ORIENTED_EDGE('',*,*,#826,.T.);
#1284=ORIENTED_EDGE('',*,*,#823,.T.);
#1285=ORIENTED_EDGE('',*,*,#820,.T.);
#1286=ORIENTED_EDGE('',*,*,#817,.T.);
#1287=ORIENTED_EDGE('',*,*,#814,.T.);
#1288=ORIENTED_EDGE('',*,*,#811,.T.);
#1289=ORIENTED_EDGE('',*,*,#808,.T.);
#1290=ORIENTED_EDGE('',*,*,#805,.T.);
#1291=ORIENTED_EDGE('',*,*,#958,.T.);
#1292=ORIENTED_EDGE('',*,*,#955,.T.);
#1293=ORIENTED_EDGE('',*,*,#952,.T.);
#1294=ORIENTED_EDGE('',*,*,#949,.T.);
#1295=ORIENTED_EDGE('',*,*,#946,.T.);
#1296=ORIENTED_EDGE('',*,*,#943,.T.);
#1297=ORIENTED_EDGE('',*,*,#940,.T.);
#1298=ORIENTED_EDGE('',*,*,#937,.T.);
#1299=ORIENTED_EDGE('',*,*,#932,.T.);
#1300=ORIENTED_EDGE('',*,*,#929,.T.);
#1301=ORIENTED_EDGE('',*,*,#926,.T.);
#1302=ORIENTED_EDGE('',*,*,#923,.T.);
#1303=ORIENTED_EDGE('',*,*,#920,.T.);
#1304=ORIENTED_EDGE('',*,*,#917,.T.);
#1305=ORIENTED_EDGE('',*,*,#914,.T.);
#1306=ORIENTED_EDGE('',*,*,#911,.T.);
#1307=ORIENTED_EDGE('',*,*,#908,.T.);
#1308=ORIENTED_EDGE('',*,*,#905,.T.);
#1309=ORIENTED_EDGE('',*,*,#902,.T.);
#1310=ORIENTED_EDGE('',*,*,#899,.T.);
#1311=ORIENTED_EDGE('',*,*,#896,.T.);
#1312=ORIENTED_EDGE('',*,*,#893,.T.);
#1313=ORIENTED_EDGE('',*,*,#890,.T.);
#1314=ORIENTED_EDGE('',*,*,#887,.T.);
#1315=ORIENTED_EDGE('',*,*,#884,.T.);
#1316=ORIENTED_EDGE('',*,*,#881,.T.);
#1317=ORIENTED_EDGE('',*,*,#878,.T.);
#1318=ORIENTED_EDGE('',*,*,#875,.T.);
#1319=ORIENTED_EDGE('',*,*,#872,.T.);
#1320=ORIENTED_EDGE('',*,*,#869,.T.);
#1321=ORIENTED_EDGE('',*,*,#866,.T.);
#1322=ORIENTED_EDGE('',*,*,#863,.T.);
#1323=ORIENTED_EDGE('',*,*,#860,.T.);
#1324=ORIENTED_EDGE('',*,*,#857,.T.);
#1325=ORIENTED_EDGE('',*,*,#854,.T.);
#1326=ORIENTED_EDGE('',*,*,#851,.T.);
#1327=ORIENTED_EDGE('',*,*,#848,.T.);
#1328=ORIENTED_EDGE('',*,*,#845,.T.);
#1329=ORIENTED_EDGE('',*,*,#842,.T.);
#1330=ORIENTED_EDGE('',*,*,#839,.T.);
#1331=ORIENTED_EDGE('',*,*,#836,.T.);
#1332=ORIENTED_EDGE('',*,*,#833,.T.);
#1333=ORIENTED_EDGE('',*,*,#830,.T.);
#1334=ORIENTED_EDGE('',*,*,#827,.T.);
#1335=ORIENTED_EDGE('',*,*,#824,.T.);
#1336=ORIENTED_EDGE('',*,*,#821,.T.);
#1337=ORIENTED_EDGE('',*,*,#818,.T.);
#1338=ORIENTED_EDGE('',*,*,#815,.T.);
#1339=ORIENTED_EDGE('',*,*,#812,.T.);
#1340=ORIENTED_EDGE('',*,*,#809,.T.);
#1341=ORIENTED_EDGE('',*,*,#806,.T.);
#1342=ORIENTED_EDGE('',*,*,#803,.T.);
#1343=CYLINDRICAL_SURFACE('',#1464,2.25);
#1344=CYLINDRICAL_SURFACE('',#1481,0.699999999999991);
#1345=CYLINDRICAL_SURFACE('',#1484,0.69999999999999);
#1346=CYLINDRICAL_SURFACE('',#1487,0.699999999999991);
#1347=CYLINDRICAL_SURFACE('',#1490,0.69999999999999);
#1348=CYLINDRICAL_SURFACE('',#1493,2.99999999999999);
#1349=CYLINDRICAL_SURFACE('',#1496,0.69999999999999);
#1350=CYLINDRICAL_SURFACE('',#1499,0.69999999999999);
#1351=CYLINDRICAL_SURFACE('',#1502,0.699999999999991);
#1352=CYLINDRICAL_SURFACE('',#1505,0.69999999999999);
#1353=CYLINDRICAL_SURFACE('',#1508,0.699999999999991);
#1354=CYLINDRICAL_SURFACE('',#1511,0.69999999999999);
#1355=CYLINDRICAL_SURFACE('',#1514,0.69999999999999);
#1356=CYLINDRICAL_SURFACE('',#1517,0.699999999999991);
#1357=CYLINDRICAL_SURFACE('',#1520,0.69999999999999);
#1358=CYLINDRICAL_SURFACE('',#1523,0.699999999999991);
#1359=CYLINDRICAL_SURFACE('',#1526,0.699999999999991);
#1360=CYLINDRICAL_SURFACE('',#1529,2.99999999999999);
#1361=CYLINDRICAL_SURFACE('',#1532,2.99999999999999);
#1362=CYLINDRICAL_SURFACE('',#1535,0.69999999999999);
#1363=CYLINDRICAL_SURFACE('',#1538,0.699999999999991);
#1364=CYLINDRICAL_SURFACE('',#1541,0.69999999999999);
#1365=CYLINDRICAL_SURFACE('',#1544,0.699999999999991);
#1366=CYLINDRICAL_SURFACE('',#1547,0.69999999999999);
#1367=CYLINDRICAL_SURFACE('',#1550,0.699999999999991);
#1368=CYLINDRICAL_SURFACE('',#1553,0.69999999999999);
#1369=CYLINDRICAL_SURFACE('',#1556,0.699999999999991);
#1370=CYLINDRICAL_SURFACE('',#1559,0.699999999999991);
#1371=CYLINDRICAL_SURFACE('',#1562,0.69999999999999);
#1372=CYLINDRICAL_SURFACE('',#1565,0.69999999999999);
#1373=CYLINDRICAL_SURFACE('',#1568,0.69999999999999);
#1374=CYLINDRICAL_SURFACE('',#1571,0.699999999999991);
#1375=CYLINDRICAL_SURFACE('',#1574,0.69999999999999);
#1376=CYLINDRICAL_SURFACE('',#1577,0.69999999999999);
#1377=CYLINDRICAL_SURFACE('',#1580,0.69999999999999);
#1378=CYLINDRICAL_SURFACE('',#1583,0.69999999999999);
#1379=CYLINDRICAL_SURFACE('',#1586,0.69999999999999);
#1380=CYLINDRICAL_SURFACE('',#1589,0.69999999999999);
#1381=CYLINDRICAL_SURFACE('',#1592,0.699999999999991);
#1382=CYLINDRICAL_SURFACE('',#1595,0.69999999999999);
#1383=CYLINDRICAL_SURFACE('',#1598,0.69999999999999);
#1384=CYLINDRICAL_SURFACE('',#1601,0.69999999999999);
#1385=CYLINDRICAL_SURFACE('',#1604,2.99999999999999);
#1386=CYLINDRICAL_SURFACE('',#1607,0.69999999999999);
#1387=CYLINDRICAL_SURFACE('',#1610,0.69999999999999);
#1388=CYLINDRICAL_SURFACE('',#1614,3.);
#1389=CYLINDRICAL_SURFACE('',#1618,2.99999999999999);
#1390=CYLINDRICAL_SURFACE('',#1622,3.);
#1391=CYLINDRICAL_SURFACE('',#1626,2.99999999999999);
#1392=ADVANCED_FACE('',(#126),#1343,.T.);
#1393=ADVANCED_FACE('',(#127),#106,.T.);
#1394=ADVANCED_FACE('',(#128),#107,.T.);
#1395=ADVANCED_FACE('',(#129),#108,.T.);
#1396=ADVANCED_FACE('',(#130),#109,.T.);
#1397=ADVANCED_FACE('',(#131),#110,.T.);
#1398=ADVANCED_FACE('',(#132),#111,.T.);
#1399=ADVANCED_FACE('',(#133),#112,.T.);
#1400=ADVANCED_FACE('',(#134),#113,.T.);
#1401=ADVANCED_FACE('',(#135),#114,.T.);
#1402=ADVANCED_FACE('',(#136),#115,.T.);
#1403=ADVANCED_FACE('',(#137),#116,.T.);
#1404=ADVANCED_FACE('',(#138),#117,.T.);
#1405=ADVANCED_FACE('',(#139,#17),#118,.T.);
#1406=ADVANCED_FACE('',(#140),#119,.F.);
#1407=ADVANCED_FACE('',(#141),#1344,.F.);
#1408=ADVANCED_FACE('',(#142),#1345,.F.);
#1409=ADVANCED_FACE('',(#143),#1346,.F.);
#1410=ADVANCED_FACE('',(#144),#1347,.F.);
#1411=ADVANCED_FACE('',(#145),#1348,.F.);
#1412=ADVANCED_FACE('',(#146),#1349,.F.);
#1413=ADVANCED_FACE('',(#147),#1350,.F.);
#1414=ADVANCED_FACE('',(#148),#1351,.F.);
#1415=ADVANCED_FACE('',(#149),#1352,.F.);
#1416=ADVANCED_FACE('',(#150),#1353,.F.);
#1417=ADVANCED_FACE('',(#151),#1354,.F.);
#1418=ADVANCED_FACE('',(#152),#1355,.F.);
#1419=ADVANCED_FACE('',(#153),#1356,.F.);
#1420=ADVANCED_FACE('',(#154),#1357,.F.);
#1421=ADVANCED_FACE('',(#155),#1358,.F.);
#1422=ADVANCED_FACE('',(#156),#1359,.F.);
#1423=ADVANCED_FACE('',(#157),#1360,.F.);
#1424=ADVANCED_FACE('',(#158),#1361,.F.);
#1425=ADVANCED_FACE('',(#159),#1362,.F.);
#1426=ADVANCED_FACE('',(#160),#1363,.F.);
#1427=ADVANCED_FACE('',(#161),#1364,.F.);
#1428=ADVANCED_FACE('',(#162),#1365,.F.);
#1429=ADVANCED_FACE('',(#163),#1366,.F.);
#1430=ADVANCED_FACE('',(#164),#1367,.F.);
#1431=ADVANCED_FACE('',(#165),#1368,.F.);
#1432=ADVANCED_FACE('',(#166),#1369,.F.);
#1433=ADVANCED_FACE('',(#167),#1370,.F.);
#1434=ADVANCED_FACE('',(#168),#1371,.F.);
#1435=ADVANCED_FACE('',(#169),#1372,.F.);
#1436=ADVANCED_FACE('',(#170),#1373,.F.);
#1437=ADVANCED_FACE('',(#171),#1374,.F.);
#1438=ADVANCED_FACE('',(#172),#1375,.F.);
#1439=ADVANCED_FACE('',(#173),#1376,.F.);
#1440=ADVANCED_FACE('',(#174),#1377,.F.);
#1441=ADVANCED_FACE('',(#175),#1378,.F.);
#1442=ADVANCED_FACE('',(#176),#1379,.F.);
#1443=ADVANCED_FACE('',(#177),#1380,.F.);
#1444=ADVANCED_FACE('',(#178),#1381,.F.);
#1445=ADVANCED_FACE('',(#179),#1382,.F.);
#1446=ADVANCED_FACE('',(#180),#1383,.F.);
#1447=ADVANCED_FACE('',(#181),#1384,.F.);
#1448=ADVANCED_FACE('',(#182),#1385,.F.);
#1449=ADVANCED_FACE('',(#183),#1386,.F.);
#1450=ADVANCED_FACE('',(#184),#1387,.F.);
#1451=ADVANCED_FACE('',(#185),#120,.T.);
#1452=ADVANCED_FACE('',(#186),#1388,.T.);
#1453=ADVANCED_FACE('',(#187),#121,.T.);
#1454=ADVANCED_FACE('',(#188),#1389,.T.);
#1455=ADVANCED_FACE('',(#189),#122,.T.);
#1456=ADVANCED_FACE('',(#190),#1390,.T.);
#1457=ADVANCED_FACE('',(#191),#123,.T.);
#1458=ADVANCED_FACE('',(#192),#1391,.T.);
#1459=ADVANCED_FACE('',(#193,#18,#19,#20,#21,#22,#23,#24,#25,#26,#27,#28,
#29,#30,#31,#32,#33,#34,#35,#36,#37,#38,#39,#40,#41,#42,#43,#44,#45,#46,
#47,#48,#49,#50,#51,#52,#53,#54,#55,#56,#57,#58,#59,#60,#61),#124,.T.);
#1460=ADVANCED_FACE('',(#194,#62,#63,#64,#65,#66,#67,#68,#69,#70,#71,#72,
#73,#74,#75,#76,#77,#78,#79,#80,#81,#82,#83,#84,#85,#86,#87,#88,#89,#90,
#91,#92,#93,#94,#95,#96,#97,#98,#99,#100,#101,#102,#103,#104,#105),#125,
 .F.);
#1461=CLOSED_SHELL('',(#1392,#1393,#1394,#1395,#1396,#1397,#1398,#1399,
#1400,#1401,#1402,#1403,#1404,#1405,#1406));
#1462=CLOSED_SHELL('',(#1407,#1408,#1409,#1410,#1411,#1412,#1413,#1414,
#1415,#1416,#1417,#1418,#1419,#1420,#1421,#1422,#1423,#1424,#1425,#1426,
#1427,#1428,#1429,#1430,#1431,#1432,#1433,#1434,#1435,#1436,#1437,#1438,
#1439,#1440,#1441,#1442,#1443,#1444,#1445,#1446,#1447,#1448,#1449,#1450,
#1451,#1452,#1453,#1454,#1455,#1456,#1457,#1458,#1459,#1460));
#1463=AXIS2_PLACEMENT_3D('',#2061,#1631,#1632);
#1464=AXIS2_PLACEMENT_3D('',#2062,#1633,#1634);
#1465=AXIS2_PLACEMENT_3D('',#2064,#1635,#1636);
#1466=AXIS2_PLACEMENT_3D('',#2067,#1638,#1639);
#1467=AXIS2_PLACEMENT_3D('',#2068,#1640,#1641);
#1468=AXIS2_PLACEMENT_3D('',#2069,#1642,#1643);
#1469=AXIS2_PLACEMENT_3D('',#2086,#1652,#1653);
#1470=AXIS2_PLACEMENT_3D('',#2095,#1658,#1659);
#1471=AXIS2_PLACEMENT_3D('',#2098,#1662,#1663);
#1472=AXIS2_PLACEMENT_3D('',#2101,#1666,#1667);
#1473=AXIS2_PLACEMENT_3D('',#2102,#1668,#1669);
#1474=AXIS2_PLACEMENT_3D('',#2108,#1673,#1674);
#1475=AXIS2_PLACEMENT_3D('',#2112,#1677,#1678);
#1476=AXIS2_PLACEMENT_3D('',#2120,#1683,#1684);
#1477=AXIS2_PLACEMENT_3D('',#2126,#1688,#1689);
#1478=AXIS2_PLACEMENT_3D('',#2132,#1693,#1694);
#1479=AXIS2_PLACEMENT_3D('',#2135,#1697,#1698);
#1480=AXIS2_PLACEMENT_3D('',#2136,#1699,#1700);
#1481=AXIS2_PLACEMENT_3D('',#2137,#1701,#1702);
#1482=AXIS2_PLACEMENT_3D('',#2139,#1703,#1704);
#1483=AXIS2_PLACEMENT_3D('',#2142,#1706,#1707);
#1484=AXIS2_PLACEMENT_3D('',#2143,#1708,#1709);
#1485=AXIS2_PLACEMENT_3D('',#2145,#1710,#1711);
#1486=AXIS2_PLACEMENT_3D('',#2148,#1713,#1714);
#1487=AXIS2_PLACEMENT_3D('',#2149,#1715,#1716);
#1488=AXIS2_PLACEMENT_3D('',#2151,#1717,#1718);
#1489=AXIS2_PLACEMENT_3D('',#2154,#1720,#1721);
#1490=AXIS2_PLACEMENT_3D('',#2155,#1722,#1723);
#1491=AXIS2_PLACEMENT_3D('',#2157,#1724,#1725);
#1492=AXIS2_PLACEMENT_3D('',#2160,#1727,#1728);
#1493=AXIS2_PLACEMENT_3D('',#2161,#1729,#1730);
#1494=AXIS2_PLACEMENT_3D('',#2163,#1731,#1732);
#1495=AXIS2_PLACEMENT_3D('',#2166,#1734,#1735);
#1496=AXIS2_PLACEMENT_3D('',#2167,#1736,#1737);
#1497=AXIS2_PLACEMENT_3D('',#2169,#1738,#1739);
#1498=AXIS2_PLACEMENT_3D('',#2172,#1741,#1742);
#1499=AXIS2_PLACEMENT_3D('',#2173,#1743,#1744);
#1500=AXIS2_PLACEMENT_3D('',#2175,#1745,#1746);
#1501=AXIS2_PLACEMENT_3D('',#2178,#1748,#1749);
#1502=AXIS2_PLACEMENT_3D('',#2179,#1750,#1751);
#1503=AXIS2_PLACEMENT_3D('',#2181,#1752,#1753);
#1504=AXIS2_PLACEMENT_3D('',#2184,#1755,#1756);
#1505=AXIS2_PLACEMENT_3D('',#2185,#1757,#1758);
#1506=AXIS2_PLACEMENT_3D('',#2187,#1759,#1760);
#1507=AXIS2_PLACEMENT_3D('',#2190,#1762,#1763);
#1508=AXIS2_PLACEMENT_3D('',#2191,#1764,#1765);
#1509=AXIS2_PLACEMENT_3D('',#2193,#1766,#1767);
#1510=AXIS2_PLACEMENT_3D('',#2196,#1769,#1770);
#1511=AXIS2_PLACEMENT_3D('',#2197,#1771,#1772);
#1512=AXIS2_PLACEMENT_3D('',#2199,#1773,#1774);
#1513=AXIS2_PLACEMENT_3D('',#2202,#1776,#1777);
#1514=AXIS2_PLACEMENT_3D('',#2203,#1778,#1779);
#1515=AXIS2_PLACEMENT_3D('',#2205,#1780,#1781);
#1516=AXIS2_PLACEMENT_3D('',#2208,#1783,#1784);
#1517=AXIS2_PLACEMENT_3D('',#2209,#1785,#1786);
#1518=AXIS2_PLACEMENT_3D('',#2211,#1787,#1788);
#1519=AXIS2_PLACEMENT_3D('',#2214,#1790,#1791);
#1520=AXIS2_PLACEMENT_3D('',#2215,#1792,#1793);
#1521=AXIS2_PLACEMENT_3D('',#2217,#1794,#1795);
#1522=AXIS2_PLACEMENT_3D('',#2220,#1797,#1798);
#1523=AXIS2_PLACEMENT_3D('',#2221,#1799,#1800);
#1524=AXIS2_PLACEMENT_3D('',#2223,#1801,#1802);
#1525=AXIS2_PLACEMENT_3D('',#2226,#1804,#1805);
#1526=AXIS2_PLACEMENT_3D('',#2227,#1806,#1807);
#1527=AXIS2_PLACEMENT_3D('',#2229,#1808,#1809);
#1528=AXIS2_PLACEMENT_3D('',#2232,#1811,#1812);
#1529=AXIS2_PLACEMENT_3D('',#2233,#1813,#1814);
#1530=AXIS2_PLACEMENT_3D('',#2235,#1815,#1816);
#1531=AXIS2_PLACEMENT_3D('',#2238,#1818,#1819);
#1532=AXIS2_PLACEMENT_3D('',#2239,#1820,#1821);
#1533=AXIS2_PLACEMENT_3D('',#2241,#1822,#1823);
#1534=AXIS2_PLACEMENT_3D('',#2244,#1825,#1826);
#1535=AXIS2_PLACEMENT_3D('',#2245,#1827,#1828);
#1536=AXIS2_PLACEMENT_3D('',#2247,#1829,#1830);
#1537=AXIS2_PLACEMENT_3D('',#2250,#1832,#1833);
#1538=AXIS2_PLACEMENT_3D('',#2251,#1834,#1835);
#1539=AXIS2_PLACEMENT_3D('',#2253,#1836,#1837);
#1540=AXIS2_PLACEMENT_3D('',#2256,#1839,#1840);
#1541=AXIS2_PLACEMENT_3D('',#2257,#1841,#1842);
#1542=AXIS2_PLACEMENT_3D('',#2259,#1843,#1844);
#1543=AXIS2_PLACEMENT_3D('',#2262,#1846,#1847);
#1544=AXIS2_PLACEMENT_3D('',#2263,#1848,#1849);
#1545=AXIS2_PLACEMENT_3D('',#2265,#1850,#1851);
#1546=AXIS2_PLACEMENT_3D('',#2268,#1853,#1854);
#1547=AXIS2_PLACEMENT_3D('',#2269,#1855,#1856);
#1548=AXIS2_PLACEMENT_3D('',#2271,#1857,#1858);
#1549=AXIS2_PLACEMENT_3D('',#2274,#1860,#1861);
#1550=AXIS2_PLACEMENT_3D('',#2275,#1862,#1863);
#1551=AXIS2_PLACEMENT_3D('',#2277,#1864,#1865);
#1552=AXIS2_PLACEMENT_3D('',#2280,#1867,#1868);
#1553=AXIS2_PLACEMENT_3D('',#2281,#1869,#1870);
#1554=AXIS2_PLACEMENT_3D('',#2283,#1871,#1872);
#1555=AXIS2_PLACEMENT_3D('',#2286,#1874,#1875);
#1556=AXIS2_PLACEMENT_3D('',#2287,#1876,#1877);
#1557=AXIS2_PLACEMENT_3D('',#2289,#1878,#1879);
#1558=AXIS2_PLACEMENT_3D('',#2292,#1881,#1882);
#1559=AXIS2_PLACEMENT_3D('',#2293,#1883,#1884);
#1560=AXIS2_PLACEMENT_3D('',#2295,#1885,#1886);
#1561=AXIS2_PLACEMENT_3D('',#2298,#1888,#1889);
#1562=AXIS2_PLACEMENT_3D('',#2299,#1890,#1891);
#1563=AXIS2_PLACEMENT_3D('',#2301,#1892,#1893);
#1564=AXIS2_PLACEMENT_3D('',#2304,#1895,#1896);
#1565=AXIS2_PLACEMENT_3D('',#2305,#1897,#1898);
#1566=AXIS2_PLACEMENT_3D('',#2307,#1899,#1900);
#1567=AXIS2_PLACEMENT_3D('',#2310,#1902,#1903);
#1568=AXIS2_PLACEMENT_3D('',#2311,#1904,#1905);
#1569=AXIS2_PLACEMENT_3D('',#2313,#1906,#1907);
#1570=AXIS2_PLACEMENT_3D('',#2316,#1909,#1910);
#1571=AXIS2_PLACEMENT_3D('',#2317,#1911,#1912);
#1572=AXIS2_PLACEMENT_3D('',#2319,#1913,#1914);
#1573=AXIS2_PLACEMENT_3D('',#2322,#1916,#1917);
#1574=AXIS2_PLACEMENT_3D('',#2323,#1918,#1919);
#1575=AXIS2_PLACEMENT_3D('',#2325,#1920,#1921);
#1576=AXIS2_PLACEMENT_3D('',#2328,#1923,#1924);
#1577=AXIS2_PLACEMENT_3D('',#2329,#1925,#1926);
#1578=AXIS2_PLACEMENT_3D('',#2331,#1927,#1928);
#1579=AXIS2_PLACEMENT_3D('',#2334,#1930,#1931);
#1580=AXIS2_PLACEMENT_3D('',#2335,#1932,#1933);
#1581=AXIS2_PLACEMENT_3D('',#2337,#1934,#1935);
#1582=AXIS2_PLACEMENT_3D('',#2340,#1937,#1938);
#1583=AXIS2_PLACEMENT_3D('',#2341,#1939,#1940);
#1584=AXIS2_PLACEMENT_3D('',#2343,#1941,#1942);
#1585=AXIS2_PLACEMENT_3D('',#2346,#1944,#1945);
#1586=AXIS2_PLACEMENT_3D('',#2347,#1946,#1947);
#1587=AXIS2_PLACEMENT_3D('',#2349,#1948,#1949);
#1588=AXIS2_PLACEMENT_3D('',#2352,#1951,#1952);
#1589=AXIS2_PLACEMENT_3D('',#2353,#1953,#1954);
#1590=AXIS2_PLACEMENT_3D('',#2355,#1955,#1956);
#1591=AXIS2_PLACEMENT_3D('',#2358,#1958,#1959);
#1592=AXIS2_PLACEMENT_3D('',#2359,#1960,#1961);
#1593=AXIS2_PLACEMENT_3D('',#2361,#1962,#1963);
#1594=AXIS2_PLACEMENT_3D('',#2364,#1965,#1966);
#1595=AXIS2_PLACEMENT_3D('',#2365,#1967,#1968);
#1596=AXIS2_PLACEMENT_3D('',#2367,#1969,#1970);
#1597=AXIS2_PLACEMENT_3D('',#2370,#1972,#1973);
#1598=AXIS2_PLACEMENT_3D('',#2371,#1974,#1975);
#1599=AXIS2_PLACEMENT_3D('',#2373,#1976,#1977);
#1600=AXIS2_PLACEMENT_3D('',#2376,#1979,#1980);
#1601=AXIS2_PLACEMENT_3D('',#2377,#1981,#1982);
#1602=AXIS2_PLACEMENT_3D('',#2379,#1983,#1984);
#1603=AXIS2_PLACEMENT_3D('',#2382,#1986,#1987);
#1604=AXIS2_PLACEMENT_3D('',#2383,#1988,#1989);
#1605=AXIS2_PLACEMENT_3D('',#2385,#1990,#1991);
#1606=AXIS2_PLACEMENT_3D('',#2388,#1993,#1994);
#1607=AXIS2_PLACEMENT_3D('',#2389,#1995,#1996);
#1608=AXIS2_PLACEMENT_3D('',#2391,#1997,#1998);
#1609=AXIS2_PLACEMENT_3D('',#2394,#2000,#2001);
#1610=AXIS2_PLACEMENT_3D('',#2395,#2002,#2003);
#1611=AXIS2_PLACEMENT_3D('',#2397,#2004,#2005);
#1612=AXIS2_PLACEMENT_3D('',#2400,#2007,#2008);
#1613=AXIS2_PLACEMENT_3D('',#2401,#2009,#2010);
#1614=AXIS2_PLACEMENT_3D('',#2410,#2015,#2016);
#1615=AXIS2_PLACEMENT_3D('',#2412,#2017,#2018);
#1616=AXIS2_PLACEMENT_3D('',#2414,#2019,#2020);
#1617=AXIS2_PLACEMENT_3D('',#2416,#2022,#2023);
#1618=AXIS2_PLACEMENT_3D('',#2422,#2027,#2028);
#1619=AXIS2_PLACEMENT_3D('',#2424,#2029,#2030);
#1620=AXIS2_PLACEMENT_3D('',#2426,#2031,#2032);
#1621=AXIS2_PLACEMENT_3D('',#2428,#2034,#2035);
#1622=AXIS2_PLACEMENT_3D('',#2434,#2039,#2040);
#1623=AXIS2_PLACEMENT_3D('',#2436,#2041,#2042);
#1624=AXIS2_PLACEMENT_3D('',#2438,#2043,#2044);
#1625=AXIS2_PLACEMENT_3D('',#2440,#2046,#2047);
#1626=AXIS2_PLACEMENT_3D('',#2446,#2051,#2052);
#1627=AXIS2_PLACEMENT_3D('',#2447,#2053,#2054);
#1628=AXIS2_PLACEMENT_3D('',#2448,#2055,#2056);
#1629=AXIS2_PLACEMENT_3D('',#2449,#2057,#2058);
#1630=AXIS2_PLACEMENT_3D('',#2450,#2059,#2060);
#1631=DIRECTION('axis',(0.,0.,1.));
#1632=DIRECTION('refdir',(1.,0.,0.));
#1633=DIRECTION('center_axis',(0.,0.,1.));
#1634=DIRECTION('ref_axis',(-2.22044604925031E-16,-1.,0.));
#1635=DIRECTION('center_axis',(0.,0.,1.));
#1636=DIRECTION('ref_axis',(-2.22044604925031E-16,-1.,0.));
#1637=DIRECTION('',(0.,0.,-1.));
#1638=DIRECTION('center_axis',(0.,0.,-1.));
#1639=DIRECTION('ref_axis',(-2.22044604925031E-16,-1.,0.));
#1640=DIRECTION('center_axis',(0.,0.,1.));
#1641=DIRECTION('ref_axis',(-2.22044604925031E-16,-1.,0.));
#1642=DIRECTION('center_axis',(-1.,2.22044604925031E-16,0.));
#1643=DIRECTION('ref_axis',(-2.22044604925031E-16,-1.,0.));
#1644=DIRECTION('',(0.,0.,1.));
#1645=DIRECTION('',(2.22044604925031E-16,1.,0.));
#1646=DIRECTION('',(0.,0.,1.));
#1647=DIRECTION('',(-2.22044604925031E-16,-1.,0.));
#1648=DIRECTION('',(0.,0.,1.));
#1649=DIRECTION('',(-2.22044604925031E-16,-1.,0.));
#1650=DIRECTION('',(0.,0.,1.));
#1651=DIRECTION('',(-2.22044604925031E-16,-1.,0.));
#1652=DIRECTION('center_axis',(1.,-2.22044604925031E-16,0.));
#1653=DIRECTION('ref_axis',(2.22044604925031E-16,1.,0.));
#1654=DIRECTION('',(2.22044604925031E-16,1.,0.));
#1655=DIRECTION('',(0.,0.,1.));
#1656=DIRECTION('',(2.22044604925031E-16,1.,0.));
#1657=DIRECTION('',(0.,0.,1.));
#1658=DIRECTION('center_axis',(-2.22044604925031E-16,-1.,0.));
#1659=DIRECTION('ref_axis',(1.,-2.22044604925031E-16,0.));
#1660=DIRECTION('',(1.,-2.22044604925031E-16,0.));
#1661=DIRECTION('',(1.,-2.22044604925031E-16,0.));
#1662=DIRECTION('center_axis',(2.22044604925031E-16,1.,0.));
#1663=DIRECTION('ref_axis',(-1.,2.22044604925031E-16,0.));
#1664=DIRECTION('',(-1.,2.22044604925031E-16,0.));
#1665=DIRECTION('',(-1.,2.22044604925031E-16,0.));
#1666=DIRECTION('center_axis',(0.,0.,1.));
#1667=DIRECTION('ref_axis',(-2.22044604925031E-16,-1.,0.));
#1668=DIRECTION('center_axis',(-2.22044604925031E-16,-1.,0.));
#1669=DIRECTION('ref_axis',(1.,-2.22044604925031E-16,0.));
#1670=DIRECTION('',(1.,-2.22044604925031E-16,0.));
#1671=DIRECTION('',(1.,-2.22044604925031E-16,0.));
#1672=DIRECTION('',(0.,0.,1.));
#1673=DIRECTION('center_axis',(0.,0.,1.));
#1674=DIRECTION('ref_axis',(-2.22044604925031E-16,-1.,0.));
#1675=DIRECTION('',(-1.,2.22044604925031E-16,0.));
#1676=DIRECTION('',(2.22044604925031E-16,1.,0.));
#1677=DIRECTION('center_axis',(1.,-2.22044604925031E-16,0.));
#1678=DIRECTION('ref_axis',(2.22044604925031E-16,1.,0.));
#1679=DIRECTION('',(0.,0.,1.));
#1680=DIRECTION('',(2.22044604925031E-16,1.,0.));
#1681=DIRECTION('',(0.,0.,1.));
#1682=DIRECTION('',(2.22044604925031E-16,1.,0.));
#1683=DIRECTION('center_axis',(-2.22044604925031E-16,-1.,0.));
#1684=DIRECTION('ref_axis',(1.,-2.22044604925031E-16,0.));
#1685=DIRECTION('',(1.,-2.22044604925031E-16,0.));
#1686=DIRECTION('',(1.,-2.22044604925031E-16,0.));
#1687=DIRECTION('',(0.,0.,1.));
#1688=DIRECTION('center_axis',(-1.,2.22044604925031E-16,0.));
#1689=DIRECTION('ref_axis',(-2.22044604925031E-16,-1.,0.));
#1690=DIRECTION('',(-2.22044604925031E-16,-1.,0.));
#1691=DIRECTION('',(-2.22044604925031E-16,-1.,0.));
#1692=DIRECTION('',(0.,0.,1.));
#1693=DIRECTION('center_axis',(2.22044604925031E-16,1.,0.));
#1694=DIRECTION('ref_axis',(-1.,2.22044604925031E-16,0.));
#1695=DIRECTION('',(-1.,2.22044604925031E-16,0.));
#1696=DIRECTION('',(-1.,2.22044604925031E-16,0.));
#1697=DIRECTION('center_axis',(0.,0.,1.));
#1698=DIRECTION('ref_axis',(-2.22044604925031E-16,-1.,0.));
#1699=DIRECTION('center_axis',(0.,0.,1.));
#1700=DIRECTION('ref_axis',(-2.22044604925031E-16,-1.,0.));
#1701=DIRECTION('center_axis',(0.,0.,-1.));
#1702=DIRECTION('ref_axis',(1.,0.,0.));
#1703=DIRECTION('center_axis',(0.,0.,1.));
#1704=DIRECTION('ref_axis',(1.,0.,0.));
#1705=DIRECTION('',(0.,0.,1.));
#1706=DIRECTION('center_axis',(0.,0.,-1.));
#1707=DIRECTION('ref_axis',(1.,0.,0.));
#1708=DIRECTION('center_axis',(0.,0.,-1.));
#1709=DIRECTION('ref_axis',(1.,0.,0.));
#1710=DIRECTION('center_axis',(0.,0.,1.));
#1711=DIRECTION('ref_axis',(1.,0.,0.));
#1712=DIRECTION('',(0.,0.,1.));
#1713=DIRECTION('center_axis',(0.,0.,-1.));
#1714=DIRECTION('ref_axis',(1.,0.,0.));
#1715=DIRECTION('center_axis',(0.,0.,-1.));
#1716=DIRECTION('ref_axis',(1.,0.,0.));
#1717=DIRECTION('center_axis',(0.,0.,1.));
#1718=DIRECTION('ref_axis',(1.,0.,0.));
#1719=DIRECTION('',(0.,0.,1.));
#1720=DIRECTION('center_axis',(0.,0.,-1.));
#1721=DIRECTION('ref_axis',(1.,0.,0.));
#1722=DIRECTION('center_axis',(0.,0.,-1.));
#1723=DIRECTION('ref_axis',(1.,0.,0.));
#1724=DIRECTION('center_axis',(0.,0.,1.));
#1725=DIRECTION('ref_axis',(1.,0.,0.));
#1726=DIRECTION('',(0.,0.,1.));
#1727=DIRECTION('center_axis',(0.,0.,-1.));
#1728=DIRECTION('ref_axis',(1.,0.,0.));
#1729=DIRECTION('center_axis',(0.,0.,-1.));
#1730=DIRECTION('ref_axis',(1.,0.,0.));
#1731=DIRECTION('center_axis',(0.,0.,1.));
#1732=DIRECTION('ref_axis',(1.,0.,0.));
#1733=DIRECTION('',(0.,0.,1.));
#1734=DIRECTION('center_axis',(0.,0.,-1.));
#1735=DIRECTION('ref_axis',(1.,0.,0.));
#1736=DIRECTION('center_axis',(0.,0.,-1.));
#1737=DIRECTION('ref_axis',(1.,0.,0.));
#1738=DIRECTION('center_axis',(0.,0.,1.));
#1739=DIRECTION('ref_axis',(1.,0.,0.));
#1740=DIRECTION('',(0.,0.,1.));
#1741=DIRECTION('center_axis',(0.,0.,-1.));
#1742=DIRECTION('ref_axis',(1.,0.,0.));
#1743=DIRECTION('center_axis',(0.,0.,-1.));
#1744=DIRECTION('ref_axis',(1.,0.,0.));
#1745=DIRECTION('center_axis',(0.,0.,1.));
#1746=DIRECTION('ref_axis',(1.,0.,0.));
#1747=DIRECTION('',(0.,0.,1.));
#1748=DIRECTION('center_axis',(0.,0.,-1.));
#1749=DIRECTION('ref_axis',(1.,0.,0.));
#1750=DIRECTION('center_axis',(0.,0.,-1.));
#1751=DIRECTION('ref_axis',(1.,0.,0.));
#1752=DIRECTION('center_axis',(0.,0.,1.));
#1753=DIRECTION('ref_axis',(1.,0.,0.));
#1754=DIRECTION('',(0.,0.,1.));
#1755=DIRECTION('center_axis',(0.,0.,-1.));
#1756=DIRECTION('ref_axis',(1.,0.,0.));
#1757=DIRECTION('center_axis',(0.,0.,-1.));
#1758=DIRECTION('ref_axis',(1.,0.,0.));
#1759=DIRECTION('center_axis',(0.,0.,1.));
#1760=DIRECTION('ref_axis',(1.,0.,0.));
#1761=DIRECTION('',(0.,0.,1.));
#1762=DIRECTION('center_axis',(0.,0.,-1.));
#1763=DIRECTION('ref_axis',(1.,0.,0.));
#1764=DIRECTION('center_axis',(0.,0.,-1.));
#1765=DIRECTION('ref_axis',(1.,0.,0.));
#1766=DIRECTION('center_axis',(0.,0.,1.));
#1767=DIRECTION('ref_axis',(1.,0.,0.));
#1768=DIRECTION('',(0.,0.,1.));
#1769=DIRECTION('center_axis',(0.,0.,-1.));
#1770=DIRECTION('ref_axis',(1.,0.,0.));
#1771=DIRECTION('center_axis',(0.,0.,-1.));
#1772=DIRECTION('ref_axis',(1.,0.,0.));
#1773=DIRECTION('center_axis',(0.,0.,1.));
#1774=DIRECTION('ref_axis',(1.,0.,0.));
#1775=DIRECTION('',(0.,0.,1.));
#1776=DIRECTION('center_axis',(0.,0.,-1.));
#1777=DIRECTION('ref_axis',(1.,0.,0.));
#1778=DIRECTION('center_axis',(0.,0.,-1.));
#1779=DIRECTION('ref_axis',(1.,0.,0.));
#1780=DIRECTION('center_axis',(0.,0.,1.));
#1781=DIRECTION('ref_axis',(1.,0.,0.));
#1782=DIRECTION('',(0.,0.,1.));
#1783=DIRECTION('center_axis',(0.,0.,-1.));
#1784=DIRECTION('ref_axis',(1.,0.,0.));
#1785=DIRECTION('center_axis',(0.,0.,-1.));
#1786=DIRECTION('ref_axis',(1.,0.,0.));
#1787=DIRECTION('center_axis',(0.,0.,1.));
#1788=DIRECTION('ref_axis',(1.,0.,0.));
#1789=DIRECTION('',(0.,0.,1.));
#1790=DIRECTION('center_axis',(0.,0.,-1.));
#1791=DIRECTION('ref_axis',(1.,0.,0.));
#1792=DIRECTION('center_axis',(0.,0.,-1.));
#1793=DIRECTION('ref_axis',(1.,0.,0.));
#1794=DIRECTION('center_axis',(0.,0.,1.));
#1795=DIRECTION('ref_axis',(1.,0.,0.));
#1796=DIRECTION('',(0.,0.,1.));
#1797=DIRECTION('center_axis',(0.,0.,-1.));
#1798=DIRECTION('ref_axis',(1.,0.,0.));
#1799=DIRECTION('center_axis',(0.,0.,-1.));
#1800=DIRECTION('ref_axis',(1.,0.,0.));
#1801=DIRECTION('center_axis',(0.,0.,1.));
#1802=DIRECTION('ref_axis',(1.,0.,0.));
#1803=DIRECTION('',(0.,0.,1.));
#1804=DIRECTION('center_axis',(0.,0.,-1.));
#1805=DIRECTION('ref_axis',(1.,0.,0.));
#1806=DIRECTION('center_axis',(0.,0.,-1.));
#1807=DIRECTION('ref_axis',(1.,0.,0.));
#1808=DIRECTION('center_axis',(0.,0.,1.));
#1809=DIRECTION('ref_axis',(1.,0.,0.));
#1810=DIRECTION('',(0.,0.,1.));
#1811=DIRECTION('center_axis',(0.,0.,-1.));
#1812=DIRECTION('ref_axis',(1.,0.,0.));
#1813=DIRECTION('center_axis',(0.,0.,-1.));
#1814=DIRECTION('ref_axis',(1.,0.,0.));
#1815=DIRECTION('center_axis',(0.,0.,1.));
#1816=DIRECTION('ref_axis',(1.,0.,0.));
#1817=DIRECTION('',(0.,0.,1.));
#1818=DIRECTION('center_axis',(0.,0.,-1.));
#1819=DIRECTION('ref_axis',(1.,0.,0.));
#1820=DIRECTION('center_axis',(0.,0.,-1.));
#1821=DIRECTION('ref_axis',(1.,0.,0.));
#1822=DIRECTION('center_axis',(0.,0.,1.));
#1823=DIRECTION('ref_axis',(1.,0.,0.));
#1824=DIRECTION('',(0.,0.,1.));
#1825=DIRECTION('center_axis',(0.,0.,-1.));
#1826=DIRECTION('ref_axis',(1.,0.,0.));
#1827=DIRECTION('center_axis',(0.,0.,-1.));
#1828=DIRECTION('ref_axis',(1.,0.,0.));
#1829=DIRECTION('center_axis',(0.,0.,1.));
#1830=DIRECTION('ref_axis',(1.,0.,0.));
#1831=DIRECTION('',(0.,0.,1.));
#1832=DIRECTION('center_axis',(0.,0.,-1.));
#1833=DIRECTION('ref_axis',(1.,0.,0.));
#1834=DIRECTION('center_axis',(0.,0.,-1.));
#1835=DIRECTION('ref_axis',(1.,0.,0.));
#1836=DIRECTION('center_axis',(0.,0.,1.));
#1837=DIRECTION('ref_axis',(1.,0.,0.));
#1838=DIRECTION('',(0.,0.,1.));
#1839=DIRECTION('center_axis',(0.,0.,-1.));
#1840=DIRECTION('ref_axis',(1.,0.,0.));
#1841=DIRECTION('center_axis',(0.,0.,-1.));
#1842=DIRECTION('ref_axis',(1.,0.,0.));
#1843=DIRECTION('center_axis',(0.,0.,1.));
#1844=DIRECTION('ref_axis',(1.,0.,0.));
#1845=DIRECTION('',(0.,0.,1.));
#1846=DIRECTION('center_axis',(0.,0.,-1.));
#1847=DIRECTION('ref_axis',(1.,0.,0.));
#1848=DIRECTION('center_axis',(0.,0.,-1.));
#1849=DIRECTION('ref_axis',(1.,0.,0.));
#1850=DIRECTION('center_axis',(0.,0.,1.));
#1851=DIRECTION('ref_axis',(1.,0.,0.));
#1852=DIRECTION('',(0.,0.,1.));
#1853=DIRECTION('center_axis',(0.,0.,-1.));
#1854=DIRECTION('ref_axis',(1.,0.,0.));
#1855=DIRECTION('center_axis',(0.,0.,-1.));
#1856=DIRECTION('ref_axis',(1.,0.,0.));
#1857=DIRECTION('center_axis',(0.,0.,1.));
#1858=DIRECTION('ref_axis',(1.,0.,0.));
#1859=DIRECTION('',(0.,0.,1.));
#1860=DIRECTION('center_axis',(0.,0.,-1.));
#1861=DIRECTION('ref_axis',(1.,0.,0.));
#1862=DIRECTION('center_axis',(0.,0.,-1.));
#1863=DIRECTION('ref_axis',(1.,0.,0.));
#1864=DIRECTION('center_axis',(0.,0.,1.));
#1865=DIRECTION('ref_axis',(1.,0.,0.));
#1866=DIRECTION('',(0.,0.,1.));
#1867=DIRECTION('center_axis',(0.,0.,-1.));
#1868=DIRECTION('ref_axis',(1.,0.,0.));
#1869=DIRECTION('center_axis',(0.,0.,-1.));
#1870=DIRECTION('ref_axis',(1.,0.,0.));
#1871=DIRECTION('center_axis',(0.,0.,1.));
#1872=DIRECTION('ref_axis',(1.,0.,0.));
#1873=DIRECTION('',(0.,0.,1.));
#1874=DIRECTION('center_axis',(0.,0.,-1.));
#1875=DIRECTION('ref_axis',(1.,0.,0.));
#1876=DIRECTION('center_axis',(0.,0.,-1.));
#1877=DIRECTION('ref_axis',(1.,0.,0.));
#1878=DIRECTION('center_axis',(0.,0.,1.));
#1879=DIRECTION('ref_axis',(1.,0.,0.));
#1880=DIRECTION('',(0.,0.,1.));
#1881=DIRECTION('center_axis',(0.,0.,-1.));
#1882=DIRECTION('ref_axis',(1.,0.,0.));
#1883=DIRECTION('center_axis',(0.,0.,-1.));
#1884=DIRECTION('ref_axis',(1.,0.,0.));
#1885=DIRECTION('center_axis',(0.,0.,1.));
#1886=DIRECTION('ref_axis',(1.,0.,0.));
#1887=DIRECTION('',(0.,0.,1.));
#1888=DIRECTION('center_axis',(0.,0.,-1.));
#1889=DIRECTION('ref_axis',(1.,0.,0.));
#1890=DIRECTION('center_axis',(0.,0.,-1.));
#1891=DIRECTION('ref_axis',(1.,0.,0.));
#1892=DIRECTION('center_axis',(0.,0.,1.));
#1893=DIRECTION('ref_axis',(1.,0.,0.));
#1894=DIRECTION('',(0.,0.,1.));
#1895=DIRECTION('center_axis',(0.,0.,-1.));
#1896=DIRECTION('ref_axis',(1.,0.,0.));
#1897=DIRECTION('center_axis',(0.,0.,-1.));
#1898=DIRECTION('ref_axis',(1.,0.,0.));
#1899=DIRECTION('center_axis',(0.,0.,1.));
#1900=DIRECTION('ref_axis',(1.,0.,0.));
#1901=DIRECTION('',(0.,0.,1.));
#1902=DIRECTION('center_axis',(0.,0.,-1.));
#1903=DIRECTION('ref_axis',(1.,0.,0.));
#1904=DIRECTION('center_axis',(0.,0.,-1.));
#1905=DIRECTION('ref_axis',(1.,0.,0.));
#1906=DIRECTION('center_axis',(0.,0.,1.));
#1907=DIRECTION('ref_axis',(1.,0.,0.));
#1908=DIRECTION('',(0.,0.,1.));
#1909=DIRECTION('center_axis',(0.,0.,-1.));
#1910=DIRECTION('ref_axis',(1.,0.,0.));
#1911=DIRECTION('center_axis',(0.,0.,-1.));
#1912=DIRECTION('ref_axis',(1.,0.,0.));
#1913=DIRECTION('center_axis',(0.,0.,1.));
#1914=DIRECTION('ref_axis',(1.,0.,0.));
#1915=DIRECTION('',(0.,0.,1.));
#1916=DIRECTION('center_axis',(0.,0.,-1.));
#1917=DIRECTION('ref_axis',(1.,0.,0.));
#1918=DIRECTION('center_axis',(0.,0.,-1.));
#1919=DIRECTION('ref_axis',(1.,0.,0.));
#1920=DIRECTION('center_axis',(0.,0.,1.));
#1921=DIRECTION('ref_axis',(1.,0.,0.));
#1922=DIRECTION('',(0.,0.,1.));
#1923=DIRECTION('center_axis',(0.,0.,-1.));
#1924=DIRECTION('ref_axis',(1.,0.,0.));
#1925=DIRECTION('center_axis',(0.,0.,-1.));
#1926=DIRECTION('ref_axis',(1.,0.,0.));
#1927=DIRECTION('center_axis',(0.,0.,1.));
#1928=DIRECTION('ref_axis',(1.,0.,0.));
#1929=DIRECTION('',(0.,0.,1.));
#1930=DIRECTION('center_axis',(0.,0.,-1.));
#1931=DIRECTION('ref_axis',(1.,0.,0.));
#1932=DIRECTION('center_axis',(0.,0.,-1.));
#1933=DIRECTION('ref_axis',(1.,0.,0.));
#1934=DIRECTION('center_axis',(0.,0.,1.));
#1935=DIRECTION('ref_axis',(1.,0.,0.));
#1936=DIRECTION('',(0.,0.,1.));
#1937=DIRECTION('center_axis',(0.,0.,-1.));
#1938=DIRECTION('ref_axis',(1.,0.,0.));
#1939=DIRECTION('center_axis',(0.,0.,-1.));
#1940=DIRECTION('ref_axis',(1.,0.,0.));
#1941=DIRECTION('center_axis',(0.,0.,1.));
#1942=DIRECTION('ref_axis',(1.,0.,0.));
#1943=DIRECTION('',(0.,0.,1.));
#1944=DIRECTION('center_axis',(0.,0.,-1.));
#1945=DIRECTION('ref_axis',(1.,0.,0.));
#1946=DIRECTION('center_axis',(0.,0.,-1.));
#1947=DIRECTION('ref_axis',(1.,0.,0.));
#1948=DIRECTION('center_axis',(0.,0.,1.));
#1949=DIRECTION('ref_axis',(1.,0.,0.));
#1950=DIRECTION('',(0.,0.,1.));
#1951=DIRECTION('center_axis',(0.,0.,-1.));
#1952=DIRECTION('ref_axis',(1.,0.,0.));
#1953=DIRECTION('center_axis',(0.,0.,-1.));
#1954=DIRECTION('ref_axis',(1.,0.,0.));
#1955=DIRECTION('center_axis',(0.,0.,1.));
#1956=DIRECTION('ref_axis',(1.,0.,0.));
#1957=DIRECTION('',(0.,0.,1.));
#1958=DIRECTION('center_axis',(0.,0.,-1.));
#1959=DIRECTION('ref_axis',(1.,0.,0.));
#1960=DIRECTION('center_axis',(0.,0.,-1.));
#1961=DIRECTION('ref_axis',(1.,0.,0.));
#1962=DIRECTION('center_axis',(0.,0.,1.));
#1963=DIRECTION('ref_axis',(1.,0.,0.));
#1964=DIRECTION('',(0.,0.,1.));
#1965=DIRECTION('center_axis',(0.,0.,-1.));
#1966=DIRECTION('ref_axis',(1.,0.,0.));
#1967=DIRECTION('center_axis',(0.,0.,-1.));
#1968=DIRECTION('ref_axis',(1.,0.,0.));
#1969=DIRECTION('center_axis',(0.,0.,1.));
#1970=DIRECTION('ref_axis',(1.,0.,0.));
#1971=DIRECTION('',(0.,0.,1.));
#1972=DIRECTION('center_axis',(0.,0.,-1.));
#1973=DIRECTION('ref_axis',(1.,0.,0.));
#1974=DIRECTION('center_axis',(0.,0.,-1.));
#1975=DIRECTION('ref_axis',(1.,0.,0.));
#1976=DIRECTION('center_axis',(0.,0.,1.));
#1977=DIRECTION('ref_axis',(1.,0.,0.));
#1978=DIRECTION('',(0.,0.,1.));
#1979=DIRECTION('center_axis',(0.,0.,-1.));
#1980=DIRECTION('ref_axis',(1.,0.,0.));
#1981=DIRECTION('center_axis',(0.,0.,-1.));
#1982=DIRECTION('ref_axis',(1.,0.,0.));
#1983=DIRECTION('center_axis',(0.,0.,1.));
#1984=DIRECTION('ref_axis',(1.,0.,0.));
#1985=DIRECTION('',(0.,0.,1.));
#1986=DIRECTION('center_axis',(0.,0.,-1.));
#1987=DIRECTION('ref_axis',(1.,0.,0.));
#1988=DIRECTION('center_axis',(0.,0.,-1.));
#1989=DIRECTION('ref_axis',(1.,0.,0.));
#1990=DIRECTION('center_axis',(0.,0.,1.));
#1991=DIRECTION('ref_axis',(1.,0.,0.));
#1992=DIRECTION('',(0.,0.,1.));
#1993=DIRECTION('center_axis',(0.,0.,-1.));
#1994=DIRECTION('ref_axis',(1.,0.,0.));
#1995=DIRECTION('center_axis',(0.,0.,-1.));
#1996=DIRECTION('ref_axis',(1.,0.,0.));
#1997=DIRECTION('center_axis',(0.,0.,1.));
#1998=DIRECTION('ref_axis',(1.,0.,0.));
#1999=DIRECTION('',(0.,0.,1.));
#2000=DIRECTION('center_axis',(0.,0.,-1.));
#2001=DIRECTION('ref_axis',(1.,0.,0.));
#2002=DIRECTION('center_axis',(0.,0.,-1.));
#2003=DIRECTION('ref_axis',(1.,0.,0.));
#2004=DIRECTION('center_axis',(0.,0.,1.));
#2005=DIRECTION('ref_axis',(1.,0.,0.));
#2006=DIRECTION('',(0.,0.,1.));
#2007=DIRECTION('center_axis',(0.,0.,-1.));
#2008=DIRECTION('ref_axis',(1.,0.,0.));
#2009=DIRECTION('center_axis',(3.76346788008528E-17,-1.,0.));
#2010=DIRECTION('ref_axis',(-1.,-3.76346788008528E-17,0.));
#2011=DIRECTION('',(-1.,-3.76346788008528E-17,0.));
#2012=DIRECTION('',(0.,0.,-1.));
#2013=DIRECTION('',(-1.,-3.76346788008528E-17,0.));
#2014=DIRECTION('',(0.,0.,-1.));
#2015=DIRECTION('center_axis',(0.,0.,-1.));
#2016=DIRECTION('ref_axis',(0.,-1.,0.));
#2017=DIRECTION('center_axis',(0.,0.,1.));
#2018=DIRECTION('ref_axis',(0.,-1.,0.));
#2019=DIRECTION('center_axis',(0.,0.,-1.));
#2020=DIRECTION('ref_axis',(0.,-1.,0.));
#2021=DIRECTION('',(0.,0.,-1.));
#2022=DIRECTION('center_axis',(1.,0.,0.));
#2023=DIRECTION('ref_axis',(0.,-1.,0.));
#2024=DIRECTION('',(0.,-1.,0.));
#2025=DIRECTION('',(0.,-1.,0.));
#2026=DIRECTION('',(0.,0.,-1.));
#2027=DIRECTION('center_axis',(0.,0.,-1.));
#2028=DIRECTION('ref_axis',(1.,7.40148683083439E-16,0.));
#2029=DIRECTION('center_axis',(0.,0.,1.));
#2030=DIRECTION('ref_axis',(1.,7.40148683083439E-16,0.));
#2031=DIRECTION('center_axis',(0.,0.,-1.));
#2032=DIRECTION('ref_axis',(1.,7.40148683083439E-16,0.));
#2033=DIRECTION('',(0.,0.,-1.));
#2034=DIRECTION('center_axis',(0.,1.,0.));
#2035=DIRECTION('ref_axis',(1.,0.,0.));
#2036=DIRECTION('',(1.,0.,0.));
#2037=DIRECTION('',(1.,0.,0.));
#2038=DIRECTION('',(0.,0.,-1.));
#2039=DIRECTION('center_axis',(0.,0.,-1.));
#2040=DIRECTION('ref_axis',(0.,1.,0.));
#2041=DIRECTION('center_axis',(0.,0.,1.));
#2042=DIRECTION('ref_axis',(0.,1.,0.));
#2043=DIRECTION('center_axis',(0.,0.,-1.));
#2044=DIRECTION('ref_axis',(0.,1.,0.));
#2045=DIRECTION('',(0.,0.,-1.));
#2046=DIRECTION('center_axis',(-1.,-1.85037170770859E-16,0.));
#2047=DIRECTION('ref_axis',(-1.85037170770859E-16,1.,0.));
#2048=DIRECTION('',(-1.85037170770859E-16,1.,0.));
#2049=DIRECTION('',(-1.85037170770859E-16,1.,0.));
#2050=DIRECTION('',(0.,0.,-1.));
#2051=DIRECTION('center_axis',(0.,0.,-1.));
#2052=DIRECTION('ref_axis',(-1.,2.22044604925032E-15,0.));
#2053=DIRECTION('center_axis',(0.,0.,1.));
#2054=DIRECTION('ref_axis',(-1.,2.22044604925032E-15,0.));
#2055=DIRECTION('center_axis',(0.,0.,-1.));
#2056=DIRECTION('ref_axis',(-1.,2.22044604925032E-15,0.));
#2057=DIRECTION('center_axis',(0.,0.,1.));
#2058=DIRECTION('ref_axis',(1.,0.,0.));
#2059=DIRECTION('center_axis',(0.,0.,1.));
#2060=DIRECTION('ref_axis',(1.,0.,0.));
#2061=CARTESIAN_POINT('',(0.,0.,0.));
#2062=CARTESIAN_POINT('Origin',(7.25338495583147,0.701877552834704,1.));
#2063=CARTESIAN_POINT('',(7.25338495583147,2.95187755283471,5.52));
#2064=CARTESIAN_POINT('Origin',(7.25338495583147,0.701877552834704,5.52));
#2065=CARTESIAN_POINT('',(7.25338495583147,2.95187755283471,4.47));
#2066=CARTESIAN_POINT('',(7.25338495583147,2.9518775528347,1.));
#2067=CARTESIAN_POINT('Origin',(7.25338495583147,0.701877552834704,4.47));
#2068=CARTESIAN_POINT('Origin',(7.25338495583147,0.701877552834704,5.52));
#2069=CARTESIAN_POINT('Origin',(17.4383849558315,4.9768775528347,1.));
#2070=CARTESIAN_POINT('',(17.4383849558315,4.0268775528347,1.));
#2071=CARTESIAN_POINT('',(17.4383849558315,4.0268775528347,1.15));
#2072=CARTESIAN_POINT('',(17.4383849558315,4.0268775528347,1.));
#2073=CARTESIAN_POINT('',(17.4383849558315,-2.5731224471653,1.15));
#2074=CARTESIAN_POINT('',(17.4383849558315,4.9768775528347,1.15));
#2075=CARTESIAN_POINT('',(17.4383849558315,-2.5731224471653,1.));
#2076=CARTESIAN_POINT('',(17.4383849558315,-2.5731224471653,1.));
#2077=CARTESIAN_POINT('',(17.4383849558315,-3.5731224471653,1.));
#2078=CARTESIAN_POINT('',(17.4383849558315,4.9768775528347,1.));
#2079=CARTESIAN_POINT('',(17.4383849558315,-3.5731224471653,1.52));
#2080=CARTESIAN_POINT('',(17.4383849558315,-3.5731224471653,1.));
#2081=CARTESIAN_POINT('',(17.4383849558315,4.9768775528347,1.52));
#2082=CARTESIAN_POINT('',(17.4383849558315,4.9768775528347,1.52));
#2083=CARTESIAN_POINT('',(17.4383849558315,4.9768775528347,1.));
#2084=CARTESIAN_POINT('',(17.4383849558315,4.9768775528347,1.));
#2085=CARTESIAN_POINT('',(17.4383849558315,4.9768775528347,1.));
#2086=CARTESIAN_POINT('Origin',(21.5883849558315,-3.5731224471653,1.));
#2087=CARTESIAN_POINT('',(21.5883849558315,-3.5731224471653,1.));
#2088=CARTESIAN_POINT('',(21.5883849558315,4.9768775528347,1.));
#2089=CARTESIAN_POINT('',(21.5883849558315,-3.5731224471653,1.));
#2090=CARTESIAN_POINT('',(21.5883849558315,4.9768775528347,1.52));
#2091=CARTESIAN_POINT('',(21.5883849558315,4.9768775528347,1.));
#2092=CARTESIAN_POINT('',(21.5883849558315,-3.5731224471653,1.52));
#2093=CARTESIAN_POINT('',(21.5883849558315,-3.5731224471653,1.52));
#2094=CARTESIAN_POINT('',(21.5883849558315,-3.5731224471653,1.));
#2095=CARTESIAN_POINT('Origin',(17.4383849558315,-3.5731224471653,1.));
#2096=CARTESIAN_POINT('',(17.4383849558315,-3.5731224471653,1.));
#2097=CARTESIAN_POINT('',(17.4383849558315,-3.5731224471653,1.52));
#2098=CARTESIAN_POINT('Origin',(21.5883849558315,4.9768775528347,1.));
#2099=CARTESIAN_POINT('',(21.5883849558315,4.9768775528347,1.));
#2100=CARTESIAN_POINT('',(21.5883849558315,4.9768775528347,1.52));
#2101=CARTESIAN_POINT('Origin',(19.5133849558315,0.701877552834702,1.52));
#2102=CARTESIAN_POINT('Origin',(10.5783849558315,-2.5731224471653,1.));
#2103=CARTESIAN_POINT('',(10.5783849558315,-2.5731224471653,1.));
#2104=CARTESIAN_POINT('',(10.5783849558315,-2.5731224471653,1.));
#2105=CARTESIAN_POINT('',(10.5783849558315,-2.5731224471653,1.15));
#2106=CARTESIAN_POINT('',(10.5783849558315,-2.5731224471653,1.15));
#2107=CARTESIAN_POINT('',(10.5783849558315,-2.5731224471653,1.));
#2108=CARTESIAN_POINT('Origin',(14.0083849558315,0.726877552834704,1.15));
#2109=CARTESIAN_POINT('',(10.5783849558315,4.0268775528347,1.15));
#2110=CARTESIAN_POINT('',(17.4383849558315,4.0268775528347,1.15));
#2111=CARTESIAN_POINT('',(10.5783849558315,-0.948122447165296,1.15));
#2112=CARTESIAN_POINT('Origin',(10.5783849558315,-2.6231224471653,1.));
#2113=CARTESIAN_POINT('',(10.5783849558315,4.0268775528347,4.47));
#2114=CARTESIAN_POINT('',(10.5783849558315,4.0268775528347,1.));
#2115=CARTESIAN_POINT('',(10.5783849558315,-2.6231224471653,4.47));
#2116=CARTESIAN_POINT('',(10.5783849558315,-2.6231224471653,4.47));
#2117=CARTESIAN_POINT('',(10.5783849558315,-2.6231224471653,1.));
#2118=CARTESIAN_POINT('',(10.5783849558315,-2.6231224471653,1.));
#2119=CARTESIAN_POINT('',(10.5783849558315,-2.6231224471653,1.));
#2120=CARTESIAN_POINT('Origin',(3.92838495583147,-2.6231224471653,1.));
#2121=CARTESIAN_POINT('',(3.92838495583147,-2.6231224471653,1.));
#2122=CARTESIAN_POINT('',(3.92838495583147,-2.6231224471653,1.));
#2123=CARTESIAN_POINT('',(3.92838495583147,-2.6231224471653,4.47));
#2124=CARTESIAN_POINT('',(3.92838495583147,-2.6231224471653,4.47));
#2125=CARTESIAN_POINT('',(3.92838495583147,-2.6231224471653,1.));
#2126=CARTESIAN_POINT('Origin',(3.92838495583147,4.02687755283471,1.));
#2127=CARTESIAN_POINT('',(3.92838495583147,4.02687755283471,1.));
#2128=CARTESIAN_POINT('',(3.92838495583147,4.02687755283471,1.));
#2129=CARTESIAN_POINT('',(3.92838495583147,4.02687755283471,4.47));
#2130=CARTESIAN_POINT('',(3.92838495583147,4.02687755283471,4.47));
#2131=CARTESIAN_POINT('',(3.92838495583147,4.02687755283471,1.));
#2132=CARTESIAN_POINT('Origin',(10.5783849558315,4.0268775528347,1.));
#2133=CARTESIAN_POINT('',(10.5783849558315,4.0268775528347,1.));
#2134=CARTESIAN_POINT('',(10.5783849558315,4.0268775528347,4.47));
#2135=CARTESIAN_POINT('Origin',(7.25338495583147,0.701877552834704,4.47));
#2136=CARTESIAN_POINT('Origin',(7.25338495583147,0.701877552834704,1.));
#2137=CARTESIAN_POINT('Origin',(-1.27000000000001,-12.77,0.));
#2138=CARTESIAN_POINT('',(-1.97000000000001,-12.77,-1.6));
#2139=CARTESIAN_POINT('Origin',(-1.27000000000001,-12.77,-1.6));
#2140=CARTESIAN_POINT('',(-1.97,-12.77,0.));
#2141=CARTESIAN_POINT('',(-1.97,-12.77,0.));
#2142=CARTESIAN_POINT('Origin',(-1.27000000000001,-12.77,0.));
#2143=CARTESIAN_POINT('Origin',(16.51,-12.77,0.));
#2144=CARTESIAN_POINT('',(15.81,-12.77,-1.6));
#2145=CARTESIAN_POINT('Origin',(16.51,-12.77,-1.6));
#2146=CARTESIAN_POINT('',(15.81,-12.77,0.));
#2147=CARTESIAN_POINT('',(15.81,-12.77,0.));
#2148=CARTESIAN_POINT('Origin',(16.51,-12.77,0.));
#2149=CARTESIAN_POINT('Origin',(-1.27000000000001,-10.23,0.));
#2150=CARTESIAN_POINT('',(-1.97000000000001,-10.23,-1.6));
#2151=CARTESIAN_POINT('Origin',(-1.27000000000001,-10.23,-1.6));
#2152=CARTESIAN_POINT('',(-1.97,-10.23,0.));
#2153=CARTESIAN_POINT('',(-1.97,-10.23,0.));
#2154=CARTESIAN_POINT('Origin',(-1.27000000000001,-10.23,0.));
#2155=CARTESIAN_POINT('Origin',(11.43,-10.23,0.));
#2156=CARTESIAN_POINT('',(10.73,-10.23,-1.6));
#2157=CARTESIAN_POINT('Origin',(11.43,-10.23,-1.6));
#2158=CARTESIAN_POINT('',(10.73,-10.23,0.));
#2159=CARTESIAN_POINT('',(10.73,-10.23,0.));
#2160=CARTESIAN_POINT('Origin',(11.43,-10.23,0.));
#2161=CARTESIAN_POINT('Origin',(29.,-11.5,0.));
#2162=CARTESIAN_POINT('',(26.,-11.5,-1.6));
#2163=CARTESIAN_POINT('Origin',(29.,-11.5,-1.6));
#2164=CARTESIAN_POINT('',(26.,-11.5,0.));
#2165=CARTESIAN_POINT('',(26.,-11.5,0.));
#2166=CARTESIAN_POINT('Origin',(29.,-11.5,0.));
#2167=CARTESIAN_POINT('Origin',(16.51,-10.23,0.));
#2168=CARTESIAN_POINT('',(15.81,-10.23,-1.6));
#2169=CARTESIAN_POINT('Origin',(16.51,-10.23,-1.6));
#2170=CARTESIAN_POINT('',(15.81,-10.23,0.));
#2171=CARTESIAN_POINT('',(15.81,-10.23,0.));
#2172=CARTESIAN_POINT('Origin',(16.51,-10.23,0.));
#2173=CARTESIAN_POINT('Origin',(1.26999999999999,-10.23,0.));
#2174=CARTESIAN_POINT('',(0.569999999999995,-10.23,-1.6));
#2175=CARTESIAN_POINT('Origin',(1.26999999999999,-10.23,-1.6));
#2176=CARTESIAN_POINT('',(0.569999999999996,-10.23,0.));
#2177=CARTESIAN_POINT('',(0.569999999999996,-10.23,0.));
#2178=CARTESIAN_POINT('Origin',(1.26999999999999,-10.23,0.));
#2179=CARTESIAN_POINT('Origin',(-6.35000000000002,-10.23,0.));
#2180=CARTESIAN_POINT('',(-7.05000000000001,-10.23,-1.6));
#2181=CARTESIAN_POINT('Origin',(-6.35000000000002,-10.23,-1.6));
#2182=CARTESIAN_POINT('',(-7.05000000000001,-10.23,0.));
#2183=CARTESIAN_POINT('',(-7.05000000000001,-10.23,0.));
#2184=CARTESIAN_POINT('Origin',(-6.35000000000002,-10.23,0.));
#2185=CARTESIAN_POINT('Origin',(1.26999999999999,-12.77,0.));
#2186=CARTESIAN_POINT('',(0.569999999999995,-12.77,-1.6));
#2187=CARTESIAN_POINT('Origin',(1.26999999999999,-12.77,-1.6));
#2188=CARTESIAN_POINT('',(0.569999999999996,-12.77,0.));
#2189=CARTESIAN_POINT('',(0.569999999999996,-12.77,0.));
#2190=CARTESIAN_POINT('Origin',(1.26999999999999,-12.77,0.));
#2191=CARTESIAN_POINT('Origin',(-8.89000000000002,-10.23,0.));
#2192=CARTESIAN_POINT('',(-9.59000000000001,-10.23,-1.6));
#2193=CARTESIAN_POINT('Origin',(-8.89000000000002,-10.23,-1.6));
#2194=CARTESIAN_POINT('',(-9.59000000000001,-10.23,0.));
#2195=CARTESIAN_POINT('',(-9.59000000000001,-10.23,0.));
#2196=CARTESIAN_POINT('Origin',(-8.89000000000002,-10.23,0.));
#2197=CARTESIAN_POINT('Origin',(-11.43,-12.77,0.));
#2198=CARTESIAN_POINT('',(-12.13,-12.77,-1.6));
#2199=CARTESIAN_POINT('Origin',(-11.43,-12.77,-1.6));
#2200=CARTESIAN_POINT('',(-12.13,-12.77,0.));
#2201=CARTESIAN_POINT('',(-12.13,-12.77,0.));
#2202=CARTESIAN_POINT('Origin',(-11.43,-12.77,0.));
#2203=CARTESIAN_POINT('Origin',(19.05,-10.23,0.));
#2204=CARTESIAN_POINT('',(18.35,-10.23,-1.6));
#2205=CARTESIAN_POINT('Origin',(19.05,-10.23,-1.6));
#2206=CARTESIAN_POINT('',(18.35,-10.23,0.));
#2207=CARTESIAN_POINT('',(18.35,-10.23,0.));
#2208=CARTESIAN_POINT('Origin',(19.05,-10.23,0.));
#2209=CARTESIAN_POINT('Origin',(3.80999999999999,-10.23,0.));
#2210=CARTESIAN_POINT('',(3.11,-10.23,-1.6));
#2211=CARTESIAN_POINT('Origin',(3.80999999999999,-10.23,-1.6));
#2212=CARTESIAN_POINT('',(3.11,-10.23,0.));
#2213=CARTESIAN_POINT('',(3.11,-10.23,0.));
#2214=CARTESIAN_POINT('Origin',(3.80999999999999,-10.23,0.));
#2215=CARTESIAN_POINT('Origin',(-16.51,-12.77,0.));
#2216=CARTESIAN_POINT('',(-17.21,-12.77,-1.6));
#2217=CARTESIAN_POINT('Origin',(-16.51,-12.77,-1.6));
#2218=CARTESIAN_POINT('',(-17.21,-12.77,0.));
#2219=CARTESIAN_POINT('',(-17.21,-12.77,0.));
#2220=CARTESIAN_POINT('Origin',(-16.51,-12.77,0.));
#2221=CARTESIAN_POINT('Origin',(8.88999999999998,-12.77,0.));
#2222=CARTESIAN_POINT('',(8.18999999999999,-12.77,-1.6));
#2223=CARTESIAN_POINT('Origin',(8.88999999999998,-12.77,-1.6));
#2224=CARTESIAN_POINT('',(8.18999999999999,-12.77,0.));
#2225=CARTESIAN_POINT('',(8.18999999999999,-12.77,0.));
#2226=CARTESIAN_POINT('Origin',(8.88999999999998,-12.77,0.));
#2227=CARTESIAN_POINT('Origin',(6.34999999999998,-10.23,0.));
#2228=CARTESIAN_POINT('',(5.65,-10.23,-1.6));
#2229=CARTESIAN_POINT('Origin',(6.34999999999998,-10.23,-1.6));
#2230=CARTESIAN_POINT('',(5.64999999999999,-10.23,0.));
#2231=CARTESIAN_POINT('',(5.64999999999999,-10.23,0.));
#2232=CARTESIAN_POINT('Origin',(6.34999999999998,-10.23,0.));
#2233=CARTESIAN_POINT('Origin',(29.,11.5,0.));
#2234=CARTESIAN_POINT('',(26.,11.5,-1.6));
#2235=CARTESIAN_POINT('Origin',(29.,11.5,-1.6));
#2236=CARTESIAN_POINT('',(26.,11.5,0.));
#2237=CARTESIAN_POINT('',(26.,11.5,0.));
#2238=CARTESIAN_POINT('Origin',(29.,11.5,0.));
#2239=CARTESIAN_POINT('Origin',(-29.,11.5,0.));
#2240=CARTESIAN_POINT('',(-32.,11.5,-1.6));
#2241=CARTESIAN_POINT('Origin',(-29.,11.5,-1.6));
#2242=CARTESIAN_POINT('',(-32.,11.5,0.));
#2243=CARTESIAN_POINT('',(-32.,11.5,0.));
#2244=CARTESIAN_POINT('Origin',(-29.,11.5,0.));
#2245=CARTESIAN_POINT('Origin',(-19.05,-10.23,0.));
#2246=CARTESIAN_POINT('',(-19.75,-10.23,-1.6));
#2247=CARTESIAN_POINT('Origin',(-19.05,-10.23,-1.6));
#2248=CARTESIAN_POINT('',(-19.75,-10.23,0.));
#2249=CARTESIAN_POINT('',(-19.75,-10.23,0.));
#2250=CARTESIAN_POINT('Origin',(-19.05,-10.23,0.));
#2251=CARTESIAN_POINT('Origin',(-3.81000000000002,-10.23,0.));
#2252=CARTESIAN_POINT('',(-4.51000000000001,-10.23,-1.6));
#2253=CARTESIAN_POINT('Origin',(-3.81000000000002,-10.23,-1.6));
#2254=CARTESIAN_POINT('',(-4.51000000000001,-10.23,0.));
#2255=CARTESIAN_POINT('',(-4.51000000000001,-10.23,0.));
#2256=CARTESIAN_POINT('Origin',(-3.81000000000002,-10.23,0.));
#2257=CARTESIAN_POINT('Origin',(21.59,-10.23,0.));
#2258=CARTESIAN_POINT('',(20.89,-10.23,-1.6));
#2259=CARTESIAN_POINT('Origin',(21.59,-10.23,-1.6));
#2260=CARTESIAN_POINT('',(20.89,-10.23,0.));
#2261=CARTESIAN_POINT('',(20.89,-10.23,0.));
#2262=CARTESIAN_POINT('Origin',(21.59,-10.23,0.));
#2263=CARTESIAN_POINT('Origin',(-6.35000000000002,-12.77,0.));
#2264=CARTESIAN_POINT('',(-7.05000000000001,-12.77,-1.6));
#2265=CARTESIAN_POINT('Origin',(-6.35000000000002,-12.77,-1.6));
#2266=CARTESIAN_POINT('',(-7.05000000000001,-12.77,0.));
#2267=CARTESIAN_POINT('',(-7.05000000000001,-12.77,0.));
#2268=CARTESIAN_POINT('Origin',(-6.35000000000002,-12.77,0.));
#2269=CARTESIAN_POINT('Origin',(-11.43,-10.23,0.));
#2270=CARTESIAN_POINT('',(-12.13,-10.23,-1.6));
#2271=CARTESIAN_POINT('Origin',(-11.43,-10.23,-1.6));
#2272=CARTESIAN_POINT('',(-12.13,-10.23,0.));
#2273=CARTESIAN_POINT('',(-12.13,-10.23,0.));
#2274=CARTESIAN_POINT('Origin',(-11.43,-10.23,0.));
#2275=CARTESIAN_POINT('Origin',(-3.81000000000002,-12.77,0.));
#2276=CARTESIAN_POINT('',(-4.51000000000001,-12.77,-1.6));
#2277=CARTESIAN_POINT('Origin',(-3.81000000000002,-12.77,-1.6));
#2278=CARTESIAN_POINT('',(-4.51000000000001,-12.77,0.));
#2279=CARTESIAN_POINT('',(-4.51000000000001,-12.77,0.));
#2280=CARTESIAN_POINT('Origin',(-3.81000000000002,-12.77,0.));
#2281=CARTESIAN_POINT('Origin',(-13.97,-12.77,0.));
#2282=CARTESIAN_POINT('',(-14.67,-12.77,-1.6));
#2283=CARTESIAN_POINT('Origin',(-13.97,-12.77,-1.6));
#2284=CARTESIAN_POINT('',(-14.67,-12.77,0.));
#2285=CARTESIAN_POINT('',(-14.67,-12.77,0.));
#2286=CARTESIAN_POINT('Origin',(-13.97,-12.77,0.));
#2287=CARTESIAN_POINT('Origin',(6.34999999999998,-12.77,0.));
#2288=CARTESIAN_POINT('',(5.65,-12.77,-1.6));
#2289=CARTESIAN_POINT('Origin',(6.34999999999998,-12.77,-1.6));
#2290=CARTESIAN_POINT('',(5.64999999999999,-12.77,0.));
#2291=CARTESIAN_POINT('',(5.64999999999999,-12.77,0.));
#2292=CARTESIAN_POINT('Origin',(6.34999999999998,-12.77,0.));
#2293=CARTESIAN_POINT('Origin',(3.80999999999999,-12.77,0.));
#2294=CARTESIAN_POINT('',(3.11,-12.77,-1.6));
#2295=CARTESIAN_POINT('Origin',(3.80999999999999,-12.77,-1.6));
#2296=CARTESIAN_POINT('',(3.11,-12.77,0.));
#2297=CARTESIAN_POINT('',(3.11,-12.77,0.));
#2298=CARTESIAN_POINT('Origin',(3.80999999999999,-12.77,0.));
#2299=CARTESIAN_POINT('Origin',(-19.05,-12.77,0.));
#2300=CARTESIAN_POINT('',(-19.75,-12.77,-1.6));
#2301=CARTESIAN_POINT('Origin',(-19.05,-12.77,-1.6));
#2302=CARTESIAN_POINT('',(-19.75,-12.77,0.));
#2303=CARTESIAN_POINT('',(-19.75,-12.77,0.));
#2304=CARTESIAN_POINT('Origin',(-19.05,-12.77,0.));
#2305=CARTESIAN_POINT('Origin',(-13.97,-10.23,0.));
#2306=CARTESIAN_POINT('',(-14.67,-10.23,-1.6));
#2307=CARTESIAN_POINT('Origin',(-13.97,-10.23,-1.6));
#2308=CARTESIAN_POINT('',(-14.67,-10.23,0.));
#2309=CARTESIAN_POINT('',(-14.67,-10.23,0.));
#2310=CARTESIAN_POINT('Origin',(-13.97,-10.23,0.));
#2311=CARTESIAN_POINT('Origin',(13.97,-12.77,0.));
#2312=CARTESIAN_POINT('',(13.27,-12.77,-1.6));
#2313=CARTESIAN_POINT('Origin',(13.97,-12.77,-1.6));
#2314=CARTESIAN_POINT('',(13.27,-12.77,0.));
#2315=CARTESIAN_POINT('',(13.27,-12.77,0.));
#2316=CARTESIAN_POINT('Origin',(13.97,-12.77,0.));
#2317=CARTESIAN_POINT('Origin',(-8.89000000000002,-12.77,0.));
#2318=CARTESIAN_POINT('',(-9.59000000000001,-12.77,-1.6));
#2319=CARTESIAN_POINT('Origin',(-8.89000000000002,-12.77,-1.6));
#2320=CARTESIAN_POINT('',(-9.59000000000001,-12.77,0.));
#2321=CARTESIAN_POINT('',(-9.59000000000001,-12.77,0.));
#2322=CARTESIAN_POINT('Origin',(-8.89000000000002,-12.77,0.));
#2323=CARTESIAN_POINT('Origin',(-16.51,-10.23,0.));
#2324=CARTESIAN_POINT('',(-17.21,-10.23,-1.6));
#2325=CARTESIAN_POINT('Origin',(-16.51,-10.23,-1.6));
#2326=CARTESIAN_POINT('',(-17.21,-10.23,0.));
#2327=CARTESIAN_POINT('',(-17.21,-10.23,0.));
#2328=CARTESIAN_POINT('Origin',(-16.51,-10.23,0.));
#2329=CARTESIAN_POINT('Origin',(-21.59,-12.77,0.));
#2330=CARTESIAN_POINT('',(-22.29,-12.77,-1.6));
#2331=CARTESIAN_POINT('Origin',(-21.59,-12.77,-1.6));
#2332=CARTESIAN_POINT('',(-22.29,-12.77,0.));
#2333=CARTESIAN_POINT('',(-22.29,-12.77,0.));
#2334=CARTESIAN_POINT('Origin',(-21.59,-12.77,0.));
#2335=CARTESIAN_POINT('Origin',(24.13,-12.77,0.));
#2336=CARTESIAN_POINT('',(23.43,-12.77,-1.6));
#2337=CARTESIAN_POINT('Origin',(24.13,-12.77,-1.6));
#2338=CARTESIAN_POINT('',(23.43,-12.77,0.));
#2339=CARTESIAN_POINT('',(23.43,-12.77,0.));
#2340=CARTESIAN_POINT('Origin',(24.13,-12.77,0.));
#2341=CARTESIAN_POINT('Origin',(13.97,-10.23,0.));
#2342=CARTESIAN_POINT('',(13.27,-10.23,-1.6));
#2343=CARTESIAN_POINT('Origin',(13.97,-10.23,-1.6));
#2344=CARTESIAN_POINT('',(13.27,-10.23,0.));
#2345=CARTESIAN_POINT('',(13.27,-10.23,0.));
#2346=CARTESIAN_POINT('Origin',(13.97,-10.23,0.));
#2347=CARTESIAN_POINT('Origin',(-21.59,-10.23,0.));
#2348=CARTESIAN_POINT('',(-22.29,-10.23,-1.6));
#2349=CARTESIAN_POINT('Origin',(-21.59,-10.23,-1.6));
#2350=CARTESIAN_POINT('',(-22.29,-10.23,0.));
#2351=CARTESIAN_POINT('',(-22.29,-10.23,0.));
#2352=CARTESIAN_POINT('Origin',(-21.59,-10.23,0.));
#2353=CARTESIAN_POINT('Origin',(11.43,-12.77,0.));
#2354=CARTESIAN_POINT('',(10.73,-12.77,-1.6));
#2355=CARTESIAN_POINT('Origin',(11.43,-12.77,-1.6));
#2356=CARTESIAN_POINT('',(10.73,-12.77,0.));
#2357=CARTESIAN_POINT('',(10.73,-12.77,0.));
#2358=CARTESIAN_POINT('Origin',(11.43,-12.77,0.));
#2359=CARTESIAN_POINT('Origin',(8.88999999999998,-10.23,0.));
#2360=CARTESIAN_POINT('',(8.18999999999999,-10.23,-1.6));
#2361=CARTESIAN_POINT('Origin',(8.88999999999998,-10.23,-1.6));
#2362=CARTESIAN_POINT('',(8.18999999999999,-10.23,0.));
#2363=CARTESIAN_POINT('',(8.18999999999999,-10.23,0.));
#2364=CARTESIAN_POINT('Origin',(8.88999999999998,-10.23,0.));
#2365=CARTESIAN_POINT('Origin',(19.05,-12.77,0.));
#2366=CARTESIAN_POINT('',(18.35,-12.77,-1.6));
#2367=CARTESIAN_POINT('Origin',(19.05,-12.77,-1.6));
#2368=CARTESIAN_POINT('',(18.35,-12.77,0.));
#2369=CARTESIAN_POINT('',(18.35,-12.77,0.));
#2370=CARTESIAN_POINT('Origin',(19.05,-12.77,0.));
#2371=CARTESIAN_POINT('Origin',(-24.13,-10.23,0.));
#2372=CARTESIAN_POINT('',(-24.83,-10.23,-1.6));
#2373=CARTESIAN_POINT('Origin',(-24.13,-10.23,-1.6));
#2374=CARTESIAN_POINT('',(-24.83,-10.23,0.));
#2375=CARTESIAN_POINT('',(-24.83,-10.23,0.));
#2376=CARTESIAN_POINT('Origin',(-24.13,-10.23,0.));
#2377=CARTESIAN_POINT('Origin',(24.13,-10.23,0.));
#2378=CARTESIAN_POINT('',(23.43,-10.23,-1.6));
#2379=CARTESIAN_POINT('Origin',(24.13,-10.23,-1.6));
#2380=CARTESIAN_POINT('',(23.43,-10.23,0.));
#2381=CARTESIAN_POINT('',(23.43,-10.23,0.));
#2382=CARTESIAN_POINT('Origin',(24.13,-10.23,0.));
#2383=CARTESIAN_POINT('Origin',(-29.,-11.5,0.));
#2384=CARTESIAN_POINT('',(-32.,-11.5,-1.6));
#2385=CARTESIAN_POINT('Origin',(-29.,-11.5,-1.6));
#2386=CARTESIAN_POINT('',(-32.,-11.5,0.));
#2387=CARTESIAN_POINT('',(-32.,-11.5,0.));
#2388=CARTESIAN_POINT('Origin',(-29.,-11.5,0.));
#2389=CARTESIAN_POINT('Origin',(-24.13,-12.77,0.));
#2390=CARTESIAN_POINT('',(-24.83,-12.77,-1.6));
#2391=CARTESIAN_POINT('Origin',(-24.13,-12.77,-1.6));
#2392=CARTESIAN_POINT('',(-24.83,-12.77,0.));
#2393=CARTESIAN_POINT('',(-24.83,-12.77,0.));
#2394=CARTESIAN_POINT('Origin',(-24.13,-12.77,0.));
#2395=CARTESIAN_POINT('Origin',(21.59,-12.77,0.));
#2396=CARTESIAN_POINT('',(20.89,-12.77,-1.6));
#2397=CARTESIAN_POINT('Origin',(21.59,-12.77,-1.6));
#2398=CARTESIAN_POINT('',(20.89,-12.77,0.));
#2399=CARTESIAN_POINT('',(20.89,-12.77,0.));
#2400=CARTESIAN_POINT('Origin',(21.59,-12.77,0.));
#2401=CARTESIAN_POINT('Origin',(29.5,-15.,0.));
#2402=CARTESIAN_POINT('',(29.5,-15.,0.));
#2403=CARTESIAN_POINT('',(-29.5,-15.,0.));
#2404=CARTESIAN_POINT('',(29.5,-15.,0.));
#2405=CARTESIAN_POINT('',(-29.5,-15.,-1.6));
#2406=CARTESIAN_POINT('',(-29.5,-15.,0.));
#2407=CARTESIAN_POINT('',(29.5,-15.,-1.6));
#2408=CARTESIAN_POINT('',(29.5,-15.,-1.6));
#2409=CARTESIAN_POINT('',(29.5,-15.,0.));
#2410=CARTESIAN_POINT('Origin',(29.5,-12.,0.));
#2411=CARTESIAN_POINT('',(32.5,-12.,0.));
#2412=CARTESIAN_POINT('Origin',(29.5,-12.,0.));
#2413=CARTESIAN_POINT('',(32.5,-12.,-1.6));
#2414=CARTESIAN_POINT('Origin',(29.5,-12.,-1.6));
#2415=CARTESIAN_POINT('',(32.5,-12.,0.));
#2416=CARTESIAN_POINT('Origin',(32.5,12.,0.));
#2417=CARTESIAN_POINT('',(32.5,12.,0.));
#2418=CARTESIAN_POINT('',(32.5,12.,0.));
#2419=CARTESIAN_POINT('',(32.5,12.,-1.6));
#2420=CARTESIAN_POINT('',(32.5,12.,-1.6));
#2421=CARTESIAN_POINT('',(32.5,12.,0.));
#2422=CARTESIAN_POINT('Origin',(29.5,12.,0.));
#2423=CARTESIAN_POINT('',(29.5,15.,0.));
#2424=CARTESIAN_POINT('Origin',(29.5,12.,0.));
#2425=CARTESIAN_POINT('',(29.5,15.,-1.6));
#2426=CARTESIAN_POINT('Origin',(29.5,12.,-1.6));
#2427=CARTESIAN_POINT('',(29.5,15.,0.));
#2428=CARTESIAN_POINT('Origin',(-29.5,15.,0.));
#2429=CARTESIAN_POINT('',(-29.5,15.,0.));
#2430=CARTESIAN_POINT('',(-29.5,15.,0.));
#2431=CARTESIAN_POINT('',(-29.5,15.,-1.6));
#2432=CARTESIAN_POINT('',(-29.5,15.,-1.6));
#2433=CARTESIAN_POINT('',(-29.5,15.,0.));
#2434=CARTESIAN_POINT('Origin',(-29.5,12.,0.));
#2435=CARTESIAN_POINT('',(-32.5,12.,0.));
#2436=CARTESIAN_POINT('Origin',(-29.5,12.,0.));
#2437=CARTESIAN_POINT('',(-32.5,12.,-1.6));
#2438=CARTESIAN_POINT('Origin',(-29.5,12.,-1.6));
#2439=CARTESIAN_POINT('',(-32.5,12.,0.));
#2440=CARTESIAN_POINT('Origin',(-32.5,-12.,0.));
#2441=CARTESIAN_POINT('',(-32.5,-12.,0.));
#2442=CARTESIAN_POINT('',(-32.5,-12.,0.));
#2443=CARTESIAN_POINT('',(-32.5,-12.,-1.6));
#2444=CARTESIAN_POINT('',(-32.5,-12.,-1.6));
#2445=CARTESIAN_POINT('',(-32.5,-12.,0.));
#2446=CARTESIAN_POINT('Origin',(-29.5,-12.,0.));
#2447=CARTESIAN_POINT('Origin',(-29.5,-12.,0.));
#2448=CARTESIAN_POINT('Origin',(-29.5,-12.,-1.6));
#2449=CARTESIAN_POINT('Origin',(-1.33226762955019E-14,2.22044604925031E-15,
0.));
#2450=CARTESIAN_POINT('Origin',(-1.33226762955019E-14,2.22044604925031E-15,
-1.6));
#2451=UNCERTAINTY_MEASURE_WITH_UNIT(LENGTH_MEASURE(0.01),#2455,
'DISTANCE_ACCURACY_VALUE',
'Maximum model space distance between geometric entities at asserted c
onnectivities');
#2452=UNCERTAINTY_MEASURE_WITH_UNIT(LENGTH_MEASURE(0.01),#2455,
'DISTANCE_ACCURACY_VALUE',
'Maximum model space distance between geometric entities at asserted c
onnectivities');
#2453=(
GEOMETRIC_REPRESENTATION_CONTEXT(3)
GLOBAL_UNCERTAINTY_ASSIGNED_CONTEXT((#2451))
GLOBAL_UNIT_ASSIGNED_CONTEXT((#2455,#2456,#2457))
REPRESENTATION_CONTEXT('','3D')
);
#2454=(
GEOMETRIC_REPRESENTATION_CONTEXT(3)
GLOBAL_UNCERTAINTY_ASSIGNED_CONTEXT((#2452))
GLOBAL_UNIT_ASSIGNED_CONTEXT((#2455,#2456,#2457))
REPRESENTATION_CONTEXT('','3D')
);
#2455=(
LENGTH_UNIT()
NAMED_UNIT(*)
SI_UNIT(.MILLI.,.METRE.)
);
#2456=(
NAMED_UNIT(*)
PLANE_ANGLE_UNIT()
SI_UNIT($,.RADIAN.)
);
#2457=(
NAMED_UNIT(*)
SI_UNIT($,.STERADIAN.)
SOLID_ANGLE_UNIT()
);
#2458=SHAPE_DEFINITION_REPRESENTATION(#2459,#2460);
#2459=PRODUCT_DEFINITION_SHAPE('',$,#2462);
#2460=SHAPE_REPRESENTATION('',(#1463),#2453);
#2461=PRODUCT_DEFINITION_CONTEXT('part definition',#2466,'design');
#2462=PRODUCT_DEFINITION('Raspberry Pi Zero 2 W','CapHat v3',#2463,#2461);
#2463=PRODUCT_DEFINITION_FORMATION('',$,#2468);
#2464=PRODUCT_RELATED_PRODUCT_CATEGORY('CapHat v3','CapHat v3',(#2468));
#2465=APPLICATION_PROTOCOL_DEFINITION('international standard',
'automotive_design',2009,#2466);
#2466=APPLICATION_CONTEXT(
'Core Data for Automotive Mechanical Design Process');
#2467=PRODUCT_CONTEXT('part definition',#2466,'mechanical');
#2468=PRODUCT('Raspberry Pi Zero 2 W','CapHat v3','STEP AP214',(#2467));
#2469=PRESENTATION_STYLE_ASSIGNMENT((#2470));
#2470=SURFACE_STYLE_USAGE(.BOTH.,#2471);
#2471=SURFACE_SIDE_STYLE('',(#2472));
#2472=SURFACE_STYLE_FILL_AREA(#2473);
#2473=FILL_AREA_STYLE('Steel - Satin',(#2474));
#2474=FILL_AREA_STYLE_COLOUR('Steel - Satin',#2475);
#2475=COLOUR_RGB('Steel - Satin',0.627450980392157,0.627450980392157,0.627450980392157);
ENDSEC;
END-ISO-10303-21;
